# Blender 4.1.1
# www.blender.org
mtllib Duwende-Punso.mtl
o Plane.001
v 3.022499 -0.453633 2.999949
v 3.018850 -0.453633 -2.984696
v -2.990498 -0.453634 2.965795
v -2.994147 -0.453634 -3.018850
v -2.328643 -0.249499 2.976824
v -1.451994 -0.239779 2.996035
v -0.907266 -0.225786 3.002602
v -0.543630 -0.157921 3.002271
v -0.179994 -0.097046 3.001939
v 0.183643 -0.155370 3.001607
v 0.547279 -0.116141 3.001275
v 0.910915 -0.192682 3.000944
v 1.460882 -0.245440 3.000612
v 2.352123 -0.249498 3.000280
v 3.022167 -0.204134 2.335253
v 3.021835 -0.203300 1.453795
v 3.021504 -0.125027 0.907266
v 3.021172 -0.155145 0.543630
v 3.020840 -0.070174 0.179994
v 3.020509 -0.105861 -0.183643
v 3.020177 -0.102413 -0.547279
v 3.019845 -0.185890 -0.910915
v 3.019513 -0.194018 -1.453911
v 3.019181 -0.204134 -2.325681
v 2.348474 -0.249498 -2.984364
v 1.457083 -0.235529 -2.984032
v 0.907266 -0.170953 -2.983701
v 0.543630 -0.214411 -2.983369
v 0.179994 -0.188580 -2.983037
v -0.183643 -0.161266 -2.982706
v -0.547279 -0.120265 -2.982374
v -0.910915 -0.218370 -2.982042
v -1.454749 -0.214904 -2.988575
v -2.332292 -0.249499 -3.007821
v -2.993815 -0.204136 -2.359835
v -2.993483 -0.169800 -1.487201
v -2.993151 -0.153327 -0.945069
v -2.992820 -0.085815 -0.581433
v -2.992488 -0.124251 -0.217796
v -2.992156 -0.122697 0.145840
v -2.991825 -0.121567 0.509476
v -2.991493 -0.142303 0.873112
v -2.991161 -0.169438 1.418656
v -2.990829 -0.204136 2.301099
v 2.347512 0.046760 2.331413
v 1.458743 0.046672 2.332451
v 0.910583 0.121561 2.328268
v 0.546947 0.236392 2.316507
v 0.183311 0.213117 2.310241
v -0.180325 0.316795 2.287050
v -0.543962 0.335136 2.230927
v -0.907598 0.230962 2.259389
v -1.443158 0.105935 2.314160
v -2.328785 0.009986 2.311944
v 2.348023 0.042858 1.452625
v 1.397578 0.406565 1.410372
v 0.910251 0.569622 1.448753
v 0.546615 0.629781 1.447452
v 0.182979 0.612174 1.416606
v -0.180657 0.788788 1.404095
v -0.544294 0.807845 1.388436
v -0.907930 0.532750 1.383855
v -1.431072 0.198625 1.422757
v -2.329278 0.038544 1.429456
v 2.318935 0.208804 0.907598
v 1.408120 0.655193 0.941931
v 0.909920 1.093570 0.979141
v 0.546283 1.212616 0.979473
v 0.182647 1.404139 0.979805
v -0.180989 1.413420 0.980137
v -0.544625 1.373696 0.980468
v -0.908261 1.134367 0.958961
v -1.406807 0.315310 0.905733
v -2.265666 0.249026 0.886578
v 2.253128 0.279160 0.543962
v 1.318416 0.948765 0.588278
v 0.909588 1.266257 0.615505
v 0.545952 1.331016 0.615837
v 0.182315 1.570557 0.616169
v -0.181321 1.447514 0.616500
v -0.544957 1.362490 0.616832
v -0.908593 1.174287 0.595528
v -1.366542 0.467387 0.546579
v -2.233593 0.314554 0.524176
v 2.288933 0.314762 0.180325
v 1.347390 0.786336 0.207326
v 0.909256 1.604156 0.251869
v 0.545620 1.418210 0.252201
v 0.181984 1.881226 0.252532
v -0.181653 1.999681 0.252864
v -0.545289 1.827907 0.253196
v -0.908925 0.927549 0.215057
v -1.312571 0.604566 0.185005
v -2.250214 0.291887 0.159920
v 2.282119 0.288712 -0.183311
v 1.310416 1.021017 -0.138603
v 0.908924 1.354626 -0.111767
v 0.545288 1.532218 -0.111435
v 0.181652 1.999681 -0.111104
v -0.181984 1.999681 -0.110772
v -0.545621 1.829957 -0.110440
v -0.909257 0.818439 -0.154564
v -1.343459 0.500096 -0.182608
v -2.279676 0.246318 -0.204826
v 2.266948 0.312809 -0.546947
v 1.359184 0.701181 -0.521369
v 0.908593 1.525934 -0.475403
v 0.544957 1.344384 -0.475072
v 0.181320 1.502485 -0.474740
v -0.182316 1.795593 -0.474408
v -0.545952 1.510363 -0.474077
v -0.909588 1.104764 -0.499064
v -1.330346 0.608118 -0.541410
v -2.269252 0.302056 -0.568053
v 2.321141 0.139776 -0.910583
v 1.348260 0.530877 -0.897207
v 0.908261 0.932422 -0.870974
v 0.544625 1.192273 -0.860865
v 0.180989 1.222278 -0.860867
v -0.182648 0.945929 -0.878800
v -0.546284 1.294923 -0.859562
v -0.909920 0.766165 -0.883641
v -1.379695 0.376658 -0.911973
v -2.319686 0.129355 -0.933598
v 2.332888 0.101463 -1.445490
v 1.424620 0.212885 -1.423079
v 0.907929 0.355071 -1.397532
v 0.544293 0.405036 -1.367531
v 0.180657 0.529948 -1.329751
v -0.182979 0.415498 -1.377158
v -0.546616 0.394417 -1.400606
v -0.910252 0.328190 -1.388062
v -1.436606 0.186458 -1.439196
v -2.328423 0.075379 -1.472460
v 2.348640 0.009241 -2.325189
v 1.442999 0.131077 -2.299659
v 0.907598 0.244585 -2.274446
v 0.543961 0.228855 -2.256638
v 0.180325 0.300614 -2.222489
v -0.183311 0.306002 -2.239024
v -0.546947 0.202746 -2.313277
v -0.910583 0.115465 -2.309783
v -1.440575 0.135462 -2.310149
v -2.331035 0.022088 -2.347856
v -1.000000 0.000000 1.000000
v 1.000000 -0.000000 1.000000
v -1.000000 0.000000 -1.000000
v 1.000000 0.000000 -1.000000
v -3.994887 -0.495789 3.962651
v -3.994887 0.110200 3.962651
v -3.994887 -0.495789 -3.985333
v -3.994887 0.110200 -3.985333
v 3.994887 -0.495788 3.962651
v 3.994887 0.110200 3.962651
v 3.994887 -0.495788 -3.985333
v 3.994887 0.110200 -3.985333
vn -0.2837 0.8920 -0.3520
vn -0.2882 0.8943 0.3424
vn -0.3041 0.9520 0.0343
vn -0.3930 0.9029 0.1743
vn -0.4865 0.8698 0.0821
vn -0.4930 0.8699 -0.0170
vn -0.4741 0.8797 -0.0375
vn -0.4658 0.8784 0.1073
vn -0.4143 0.8726 -0.2586
vn -0.3653 0.9291 -0.0575
vn -0.3334 0.9416 -0.0466
vn 0.2981 0.8838 0.3606
vn 0.0024 0.9153 0.4028
vn 0.1039 0.9063 0.4097
vn 0.2235 0.8749 0.4296
vn -0.0797 0.8830 0.4627
vn 0.1766 0.8602 0.4785
vn -0.0895 0.8502 0.5188
vn -0.1765 0.8338 0.5230
vn -0.0899 0.8681 0.4883
vn -0.0596 0.9107 0.4088
vn 0.3459 0.9383 -0.0016
vn 0.1866 0.9650 0.1845
vn 0.2182 0.8932 0.3931
vn 0.2046 0.8821 0.4244
vn -0.0720 0.9097 0.4090
vn 0.3086 0.8541 0.4186
vn -0.0023 0.8771 0.4802
vn -0.4193 0.8276 0.3732
vn -0.3750 0.9053 0.1996
vn -0.1416 0.9877 0.0666
vn 0.3810 0.9044 0.1921
vn 0.3733 0.8610 0.3454
vn 0.4602 0.6828 0.5674
vn 0.1563 0.6385 0.7536
vn 0.0960 0.5472 0.8315
vn 0.1176 0.5157 0.8486
vn -0.0335 0.5725 0.8192
vn -0.4026 0.5314 0.7453
vn -0.6764 0.5939 0.4357
vn -0.1245 0.9509 0.2832
vn 0.4630 0.8863 0.0069
vn 0.5027 0.8100 0.3020
vn 0.6085 0.6981 0.3774
vn 0.2288 0.9039 0.3616
vn 0.4835 0.8152 0.3188
vn -0.1489 0.9533 0.2630
vn -0.1689 0.9851 0.0312
vn -0.5080 0.8607 0.0345
vn -0.8464 0.5244 0.0926
vn -0.1276 0.9530 0.2746
vn 0.4727 0.8653 0.1665
vn 0.5142 0.8518 -0.1003
vn 0.7952 0.5826 0.1679
vn -0.1419 0.8545 0.4996
vn 0.6469 0.6693 0.3655
vn -0.0034 0.6445 0.7646
vn -0.2004 0.5696 0.7971
vn -0.8248 0.5423 0.1601
vn -0.7528 0.6412 -0.1491
vn -0.2508 0.9581 0.1383
vn 0.4669 0.8807 -0.0794
vn 0.5263 0.8240 0.2098
vn 0.8052 0.5905 -0.0547
vn -0.0115 0.9830 -0.1832
vn 0.7732 0.6042 0.1924
vn 0.1589 0.9745 0.1586
vn -0.4250 0.9052 0.0029
vn -0.9327 0.3570 -0.0513
vn -0.5864 0.7844 -0.2024
vn -0.2812 0.9444 -0.1703
vn 0.4770 0.8786 0.0231
vn 0.4794 0.8231 -0.3045
vn 0.8018 0.5939 -0.0662
vn -0.0055 0.9997 -0.0227
vn 0.5302 0.6170 -0.5816
vn 0.2780 0.6913 -0.6669
vn -0.4531 0.7236 -0.5206
vn -0.8891 0.4573 -0.0207
vn -0.6594 0.6608 0.3585
vn -0.2850 0.9368 0.2032
vn 0.4375 0.8577 -0.2701
vn 0.3478 0.8580 -0.3780
vn 0.6737 0.5202 -0.5249
vn 0.0678 0.7218 -0.6888
vn 0.2199 0.8510 -0.4768
vn 0.0330 0.5729 -0.8189
vn 0.0306 0.5954 -0.8029
vn -0.7085 0.5731 -0.4117
vn -0.6114 0.6504 -0.4508
vn -0.2431 0.8638 -0.4413
vn 0.4087 0.9120 -0.0350
vn 0.2418 0.9257 -0.2909
vn 0.3769 0.7188 -0.5842
vn 0.2085 0.5903 -0.7798
vn 0.0737 0.5489 -0.8326
vn -0.2543 0.6001 -0.7584
vn 0.2603 0.5674 -0.7812
vn -0.4409 0.5526 -0.7072
vn -0.3879 0.7967 -0.4636
vn -0.1817 0.9609 -0.2089
vn 0.3503 0.9352 -0.0516
vn 0.1245 0.9876 -0.0954
vn 0.2302 0.9676 -0.1037
vn 0.0359 0.9864 -0.1601
vn 0.2350 0.9478 -0.2158
vn -0.1295 0.9736 -0.1880
vn -0.1445 0.9756 -0.1655
vn -0.2063 0.9556 -0.2106
vn -0.1063 0.9838 -0.1445
vn -0.1224 0.9907 -0.0587
vn 0.2788 0.8960 -0.3456
vn 0.0623 0.9051 -0.4206
vn 0.1306 0.8651 -0.4842
vn -0.0824 0.8553 -0.5115
vn 0.0882 0.8439 -0.5292
vn 0.0498 0.8428 -0.5359
vn -0.0251 0.8725 -0.4880
vn -0.2253 0.8751 -0.4284
vn 0.0224 0.8918 -0.4520
vn -0.0622 0.9054 -0.4200
vn -0.0000 1.0000 -0.0000
vn -1.0000 -0.0000 -0.0000
vn -0.0000 -0.0000 -1.0000
vn 1.0000 -0.0000 -0.0000
vn -0.0000 -0.0000 1.0000
vn -0.0000 -1.0000 -0.0000
vt 0.909091 0.909091
vt 1.000000 0.909091
vt 1.000000 1.000000
vt 0.909091 1.000000
vt 0.000000 0.909091
vt 0.090909 0.909091
vt 0.090909 1.000000
vt 0.000000 1.000000
vt 0.181818 0.909091
vt 0.181818 1.000000
vt 0.272727 0.909091
vt 0.272727 1.000000
vt 0.363636 0.909091
vt 0.363636 1.000000
vt 0.454545 0.909091
vt 0.454545 1.000000
vt 0.545455 0.909091
vt 0.545455 1.000000
vt 0.636364 0.909091
vt 0.636364 1.000000
vt 0.727273 0.909091
vt 0.727273 1.000000
vt 0.818182 0.909091
vt 0.818182 1.000000
vt 0.000000 0.000000
vt 0.090909 0.000000
vt 0.090909 0.090909
vt 0.000000 0.090909
vt 0.090909 0.181818
vt 0.000000 0.181818
vt 0.090909 0.272727
vt 0.000000 0.272727
vt 0.090909 0.363636
vt 0.000000 0.363636
vt 0.090909 0.454545
vt 0.000000 0.454545
vt 0.090909 0.545455
vt 0.000000 0.545455
vt 0.090909 0.636364
vt 0.000000 0.636364
vt 0.090909 0.727273
vt 0.000000 0.727273
vt 0.090909 0.818182
vt 0.000000 0.818182
vt 0.181818 0.000000
vt 0.181818 0.090909
vt 0.181818 0.181818
vt 0.181818 0.272727
vt 0.181818 0.363636
vt 0.181818 0.454545
vt 0.181818 0.545455
vt 0.181818 0.636364
vt 0.181818 0.727273
vt 0.181818 0.818182
vt 0.272727 0.000000
vt 0.272727 0.090909
vt 0.272727 0.181818
vt 0.272727 0.272727
vt 0.272727 0.363636
vt 0.272727 0.454545
vt 0.272727 0.545455
vt 0.272727 0.636364
vt 0.272727 0.727273
vt 0.272727 0.818182
vt 0.363636 0.000000
vt 0.363636 0.090909
vt 0.363636 0.181818
vt 0.363636 0.272727
vt 0.363636 0.363636
vt 0.363636 0.454545
vt 0.363636 0.545455
vt 0.363636 0.636364
vt 0.363636 0.727273
vt 0.363636 0.818182
vt 0.454545 0.000000
vt 0.454545 0.090909
vt 0.454545 0.181818
vt 0.454545 0.272727
vt 0.454545 0.363636
vt 0.454545 0.454545
vt 0.454545 0.545455
vt 0.454545 0.636364
vt 0.454545 0.727273
vt 0.454545 0.818182
vt 0.545455 0.000000
vt 0.545455 0.090909
vt 0.545455 0.181818
vt 0.545455 0.272727
vt 0.545455 0.363636
vt 0.545455 0.454545
vt 0.545455 0.545455
vt 0.545455 0.636364
vt 0.545455 0.727273
vt 0.545455 0.818182
vt 0.636364 0.000000
vt 0.636364 0.090909
vt 0.636364 0.181818
vt 0.636364 0.272727
vt 0.636364 0.363636
vt 0.636364 0.454545
vt 0.636364 0.545455
vt 0.636364 0.636364
vt 0.636364 0.727273
vt 0.636364 0.818182
vt 0.727273 0.000000
vt 0.727273 0.090909
vt 0.727273 0.181818
vt 0.727273 0.272727
vt 0.727273 0.363636
vt 0.727273 0.454545
vt 0.727273 0.545455
vt 0.727273 0.636364
vt 0.727273 0.727273
vt 0.727273 0.818182
vt 0.818182 0.000000
vt 0.818182 0.090909
vt 0.818182 0.181818
vt 0.818182 0.272727
vt 0.818182 0.363636
vt 0.818182 0.454545
vt 0.818182 0.545455
vt 0.818182 0.636364
vt 0.818182 0.727273
vt 0.818182 0.818182
vt 0.909091 0.000000
vt 0.909091 0.090909
vt 0.909091 0.181818
vt 0.909091 0.272727
vt 0.909091 0.363636
vt 0.909091 0.454545
vt 0.909091 0.545455
vt 0.909091 0.636364
vt 0.909091 0.727273
vt 0.909091 0.818182
vt 1.000000 0.000000
vt 1.000000 0.090909
vt 1.000000 0.181818
vt 1.000000 0.272727
vt 1.000000 0.363636
vt 1.000000 0.454545
vt 1.000000 0.545455
vt 1.000000 0.636364
vt 1.000000 0.727273
vt 1.000000 0.818182
vt 0.375000 0.000000
vt 0.625000 0.000000
vt 0.625000 0.250000
vt 0.375000 0.250000
vt 0.625000 0.500000
vt 0.375000 0.500000
vt 0.625000 0.750000
vt 0.375000 0.750000
vt 0.625000 1.000000
vt 0.375000 1.000000
vt 0.125000 0.500000
vt 0.125000 0.750000
vt 0.875000 0.500000
vt 0.875000 0.750000
s 1
usemtl Material.001
f 144/1/1 34/2/1 4/3/1 35/4/1
f 5/5/2 54/6/2 44/7/2 3/8/2
f 54/6/3 64/9/3 43/10/3 44/7/3
f 64/9/4 74/11/4 42/12/4 43/10/4
f 74/11/5 84/13/5 41/14/5 42/12/5
f 84/13/6 94/15/6 40/16/6 41/14/6
f 94/15/7 104/17/7 39/18/7 40/16/7
f 104/17/8 114/19/8 38/20/8 39/18/8
f 114/19/9 124/21/9 37/22/9 38/20/9
f 124/21/10 134/23/10 36/24/10 37/22/10
f 134/23/11 144/1/11 35/4/11 36/24/11
f 1/25/12 15/26/12 45/27/12 14/28/12
f 14/28/13 45/27/13 46/29/13 13/30/13
f 13/30/14 46/29/14 47/31/14 12/32/14
f 12/32/15 47/31/15 48/33/15 11/34/15
f 11/34/16 48/33/16 49/35/16 10/36/16
f 10/36/17 49/35/17 50/37/17 9/38/17
f 9/38/18 50/37/18 51/39/18 8/40/18
f 8/40/19 51/39/19 52/41/19 7/42/19
f 7/42/20 52/41/20 53/43/20 6/44/20
f 6/44/21 53/43/21 54/6/21 5/5/21
f 15/26/22 16/45/22 55/46/22 45/27/22
f 45/27/23 55/46/23 56/47/23 46/29/23
f 46/29/24 56/47/24 57/48/24 47/31/24
f 47/31/25 57/48/25 58/49/25 48/33/25
f 48/33/26 58/49/26 59/50/26 49/35/26
f 49/35/27 59/50/27 60/51/27 50/37/27
f 50/37/28 60/51/28 61/52/28 51/39/28
f 51/39/29 61/52/29 62/53/29 52/41/29
f 52/41/30 62/53/30 63/54/30 53/43/30
f 53/43/31 63/54/31 64/9/31 54/6/31
f 16/45/32 17/55/32 65/56/32 55/46/32
f 55/46/33 65/56/33 66/57/33 56/47/33
f 56/47/34 66/57/34 67/58/34 57/48/34
f 57/48/35 67/58/35 68/59/35 58/49/35
f 58/49/36 68/59/36 69/60/36 59/50/36
f 59/50/37 69/60/37 70/61/37 60/51/37
f 60/51/38 70/61/38 71/62/38 61/52/38
f 61/52/39 71/62/39 72/63/39 62/53/39
f 62/53/40 72/63/40 73/64/40 63/54/40
f 63/54/41 73/64/41 74/11/41 64/9/41
f 17/55/42 18/65/42 75/66/42 65/56/42
f 65/56/43 75/66/43 76/67/43 66/57/43
f 66/57/44 76/67/44 77/68/44 67/58/44
f 67/58/45 77/68/45 78/69/45 68/59/45
f 68/59/46 78/69/46 79/70/46 69/60/46
f 69/60/47 79/70/47 80/71/47 70/61/47
f 70/61/48 80/71/48 81/72/48 71/62/48
f 71/62/49 81/72/49 82/73/49 72/63/49
f 72/63/50 82/73/50 83/74/50 73/64/50
f 73/64/51 83/74/51 84/13/51 74/11/51
f 18/65/52 19/75/52 85/76/52 75/66/52
f 75/66/53 85/76/53 86/77/53 76/67/53
f 76/67/54 86/77/54 87/78/54 77/68/54
f 77/68/55 87/78/55 88/79/55 78/69/55
f 78/69/56 88/79/56 89/80/56 79/70/56
f 79/70/57 89/80/57 90/81/57 80/71/57
f 80/71/58 90/81/58 91/82/58 81/72/58
f 81/72/59 91/82/59 92/83/59 82/73/59
f 82/73/60 92/83/60 93/84/60 83/74/60
f 83/74/61 93/84/61 94/15/61 84/13/61
f 19/75/62 20/85/62 95/86/62 85/76/62
f 85/76/63 95/86/63 96/87/63 86/77/63
f 86/77/64 96/87/64 97/88/64 87/78/64
f 87/78/65 97/88/65 98/89/65 88/79/65
f 88/79/66 98/89/66 99/90/66 89/80/66
f 89/80/67 99/90/67 100/91/67 90/81/67
f 90/81/68 100/91/68 101/92/68 91/82/68
f 91/82/69 101/92/69 102/93/69 92/83/69
f 92/83/70 102/93/70 103/94/70 93/84/70
f 93/84/71 103/94/71 104/17/71 94/15/71
f 20/85/72 21/95/72 105/96/72 95/86/72
f 95/86/73 105/96/73 106/97/73 96/87/73
f 96/87/74 106/97/74 107/98/74 97/88/74
f 97/88/75 107/98/75 108/99/75 98/89/75
f 98/89/76 108/99/76 109/100/76 99/90/76
f 99/90/77 109/100/77 110/101/77 100/91/77
f 100/91/78 110/101/78 111/102/78 101/92/78
f 101/92/79 111/102/79 112/103/79 102/93/79
f 102/93/80 112/103/80 113/104/80 103/94/80
f 103/94/81 113/104/81 114/19/81 104/17/81
f 21/95/82 22/105/82 115/106/82 105/96/82
f 105/96/83 115/106/83 116/107/83 106/97/83
f 106/97/84 116/107/84 117/108/84 107/98/84
f 107/98/85 117/108/85 118/109/85 108/99/85
f 108/99/86 118/109/86 119/110/86 109/100/86
f 109/100/87 119/110/87 120/111/87 110/101/87
f 110/101/88 120/111/88 121/112/88 111/102/88
f 111/102/89 121/112/89 122/113/89 112/103/89
f 112/103/90 122/113/90 123/114/90 113/104/90
f 113/104/91 123/114/91 124/21/91 114/19/91
f 22/105/92 23/115/92 125/116/92 115/106/92
f 115/106/93 125/116/93 126/117/93 116/107/93
f 116/107/94 126/117/94 127/118/94 117/108/94
f 117/108/95 127/118/95 128/119/95 118/109/95
f 118/109/96 128/119/96 129/120/96 119/110/96
f 119/110/97 129/120/97 130/121/97 120/111/97
f 120/111/98 130/121/98 131/122/98 121/112/98
f 121/112/99 131/122/99 132/123/99 122/113/99
f 122/113/100 132/123/100 133/124/100 123/114/100
f 123/114/101 133/124/101 134/23/101 124/21/101
f 23/115/102 24/125/102 135/126/102 125/116/102
f 125/116/103 135/126/103 136/127/103 126/117/103
f 126/117/104 136/127/104 137/128/104 127/118/104
f 127/118/105 137/128/105 138/129/105 128/119/105
f 128/119/106 138/129/106 139/130/106 129/120/106
f 129/120/107 139/130/107 140/131/107 130/121/107
f 130/121/108 140/131/108 141/132/108 131/122/108
f 131/122/109 141/132/109 142/133/109 132/123/109
f 132/123/110 142/133/110 143/134/110 133/124/110
f 133/124/111 143/134/111 144/1/111 134/23/111
f 24/125/112 2/135/112 25/136/112 135/126/112
f 135/126/113 25/136/113 26/137/113 136/127/113
f 136/127/114 26/137/114 27/138/114 137/128/114
f 137/128/115 27/138/115 28/139/115 138/129/115
f 138/129/116 28/139/116 29/140/116 139/130/116
f 139/130/117 29/140/117 30/141/117 140/131/117
f 140/131/118 30/141/118 31/142/118 141/132/118
f 141/132/119 31/142/119 32/143/119 142/133/119
f 142/133/120 32/143/120 33/144/120 143/134/120
f 143/134/121 33/144/121 34/2/121 144/1/121
s 0
f 145/25/122 146/135/122 148/3/122 147/8/122
f 149/145/123 150/146/123 152/147/123 151/148/123
f 151/148/124 152/147/124 156/149/124 155/150/124
f 155/150/125 156/149/125 154/151/125 153/152/125
f 153/152/126 154/151/126 150/153/126 149/154/126
f 151/155/127 155/150/127 153/152/127 149/156/127
f 156/149/122 152/157/122 150/158/122 154/151/122
o Stone_average_01
v 1.306443 0.650655 1.030264
v 1.262176 0.605682 1.314547
v 1.114450 0.709112 1.197307
v 1.154732 0.670881 0.988474
v 1.295701 0.691883 1.300247
v 1.132139 0.740405 1.084388
v 1.214227 0.711412 1.313816
v 1.180571 0.732998 1.263365
v 1.245053 0.708900 0.985886
v 1.368346 0.574594 1.162187
v 1.334272 0.732611 1.130895
v 1.204061 0.752377 1.024114
v 1.165241 0.744388 1.035138
v 1.254954 0.610065 1.158608
v 1.261839 0.663891 1.333128
v 1.148440 0.745574 1.204067
v 1.136384 0.705571 1.022344
v 1.290136 0.615194 1.021850
v 1.291836 0.750346 1.162048
v 1.348388 0.699447 1.119789
v 1.361180 0.610595 1.124811
v 1.175387 0.709471 0.984525
v 1.198933 0.644059 1.330593
v 1.341798 0.557366 1.251707
v 1.245018 0.616094 0.990604
v 1.184721 0.652683 0.975215
v 1.120981 0.691362 1.048845
v 1.319636 0.570814 1.286147
v 1.356917 0.548191 1.183021
v 1.160887 0.667146 1.147939
v 1.130563 0.685548 1.249522
v 1.101853 0.702969 1.139232
v 1.324561 0.567826 1.088727
v 1.356311 0.681896 1.238914
v 1.179464 0.770588 1.115578
v 1.374810 0.664645 1.164384
v 1.308504 0.689105 1.035560
v 1.269301 0.763322 1.087391
v 1.264063 0.734382 1.019041
v 1.187713 0.762450 1.188322
v 1.256662 0.695748 1.322768
v 1.337669 0.725414 1.185778
v 1.377732 0.642574 1.203640
v 1.244633 0.665609 0.975135
v 1.202697 0.692211 0.970801
v 1.125600 0.738246 1.142600
v 1.220922 0.671123 1.337682
v 1.354805 0.632980 1.264971
v 1.371144 0.590956 1.221163
v 1.166272 0.690203 1.300219
vn -0.5188 -0.8549 -0.0000
vn 0.7157 0.5418 -0.4407
vn 0.9671 -0.0634 -0.2465
vn 0.8813 0.4361 -0.1819
vn 0.8923 0.0977 -0.4407
vn 0.8691 0.0215 -0.4941
vn 0.5829 0.7312 -0.3543
vn 0.1645 0.7342 -0.6587
vn 0.2333 0.8889 -0.3943
vn 0.1956 0.9147 0.3535
vn -0.3419 0.9288 0.1427
vn -0.2570 0.9077 0.3318
vn 0.2700 0.9105 0.3132
vn 0.5386 0.7346 0.4127
vn 0.9145 0.1679 0.3681
vn 0.9913 -0.0684 -0.1123
vn 0.8001 -0.2113 -0.5615
vn 0.8273 -0.3169 -0.4639
vn 0.7955 -0.2331 -0.5593
vn 0.2442 0.2315 -0.9417
vn 0.6730 0.0654 -0.7368
vn 0.6405 0.1792 -0.7467
vn -0.8242 0.5617 -0.0718
vn -0.7351 0.6490 0.1958
vn 0.0071 0.5105 0.8598
vn -0.4127 0.4125 0.8121
vn 0.1617 0.3289 0.9304
vn 0.6175 0.1581 0.7705
vn 0.4949 0.3404 0.7995
vn 0.7942 -0.2626 0.5481
vn 0.1303 0.9849 0.1139
vn 0.8302 -0.4986 0.2493
vn 0.9315 -0.3594 0.0555
vn 0.6450 -0.1175 -0.7551
vn 0.4441 -0.6073 -0.6587
vn -0.8955 0.3761 -0.2378
vn -0.8679 0.4055 -0.2870
vn -0.8694 0.0220 -0.4935
vn -0.6927 0.5620 0.4521
vn 0.2763 -0.2908 0.9160
vn 0.7111 -0.5987 -0.3687
vn -0.9614 -0.1582 0.2253
vn 0.6996 0.3190 0.6394
vn -0.4221 0.8813 -0.2124
vn -0.2641 0.9299 -0.2562
vn 0.0197 0.9816 -0.1901
vn 0.6403 0.3862 -0.6640
vn 0.4396 0.8937 0.0900
vn 0.8919 0.1175 -0.4367
vn 0.7734 0.4712 -0.4241
vn 0.4075 0.9125 0.0356
vn 0.2944 0.8831 0.3653
vn 0.0431 0.9286 0.3686
vn 0.8611 0.5047 0.0613
vn 0.0476 -0.2266 -0.9728
vn 0.9171 0.3728 0.1413
vn -0.3789 0.0887 -0.9212
vn 0.0201 0.6628 -0.7485
vn -0.6801 0.2954 -0.6710
vn -0.3190 0.7490 -0.5807
vn -0.5822 0.6100 -0.5375
vn -0.5030 0.8637 0.0312
vn -0.8287 0.5462 0.1220
vn 0.0565 -0.3009 0.9520
vn -0.4605 0.6626 0.5907
vn -0.5081 0.1929 0.8394
vn 0.7972 -0.1697 0.5793
vn 0.9914 -0.1302 -0.0109
vn 0.9367 -0.0007 0.3501
vn 0.5486 -0.2454 -0.7992
vn -0.6683 0.6282 -0.3984
vn -0.7184 0.5235 0.4580
vn -0.6297 0.6169 0.4721
vn -0.7957 -0.1832 0.5773
vn 0.5795 -0.0507 0.8134
vt 0.933406 0.513520
vt 0.958970 0.513520
vt 0.960454 0.513520
vt 0.939638 0.513520
vt 0.956928 0.513519
vt 0.973275 0.513520
vt 0.944536 0.513519
vt 0.959809 0.818811
vt 0.949007 0.868925
vt 0.959714 0.980692
vt 0.974877 0.691409
vt 0.971998 0.861993
vt 0.979235 0.604772
vt 0.964857 0.913365
vt 0.963004 0.710144
vt 0.947156 0.956840
vt 0.938354 0.818519
vt 0.948474 0.767602
vt 0.951724 0.958751
vt 0.934981 0.818940
vt 0.951417 0.750886
vt 0.930620 0.707515
vt 0.933000 0.827511
vt 0.936592 0.726461
vt 0.943615 0.723279
vt 0.967647 0.878483
vt 0.960881 0.966637
vt 0.957633 0.805148
vt 0.974449 0.806432
vt 0.971880 0.742091
vt 0.963787 0.585995
vt 0.952357 0.648410
vt 0.943633 0.651572
vt 0.927506 0.513520
vt 0.927857 0.649519
vt 0.928643 0.666291
vt 0.928838 0.551257
vt 0.948293 0.624121
vt 0.938345 0.585572
vt 0.955098 0.672287
vt 0.972263 0.513520
vt 0.978164 0.654202
vt 0.976818 0.513520
vt 0.979925 0.513520
vt 0.931437 0.513519
vt 0.932455 0.577996
vt 0.938373 0.513519
vt 0.947457 0.513520
vt 0.933252 0.732174
vt 0.937958 0.653453
s 1
usemtl Material.006
f 187/159/128 170/160/128 158/161/128
f 170/160/128 187/159/128 186/162/128
f 181/163/128 189/164/128 182/165/128
f 193/166/129 195/167/129 167/168/129
f 177/169/130 192/170/130 166/171/130
f 176/172/131 167/168/131 192/170/131
f 177/169/132 193/166/132 192/170/132
f 157/173/133 193/166/133 177/169/133
f 195/167/134 194/174/134 167/168/134
f 168/175/135 195/167/135 165/176/135
f 195/167/136 168/175/136 194/174/136
f 175/177/137 196/178/137 197/179/137
f 172/180/138 196/178/138 191/181/138
f 164/182/139 196/178/139 172/180/139
f 197/179/140 196/178/140 163/183/140
f 190/184/141 198/185/141 161/186/141
f 199/187/142 190/184/142 204/188/142
f 192/170/143 199/187/143 166/171/143
f 174/189/144 177/169/144 189/164/144
f 189/164/145 177/169/145 166/171/145
f 174/189/146 157/173/146 177/169/146
f 165/176/147 200/190/147 201/191/147
f 200/190/148 193/166/148 157/173/148
f 200/190/149 165/176/149 193/166/149
f 188/192/150 202/193/150 162/194/150
f 202/193/151 159/195/151 172/180/151
f 163/183/152 203/196/152 197/179/152
f 203/196/153 163/183/153 206/197/153
f 197/179/154 203/196/154 171/198/154
f 161/186/155 171/198/155 204/188/155
f 197/179/156 171/198/156 161/186/156
f 204/188/157 184/199/157 205/200/157
f 175/177/158 194/174/158 191/181/158 196/178/158
f 205/200/159 180/201/159 185/202/159
f 166/171/160 205/200/160 185/202/160
f 157/173/161 174/189/161 200/190/161
f 181/163/162 174/189/162 189/164/162
f 162/194/163 183/203/163 188/192/163
f 162/194/164 173/204/164 183/203/164
f 183/203/165 173/204/165 160/205/165
f 206/197/166 172/180/166 159/195/166
f 158/161/128 179/206/128 187/159/128
f 184/199/167 171/198/167 158/161/167
f 166/171/168 185/202/168 189/164/168
f 186/162/128 187/159/128 188/192/128
f 182/165/128 189/164/128 180/201/128
f 170/160/128 182/165/128 180/201/128
f 159/195/169 188/192/169 187/159/169
f 183/203/128 160/205/128 182/165/128
f 204/188/170 190/184/170 161/186/170
f 162/194/171 191/181/171 169/207/171
f 169/207/172 191/181/172 168/175/172
f 194/174/173 168/175/173 191/181/173
f 193/166/174 165/176/174 195/167/174
f 175/177/175 198/185/175 167/168/175
f 192/170/176 193/166/176 176/172/176
f 167/168/177 176/172/177 193/166/177
f 167/168/178 194/174/178 175/177/178
f 175/177/179 197/179/179 161/186/179 198/185/179
f 164/182/180 163/183/180 196/178/180
f 190/184/181 192/170/181 167/168/181 198/185/181
f 200/190/182 181/163/182 182/165/182 201/191/182
f 190/184/183 199/187/183 192/170/183
f 182/165/184 160/205/184 178/208/184 201/191/184
f 168/175/185 165/176/185 201/191/185 178/208/185
f 160/205/186 173/204/186 178/208/186
f 168/175/187 178/208/187 169/207/187
f 169/207/188 178/208/188 173/204/188
f 202/193/189 172/180/189 191/181/189 162/194/189
f 159/195/190 202/193/190 188/192/190
f 179/206/191 158/161/191 171/198/191 203/196/191
f 206/197/192 163/183/192 164/182/192
f 179/206/193 203/196/193 206/197/193
f 205/200/194 184/199/194 180/201/194
f 199/187/195 205/200/195 166/171/195
f 204/188/196 205/200/196 199/187/196
f 181/163/197 200/190/197 174/189/197
f 169/207/198 173/204/198 162/194/198
f 187/159/199 206/197/199 159/195/199
f 164/182/200 172/180/200 206/197/200
f 206/197/201 187/159/201 179/206/201
f 204/188/202 171/198/202 184/199/202
f 184/199/128 158/161/128 180/201/128
f 180/201/128 189/164/128 185/202/128
f 186/162/128 182/165/128 170/160/128
f 183/203/128 182/165/128 186/162/128
f 188/192/128 183/203/128 186/162/128
f 180/201/128 158/161/128 170/160/128
o Stone_average_01_mossy
v -1.673589 0.141821 -2.653481
v -1.688102 0.080409 -2.369198
v -1.868052 0.092195 -2.486439
v -1.813781 0.080409 -2.695271
v -1.704160 0.171494 -2.383497
v -1.869163 0.128124 -2.599357
v -1.756288 0.159767 -2.697859
v -1.581209 0.108910 -2.521558
v -1.692314 0.226323 -2.552850
v -1.813887 0.175671 -2.659631
v -1.842930 0.148702 -2.648607
v -1.696550 0.080409 -2.525137
v -1.718588 0.129997 -2.350616
v -1.857909 0.141000 -2.479678
v -1.847463 0.100547 -2.661401
v -1.669134 0.103045 -2.661895
v -1.737794 0.219470 -2.521697
v -1.663042 0.205294 -2.563956
v -1.606012 0.135970 -2.558934
v -1.816143 0.124115 -2.699220
v -1.762078 0.080409 -2.353152
v -1.594967 0.080409 -2.432038
v -1.708173 0.080409 -2.693141
v -1.778702 0.080409 -2.708530
v -1.853260 0.080409 -2.634900
v -1.620891 0.080409 -2.397598
v -1.577282 0.080409 -2.500724
v -1.806581 0.080409 -2.535806
v -1.842052 0.080409 -2.434222
v -1.875635 0.080409 -2.544513
v -1.615130 0.080409 -2.595018
v -1.647163 0.194400 -2.444831
v -1.844363 0.178479 -2.568167
v -1.622399 0.189249 -2.519361
v -1.691774 0.175762 -2.648185
v -1.763791 0.218873 -2.596354
v -1.753256 0.191414 -2.664704
v -1.833089 0.175802 -2.495423
v -1.739541 0.154546 -2.360977
v -1.685676 0.221933 -2.497967
v -1.734189 0.122540 -2.708610
v -1.783841 0.123527 -2.712943
v -1.873634 0.122886 -2.541145
v -1.623075 0.151799 -2.418773
v -1.587305 0.124349 -2.462582
v -1.813939 0.102913 -2.383526
v -1.733499 0.122868 -2.710672
v -1.672155 0.142800 -2.654831
v -1.784981 0.147235 -2.368499
v -1.825455 0.148115 -2.419363
v -1.755589 0.160851 -2.699640
v -1.690630 0.177123 -2.649480
v -1.604195 0.136800 -2.559855
v -1.579224 0.109704 -2.522074
v -1.620839 0.190779 -2.519600
v -1.692053 0.228503 -2.552969
v -1.844874 0.149418 -2.649344
v -1.849436 0.100965 -2.662277
v -1.606710 0.173208 -2.479814
v -1.621716 0.153089 -2.417621
v -1.703271 0.172626 -2.381835
v -1.859648 0.142231 -2.479136
v -1.845932 0.180018 -2.568090
v -1.684964 0.224007 -2.497809
v -1.738289 0.221605 -2.521517
v -1.752588 0.193127 -2.665910
v -1.834447 0.177474 -2.494980
v -1.739615 0.155834 -2.359196
v -1.645918 0.196031 -2.444040
v -1.613340 0.080778 -2.596240
v -1.778904 0.080074 -2.710694
v -1.814595 0.080143 -2.697297
v -1.816956 0.123850 -2.701246
v -1.877262 0.079014 -2.544017
v -1.869756 0.090924 -2.485877
v -1.757734 0.115071 -2.343907
v -1.815516 0.102608 -2.382024
v -1.762598 0.079881 -2.351081
v -1.718093 0.130398 -2.348512
v -1.687372 0.080092 -2.367148
v -1.620039 0.080177 -2.395583
v -1.843975 0.080246 -2.433169
v -1.871089 0.129113 -2.599741
v -1.764055 0.221040 -2.596625
v -1.784015 0.123450 -2.715134
v -1.875565 0.123936 -2.541077
v -1.667572 0.102719 -2.663409
v -1.707085 0.080292 -2.695048
v -1.585366 0.125333 -2.462252
vn -0.0000 -1.0000 -0.0000
vn 0.5273 0.8300 -0.1819
vn -0.2403 0.7131 -0.6587
vn -0.2617 0.8809 -0.3943
vn -0.3074 0.8835 0.3535
vn 0.0480 -0.9903 0.1301
vn -0.7313 0.2210 0.6453
vn 0.0794 0.9074 0.4127
vn 0.3910 -0.9142 -0.1067
vn 0.2023 0.9710 0.1277
vn -0.6133 0.7336 -0.2927
vn -0.0215 -0.9942 0.1055
vn 0.8010 0.2134 -0.5593
vn 0.3664 -0.9117 0.1858
vn 0.3610 -0.9267 -0.1040
vn -0.5769 0.7263 -0.3737
vn -0.9960 0.0526 -0.0718
vn -0.9652 0.1735 0.1958
vn 0.4079 -0.8722 0.2701
vn 0.6872 0.6186 -0.3808
vn -0.9455 0.2738 -0.1764
vn -0.4496 -0.8189 0.3569
vn 0.4213 0.1961 -0.8855
vn 0.8151 0.1875 0.5481
vn 0.2756 -0.0231 0.9610
vn 0.9684 0.0045 0.2493
vn 0.9828 0.1760 0.0555
vn 0.6124 0.2342 -0.7551
vn -0.8040 0.5929 0.0440
vn -0.9607 -0.1430 -0.2378
vn -0.9523 -0.1036 -0.2870
vn -0.7547 -0.4322 -0.4935
vn -0.8837 0.1211 0.4521
vn -0.9844 0.0369 -0.1722
vn 0.9185 -0.1429 -0.3687
vn 0.3848 0.9085 -0.1632
vn -0.0480 -0.9922 -0.1152
vn 0.2204 -0.7365 0.6395
vn -0.7082 0.6579 -0.2562
vn -0.4923 0.8494 -0.1901
vn -0.4570 -0.8822 -0.1136
vn -0.0413 -0.9792 -0.1985
vn 0.7015 0.5631 -0.4367
vn 0.4167 0.8041 -0.4241
vn 0.9373 -0.3036 0.1709
vn -0.2064 0.9077 0.3653
vn 0.3820 -0.8910 0.2452
vn 0.1216 -0.9850 -0.1224
vn -0.3732 -0.9071 -0.1946
vn -0.2537 0.9549 -0.1544
vn 0.3087 -0.2403 -0.9203
vn -0.3267 0.5770 -0.7485
vn -0.7347 -0.1003 -0.6710
vn -0.6613 0.4748 -0.5807
vn -0.8142 0.2195 -0.5375
vn -0.6311 0.7298 0.2629
vn -0.9918 0.0371 0.1220
vn -0.4077 -0.0522 0.9116
vn -0.3796 0.9198 0.0993
vn -0.2468 -0.1720 -0.9537
vn 0.7696 0.2685 0.5793
vn -0.6373 0.7671 -0.0737
vn -0.4001 -0.8804 0.2546
vn 0.5550 0.7821 -0.2835
vn 0.3108 -0.9086 -0.2791
vn -0.0174 0.9969 -0.0768
vn -0.9271 -0.0163 0.3744
vn 0.0445 -0.9982 -0.0397
vn 0.5217 0.2572 0.8134
vn 0.3321 0.8346 -0.4394
vn 0.8592 0.4485 -0.2462
vn 0.7117 0.5476 -0.4400
vn 0.7314 0.4706 -0.4936
vn 0.1185 0.9277 -0.3541
vn -0.7735 0.6174 0.1430
vn -0.6905 0.6428 0.3317
vn -0.2385 0.9193 0.3130
vn 0.6951 0.6179 0.3676
vn 0.8827 0.4565 -0.1118
vn 0.7923 0.2361 -0.5626
vn 0.8722 0.1583 -0.4629
vn 0.0869 0.3242 -0.9420
vn 0.5397 0.4055 -0.7377
vn 0.4564 0.4825 -0.7476
vn -0.2595 0.4382 0.8606
vn -0.5662 0.1413 0.8121
vn -0.0324 0.3636 0.9310
vn 0.4470 0.4522 0.7718
vn 0.2469 0.5454 0.8010
vn -0.4001 0.9095 0.1127
vn 0.6937 -0.2957 -0.6567
vn 0.3871 -0.1031 0.9163
vn -0.7299 -0.6450 0.2263
vn 0.4326 0.6366 0.6384
vn -0.8171 0.5359 -0.2125
vn 0.3472 0.6620 -0.6643
vn -0.0855 0.9921 0.0919
vn -0.1241 0.9917 0.0351
vn -0.4466 0.8149 0.3695
vn 0.4753 0.8777 0.0603
vn 0.1594 -0.1686 -0.9727
vn 0.5910 0.7943 0.1409
vn -0.3675 -0.1204 -0.9222
vn -0.8775 0.4786 0.0312
vn 0.2021 -0.2265 0.9528
vn -0.7373 0.3250 0.5923
vn -0.5333 -0.0976 0.8403
vn 0.9148 0.4036 -0.0115
vn 0.8009 0.4856 0.3503
vn 0.5963 0.0767 -0.7991
vn -0.8980 0.1904 -0.3966
vn -0.8868 0.0933 0.4527
vn -0.8589 0.1995 0.4717
vn -0.5828 -0.5739 0.5753
vt 0.927341 0.515579
vt 0.954879 0.515579
vt 0.956478 0.515579
vt 0.934054 0.515579
vt 0.952680 0.515578
vt 0.970289 0.515579
vt 0.939331 0.515578
vt 0.961221 0.903481
vt 0.955681 0.968797
vt 0.968913 0.853643
vt 0.932672 0.811468
vt 0.944147 0.860368
vt 0.943573 0.762071
vt 0.942153 0.945658
vt 0.947073 0.947511
vt 0.929037 0.811876
vt 0.946743 0.745855
vt 0.240797 0.528424
vt 0.233435 0.528424
vt 0.233264 0.527638
vt 0.240754 0.527434
vt 0.260320 0.947590
vt 0.268403 0.866041
vt 0.268664 0.870873
vt 0.260470 0.953733
vt 0.964226 0.869641
vt 0.956937 0.955161
vt 0.953439 0.798496
vt 0.262857 0.710315
vt 0.250139 0.653208
vt 0.250283 0.654179
vt 0.263158 0.713214
vt 0.263792 0.595468
vt 0.264120 0.594501
vt 0.256441 0.798201
vt 0.256628 0.801553
vt 0.255599 0.528424
vt 0.255827 0.528077
vt 0.960068 0.585889
vt 0.959225 0.706329
vt 0.972015 0.688155
vt 0.282245 0.612839
vt 0.275126 0.528424
vt 0.275501 0.529518
vt 0.282661 0.615189
vt 0.220453 0.528424
vt 0.227501 0.528424
vt 0.227098 0.527941
vt 0.220112 0.524294
vt 0.249015 0.748004
vt 0.249000 0.751819
vt 0.920985 0.515579
vt 0.921364 0.647516
vt 0.922210 0.663787
vt 0.922420 0.552189
vt 0.924340 0.703779
vt 0.280965 0.658566
vt 0.281372 0.661479
vt 0.229383 0.810960
vt 0.229098 0.815911
vt 0.245501 0.763468
vt 0.246137 0.857199
vt 0.246277 0.862274
vt 0.245648 0.766677
vt 0.220873 0.654234
vt 0.224174 0.707883
vt 0.223809 0.711529
vt 0.220468 0.657344
vt 0.227317 0.730695
vt 0.226366 0.588069
vt 0.225952 0.589308
vt 0.226909 0.732815
vt 0.968786 0.737322
vt 0.969199 0.515579
vt 0.975555 0.652058
vt 0.249382 0.940295
vt 0.249278 0.946618
vt 0.974105 0.515579
vt 0.977452 0.515579
vt 0.976709 0.604105
vt 0.947756 0.646440
vt 0.239718 0.656132
vt 0.239682 0.655904
vt 0.925220 0.515578
vt 0.926317 0.578129
vt 0.932692 0.515578
vt 0.932662 0.585479
vt 0.942477 0.515579
vt 0.243926 0.938528
vt 0.243871 0.944944
vt 0.273917 0.528424
vt 0.253413 0.675295
vt 0.253517 0.676483
vt 0.274095 0.527738
vt 0.259811 0.528424
vt 0.259964 0.527484
vt 0.273458 0.739868
vt 0.273743 0.743688
vt 0.927175 0.727702
vt 0.926904 0.820192
vt 0.221812 0.669748
vt 0.221407 0.672677
vt 0.244286 0.528424
vt 0.244176 0.526863
vt 0.955783 0.811751
vt 0.258927 0.960592
vt 0.259040 0.810839
vt 0.259280 0.814870
vt 0.258982 0.967050
vt 0.233401 0.595078
vt 0.233071 0.594174
vt 0.277039 0.692984
vt 0.277420 0.695443
vt 0.273600 0.850787
vt 0.273928 0.855319
vt 0.938358 0.649507
vt 0.932245 0.651332
vt 0.222045 0.563333
vt 0.221687 0.559567
vt 0.227017 0.818889
vt 0.226687 0.823446
vt 0.232939 0.657872
vt 0.232768 0.657086
vt 0.950708 0.669603
vt 0.230985 0.728956
vt 0.239479 0.726349
vt 0.276893 0.803276
vt 0.245197 0.631085
s 1
usemtl Material.010
f 235/209/203 218/210/203 208/211/203
f 218/210/203 235/209/203 234/212/203
f 229/213/203 237/214/203 230/215/203
f 224/216/204 215/217/204 240/218/204
f 216/219/205 243/220/205 213/221/205
f 243/220/206 216/219/206 242/222/206
f 223/223/207 244/224/207 245/225/207
f 230/226/208 210/227/208 278/228/208 277/229/208
f 246/230/209 238/231/209 275/232/209 270/233/209
f 238/234/210 246/235/210 211/236/210
f 207/237/211 247/238/211 253/239/211 254/240/211
f 247/238/212 222/241/212 293/242/212 253/239/212
f 238/231/213 211/243/213 267/244/213 275/232/213
f 229/245/214 230/226/214 277/229/214 294/246/214
f 222/247/215 207/248/215 225/249/215
f 214/250/216 237/251/216 276/252/216 260/253/216
f 236/254/217 235/255/217 288/256/217 280/257/217
f 211/243/218 245/258/218 274/259/218 267/244/218
f 236/260/219 249/261/219 212/262/219
f 249/261/220 209/263/220 220/264/220
f 251/265/221 214/250/221 260/253/221 295/266/221
f 245/258/222 244/267/222 273/268/222 274/259/222
f 213/269/223 243/270/223 272/271/223 257/272/223
f 249/273/224 220/274/224 268/275/224 292/276/224
f 217/277/225 221/278/225 264/279/225 263/280/225
f 250/281/226 232/282/226 251/283/226
f 244/267/227 223/284/227 271/285/227 273/268/227
f 251/283/228 228/286/228 233/287/228
f 214/288/229 251/283/229 233/287/229
f 207/248/230 222/247/230 247/289/230
f 248/290/231 213/269/231 257/272/231 291/291/231
f 212/262/232 231/292/232 236/260/232
f 212/262/233 221/293/233 231/292/233
f 231/292/234 221/293/234 210/294/234
f 252/295/235 220/264/235 209/263/235
f 208/211/203 227/296/203 235/209/203
f 243/270/236 242/297/236 290/298/236 272/271/236
f 214/288/237 233/287/237 237/214/237
f 234/212/203 235/209/203 236/260/203
f 230/215/203 237/214/203 228/286/203
f 218/210/203 230/215/203 228/286/203
f 232/299/238 219/300/238 285/301/238 287/302/238
f 231/292/203 210/294/203 230/215/203
f 208/303/239 232/299/239 287/302/239 286/304/239
f 250/305/240 251/265/240 295/266/240 266/306/240
f 217/307/241 239/308/241 216/219/241
f 242/222/242 216/219/242 239/308/242
f 212/309/243 249/273/243 292/276/243 289/310/243
f 227/311/244 208/303/244 286/304/244 284/312/244
f 240/218/245 241/313/245 224/216/245
f 215/217/246 224/216/246 241/313/246
f 215/314/247 241/315/247 258/316/247 262/317/247
f 223/223/248 245/225/248 211/236/248 246/235/248
f 219/300/249 250/305/249 266/306/249 285/301/249
f 235/255/250 227/311/250 284/312/250 288/256/250
f 220/274/251 252/318/251 283/319/251 268/275/251
f 222/241/252 225/320/252 259/321/252 293/242/252
f 240/322/253 215/314/253 262/317/253 261/323/253
f 216/219/254 213/221/254 248/324/254 226/325/254
f 210/294/255 221/293/255 226/325/255
f 216/219/256 226/325/256 217/307/256
f 217/307/257 226/325/257 221/293/257
f 241/315/258 240/322/258 261/323/258 258/316/258
f 209/263/259 249/261/259 236/260/259
f 223/284/260 246/230/260 270/233/260 271/285/260
f 252/318/261 209/326/261 281/327/261 283/319/261
f 242/297/262 239/328/262 269/329/262 290/298/262
f 251/283/263 232/282/263 228/286/263
f 209/326/264 236/254/264 280/257/264 281/327/264
f 221/278/265 212/309/265 289/310/265 264/279/265
f 239/328/266 217/277/266 263/280/266 269/329/266
f 225/320/267 207/237/267 254/240/267 259/321/267
f 226/330/268 248/290/268 291/291/268 279/331/268
f 210/227/269 226/330/269 279/331/269 278/228/269
f 237/251/270 229/245/270 294/246/270 276/252/270
f 250/281/271 219/332/271 232/282/271
f 232/282/203 208/211/203 228/286/203
f 228/286/203 237/214/203 233/287/203
f 234/212/203 230/215/203 218/210/203
f 231/292/203 230/215/203 234/212/203
f 236/260/203 231/292/203 234/212/203
f 228/286/203 208/211/203 218/210/203
f 258/316/272 272/271/272 262/317/272
f 259/321/273 261/323/273 260/253/273
f 259/321/274 258/316/274 261/323/274
f 254/240/275 258/316/275 259/321/275
f 272/271/276 290/298/276 262/317/276
f 268/275/277 273/268/277 269/329/277
f 256/333/278 273/268/278 268/275/278
f 274/259/279 273/268/279 255/334/279
f 265/335/280 275/232/280 266/306/280
f 261/323/281 265/335/281 260/253/281
f 293/242/282 259/321/282 276/252/282
f 276/252/283 259/321/283 260/253/283
f 257/272/284 253/239/284 291/291/284
f 253/239/285 258/316/285 254/240/285
f 253/239/286 257/272/286 258/316/286
f 255/334/287 282/336/287 274/259/287
f 282/336/288 255/334/288 283/319/288
f 274/259/289 282/336/289 285/301/289
f 267/244/290 285/301/290 266/306/290
f 274/259/291 285/301/291 267/244/291
f 271/285/292 290/298/292 269/329/292 273/268/292
f 294/246/293 293/242/293 276/252/293
f 287/302/294 285/301/294 286/304/294
f 281/327/295 280/257/295 288/256/295
f 266/306/296 275/232/296 267/244/296
f 289/310/297 269/329/297 263/280/297
f 258/316/298 257/272/298 272/271/298
f 271/285/299 270/233/299 262/317/299
f 262/317/300 290/298/300 271/285/300
f 256/333/301 255/334/301 273/268/301
f 275/232/302 261/323/302 262/317/302 270/233/302
f 253/239/303 294/246/303 277/229/303 291/291/303
f 275/232/304 265/335/304 261/323/304
f 277/229/305 278/228/305 279/331/305 291/291/305
f 292/276/306 268/275/306 269/329/306 289/310/306
f 284/312/307 286/304/307 285/301/307 282/336/307
f 283/319/308 255/334/308 256/333/308
f 284/312/309 282/336/309 283/319/309
f 265/335/310 295/266/310 260/253/310
f 266/306/311 295/266/311 265/335/311
f 294/246/312 253/239/312 293/242/312
f 263/280/313 264/279/313 289/310/313
f 288/256/314 283/319/314 281/327/314
f 256/333/315 268/275/315 283/319/315
f 283/319/316 288/256/316 284/312/316
o Stone_group_average
v -0.352364 0.433988 -1.914527
v -0.183079 0.434757 -1.614673
v -0.393258 0.455257 -1.578143
v -0.483851 0.405547 -1.730999
v -0.259104 0.539896 -1.632994
v -0.458078 0.468703 -1.655131
v -0.305140 0.530387 -1.578092
v -0.345033 0.513087 -1.576253
v -0.424589 0.484473 -1.842726
v -0.197160 0.397680 -1.847425
v -0.295583 0.575915 -1.792877
v -0.439568 0.524106 -1.775798
v -0.462937 0.483463 -1.713999
v -0.285083 0.404641 -1.734608
v -0.234784 0.512584 -1.594288
v -0.396252 0.499709 -1.587908
v -0.484632 0.431278 -1.693455
v -0.365593 0.401276 -1.893876
v -0.373330 0.581661 -1.745427
v -0.272153 0.524028 -1.849174
v -0.237200 0.421429 -1.899033
v -0.473180 0.451748 -1.750216
v -0.247058 0.474139 -1.578827
v -0.139637 0.407650 -1.722626
v -0.418860 0.377274 -1.843597
v -0.467656 0.395593 -1.770643
v -0.472899 0.419990 -1.673483
v -0.140442 0.426519 -1.678998
v -0.184572 0.386402 -1.807245
v -0.372263 0.422986 -1.661550
v -0.338751 0.447500 -1.563923
v -0.428664 0.435821 -1.610435
v -0.285990 0.367263 -1.883468
v -0.199696 0.530821 -1.740751
v -0.431683 0.529765 -1.675199
v -0.217242 0.504262 -1.840447
v -0.353274 0.476167 -1.903001
v -0.397485 0.562597 -1.783764
v -0.393029 0.524147 -1.838076
v -0.400212 0.530491 -1.627048
v -0.279064 0.537176 -1.597902
v -0.283392 0.585397 -1.741389
v -0.177702 0.481766 -1.809307
v -0.433610 0.441012 -1.852597
v -0.460243 0.450849 -1.793005
v -0.432705 0.475008 -1.616048
v -0.261336 0.506594 -1.577474
v -0.156586 0.482405 -1.718498
v -0.149626 0.425104 -1.771576
v -0.292677 0.477747 -1.560900
v -0.323390 0.509323 -1.500356
v -0.267679 0.455178 -1.533345
v -0.296868 0.469308 -1.477075
v -0.369099 0.457261 -1.525054
v -0.348446 0.466824 -1.486966
v -0.351115 0.449887 -1.554419
v -0.316011 0.490482 -1.489390
v -0.348756 0.489405 -1.502382
v -0.354104 0.477396 -1.541295
v -0.298628 0.466946 -1.560231
v -0.283920 0.477818 -1.517607
v -0.295855 0.499014 -1.510715
v -0.326019 0.504337 -1.514123
v -0.289794 0.488871 -1.538798
v -0.363437 0.475966 -1.603250
v -0.521859 0.476081 -1.450067
v -0.592074 0.436160 -1.610692
v -0.470115 0.421651 -1.666830
v -0.543381 0.523481 -1.505326
v -0.532238 0.430431 -1.689238
v -0.605693 0.492770 -1.528143
v -0.616527 0.477625 -1.571491
v -0.412704 0.472933 -1.643172
v -0.408822 0.485569 -1.501924
v -0.463554 0.548457 -1.582347
v -0.465722 0.472558 -1.652493
v -0.494154 0.445843 -1.678781
v -0.467108 0.455775 -1.530932
v -0.551285 0.499119 -1.482939
v -0.598216 0.456721 -1.625333
v -0.499392 0.419833 -1.682920
v -0.367111 0.452415 -1.600774
v -0.544082 0.500290 -1.602836
v -0.423765 0.534480 -1.574402
v -0.374705 0.494175 -1.535937
v -0.461497 0.438725 -1.665454
v -0.574272 0.466784 -1.487089
v -0.459212 0.475192 -1.453606
v -0.393475 0.432750 -1.622630
v -0.441096 0.425536 -1.651358
v -0.510742 0.418245 -1.680394
v -0.480373 0.478380 -1.440908
v -0.424363 0.467509 -1.484204
v -0.524293 0.440718 -1.590899
v -0.606186 0.449502 -1.555915
v -0.557589 0.425499 -1.651506
v -0.374071 0.451626 -1.547456
v -0.493129 0.554131 -1.488269
v -0.543148 0.463323 -1.672880
v -0.434669 0.539802 -1.529155
v -0.379352 0.495190 -1.612433
v -0.490394 0.494148 -1.633913
v -0.424192 0.496618 -1.637757
v -0.583649 0.471413 -1.641670
v -0.570040 0.504106 -1.520705
v -0.504013 0.552583 -1.546578
v -0.455486 0.537552 -1.494889
v -0.399542 0.452321 -1.640500
v -0.433410 0.444882 -1.653731
v -0.564830 0.434004 -1.665256
v -0.578275 0.483814 -1.501704
v -0.484034 0.525613 -1.461349
v -0.451360 0.504804 -1.473872
v -0.614498 0.469281 -1.518178
vn -0.0000 -0.9699 0.2435
vn -0.1123 0.7650 -0.6341
vn 0.8161 0.1895 -0.5460
vn 0.3591 0.7560 -0.5473
vn 0.2693 0.5120 -0.8157
vn 0.1568 0.2635 -0.9518
vn -0.1564 0.8000 -0.5792
vn -0.6541 0.5776 -0.4884
vn -0.6403 0.6011 -0.4781
vn -0.1389 0.9201 0.3662
vn -0.7276 0.5015 0.4680
vn -0.3272 0.7264 0.6044
vn -0.1019 0.9745 0.1999
vn 0.5311 0.8171 0.2240
vn 0.7746 0.6050 -0.1844
vn 0.6683 0.1733 -0.7234
vn 0.0055 -0.2808 -0.9598
vn 0.4684 -0.6065 -0.6425
vn 0.0525 -0.5482 -0.8347
vn -0.8597 0.2761 -0.4298
vn -0.5825 0.2025 -0.7872
vn -0.5969 0.2935 -0.7467
vn -0.8381 -0.0083 0.5454
vn -0.6562 0.1195 0.7451
vn 0.3442 0.6513 0.6763
vn 0.1730 0.3425 0.9234
vn 0.3003 0.6441 0.7036
vn 0.5920 0.7851 0.1820
vn 0.4408 0.8402 0.3159
vn 0.9725 0.2105 -0.0997
vn -0.5418 0.8252 0.1596
vn 0.8315 -0.4474 -0.3292
vn 0.8331 -0.4065 -0.3751
vn -0.6017 -0.2380 -0.7624
vn -0.6037 -0.2455 -0.7585
vn -0.6021 -0.2394 -0.7617
vn -0.2409 -0.7516 -0.6140
vn -0.8223 0.0363 0.5678
vn -0.8462 0.0579 0.5298
vn -0.8657 -0.4211 0.2706
vn -0.2082 0.1965 0.9582
vn 0.2567 -0.3885 0.8850
vn 0.7868 0.3995 0.4704
vn 0.4311 -0.8245 -0.3665
vn -0.2763 -0.6590 0.6996
vn 0.6424 0.7074 0.2946
vn -0.8797 0.4390 0.1827
vn -0.8791 0.4401 0.1829
vn -0.8419 0.5384 0.0357
vn -0.6737 0.7389 0.0112
vn -0.5250 0.4985 -0.6899
vn -0.0331 0.9843 -0.1734
vn 0.2954 0.4482 -0.8437
vn 0.0125 0.7378 -0.6749
vn -0.1525 0.9199 -0.3613
vn 0.0340 0.9477 0.3174
vn -0.3001 0.7540 0.5843
vn 0.5330 0.7934 -0.2940
vn -0.8713 -0.1746 -0.4587
vn 0.6395 0.7074 -0.3010
vn -0.9412 0.0298 -0.3365
vn -0.8789 0.3291 -0.3452
vn -0.9762 0.1689 -0.1360
vn -0.9149 0.3944 -0.0866
vn -0.9296 0.3643 -0.0561
vn -0.7400 0.4999 0.4500
vn -0.6836 0.0340 0.7291
vn 0.5398 0.1600 0.8265
vn -0.0826 0.2917 0.9530
vn 0.3714 0.1250 0.9200
vn 0.9577 0.2701 -0.0991
vn 0.8375 0.0528 -0.5439
vn 0.9244 0.3134 -0.2172
vn -0.6041 -0.2468 -0.7578
vn -0.8804 0.4378 0.1824
vn -0.2145 0.2320 0.9488
vn -0.2382 0.0680 0.9688
vn 0.2800 -0.5079 0.8147
vn 0.7856 0.4920 0.3751
vn 0.3968 -0.8398 0.3705
vn 0.2410 0.9283 -0.2833
vn 0.8730 0.4876 0.0123
vn 0.9484 -0.0829 -0.3061
vn 0.1469 0.9207 -0.3615
vn -0.1520 0.7216 -0.6755
vn -0.0831 0.7493 -0.6570
vn -0.5983 0.7851 -0.1601
vn -0.6000 0.7824 -0.1669
vn -0.5985 0.7848 -0.1608
vn -0.6004 0.7818 -0.1684
vn -0.3539 0.3630 0.8619
vn 0.4678 0.5742 0.6719
vn 0.6862 0.1553 0.7107
vn 0.6013 0.6996 -0.3859
vn -0.2280 0.3989 -0.8882
vn -0.8234 0.5641 -0.0609
vn -0.3278 0.5296 0.7823
vn 0.5895 0.7318 0.3420
vn 0.1952 -0.7959 -0.5731
vn -0.8205 0.1711 -0.5455
vn -0.8738 0.2659 0.4071
vn -0.1925 0.3575 0.9139
vn 0.8591 0.3713 0.3524
vn 0.3176 0.7945 -0.5176
vn 0.5052 0.5673 0.6503
vn 0.3365 0.9412 -0.0296
vn 0.6035 0.7970 -0.0261
vn 0.7788 0.6261 -0.0390
vn -0.0673 0.7043 -0.7067
vn 0.1634 0.2946 -0.9416
vn -0.0686 0.6045 -0.7936
vn -0.4550 0.8712 -0.1843
vn -0.6226 -0.2182 -0.7515
vn -0.8333 0.3570 -0.4220
vn -0.2520 0.9410 -0.2260
vn -0.5383 0.8391 0.0782
vn 0.4093 0.6919 0.5947
vn 0.6918 0.5591 0.4570
vn 0.9914 -0.0202 0.1291
vn 0.7169 -0.1722 0.6755
vn 0.9715 -0.1307 0.1980
vn 0.3433 0.0981 -0.9341
vn 0.6463 0.1809 -0.7413
vn 0.5583 0.2541 -0.7898
vn -0.3501 -0.8693 -0.3489
vn -0.3531 -0.8674 -0.3506
vn -0.3523 -0.8679 -0.3502
vn -0.7833 -0.4985 -0.3714
vn -0.3530 0.7118 0.6072
vn -0.5161 0.4901 0.7025
vn -0.5162 0.4912 0.7016
vn -0.5158 0.4860 0.7055
vn -0.6480 0.6439 0.4068
vn -0.4530 0.6785 0.5784
vn -0.6794 0.6037 0.4171
vn 0.5289 0.3713 0.7631
vn -0.1737 0.8700 -0.4615
vn 0.6665 0.2925 0.6857
vn 0.6056 0.2271 0.7627
vn 0.7616 -0.1841 -0.6213
vn 0.5636 -0.8238 0.0614
vn -0.3496 -0.8697 -0.3486
vn -0.0721 -0.6660 -0.7424
vn 0.1161 -0.9882 -0.0995
vn -0.9314 -0.3498 -0.1005
vn -0.1879 0.7173 0.6709
vn 0.7756 -0.0501 0.6292
vn -0.0292 -0.9729 0.2294
vn -0.5317 0.4855 0.6940
vn 0.0573 0.4597 -0.8862
vn 0.1291 0.6223 -0.7720
vn 0.0984 0.7113 -0.6959
vn 0.4596 0.4038 -0.7910
vn -0.3521 0.7973 -0.4903
vn 0.7002 0.7089 0.0854
vn 0.3742 0.8277 -0.4181
vn -0.2778 0.7301 -0.6243
vn -0.6265 0.7593 -0.1761
vn -0.3316 0.9134 -0.2362
vn 0.1818 0.9833 -0.0022
vn 0.4739 -0.4218 -0.7730
vn 0.4284 0.8466 0.3158
vn 0.4509 -0.2255 -0.8636
vn 0.2176 0.2956 -0.9302
vn 0.4826 -0.1745 -0.8583
vn 0.4190 0.3700 -0.8292
vn 0.3896 0.0677 -0.9185
vn -0.6156 0.2620 -0.7433
vn -0.5254 -0.8192 -0.2300
vn -0.6089 0.3409 0.7163
vn -0.9182 0.3846 0.0951
vn -0.5158 0.4849 0.7063
vn 0.5167 0.3860 0.7642
vn 0.6239 0.4762 0.6196
vn 0.5673 0.4942 0.6587
vn 0.7345 -0.3191 -0.5989
vn 0.2217 0.1095 -0.9689
vn -0.9527 0.1268 -0.2763
vn -0.8201 -0.5693 -0.0579
vn -0.3436 -0.8608 0.3755
vn -0.4054 0.3364 0.8500
vt 0.932006 0.646048
vt 0.957313 0.646048
vt 0.955153 0.646049
vt 0.941710 0.646048
vt 0.963025 0.646048
vt 0.975366 0.646048
vt 0.951749 0.646048
vt 0.972459 0.825689
vt 0.963112 0.862283
vt 0.967915 0.968122
vt 0.979668 0.763837
vt 0.974843 0.895647
vt 0.976626 0.712874
vt 0.973794 0.915713
vt 0.973542 0.760317
vt 0.955388 0.874653
vt 0.951465 0.826697
vt 0.961036 0.794088
vt 0.952244 0.871590
vt 0.933027 0.823544
vt 0.947862 0.789972
vt 0.929138 0.758789
vt 0.937520 0.829017
vt 0.932119 0.769800
vt 0.939676 0.768232
vt 0.964747 0.907915
vt 0.962993 0.956084
vt 0.953702 0.834149
vt 0.971844 0.862287
vt 0.965116 0.801546
vt 0.970850 0.688167
vt 0.962179 0.724441
vt 0.954179 0.726278
vt 0.931347 0.646048
vt 0.930653 0.725085
vt 0.934539 0.734832
vt 0.929516 0.667980
vt 0.945146 0.710325
vt 0.935417 0.687922
vt 0.950860 0.739855
vt 0.963070 0.646049
vt 0.970577 0.749083
vt 0.967056 0.646048
vt 0.973174 0.646048
vt 0.937331 0.646048
vt 0.939274 0.683519
vt 0.945089 0.646048
vt 0.945069 0.646049
vt 0.942745 0.773120
vt 0.948041 0.727372
vt 0.974386 0.519603
vt 0.945685 0.519603
vt 0.925981 0.519603
vt 0.947209 0.519603
vt 0.978327 0.519603
vt 0.972716 0.818401
vt 0.965257 0.818402
vt 0.960184 0.868851
vt 0.979802 0.703589
vt 0.959690 0.703590
vt 0.943786 0.855985
vt 0.928676 0.703589
vt 0.940372 0.703589
vt 0.967238 0.703589
s 1
usemtl Material.009
f 326/337/317 309/338/317 297/339/317
f 309/338/317 326/337/317 325/340/317
f 320/341/317 328/342/317 321/343/317
f 332/344/318 334/345/318 306/346/318
f 316/347/319 331/348/319 305/349/319
f 315/350/320 306/346/320 331/348/320
f 316/347/321 332/344/321 331/348/321
f 296/351/322 332/344/322 316/347/322
f 334/345/323 333/352/323 306/346/323
f 307/353/324 334/345/324 304/354/324
f 334/345/325 307/353/325 333/352/325
f 314/355/326 335/356/326 336/357/326
f 311/358/327 335/356/327 330/359/327
f 303/360/328 335/356/328 311/358/328
f 336/357/329 335/356/329 302/361/329
f 329/362/330 337/363/330 300/364/330
f 338/365/331 329/362/331 343/366/331
f 331/348/332 338/365/332 305/349/332
f 313/367/333 316/347/333 328/342/333
f 328/342/334 316/347/334 305/349/334
f 313/367/335 296/351/335 316/347/335
f 304/354/336 339/368/336 340/369/336
f 339/368/337 332/344/337 296/351/337
f 339/368/338 304/354/338 332/344/338
f 327/370/339 341/371/339 301/372/339
f 341/371/340 298/373/340 311/358/340
f 302/361/341 342/374/341 336/357/341
f 342/374/342 302/361/342 345/375/342
f 336/357/343 342/374/343 310/376/343
f 300/364/344 310/376/344 343/366/344
f 336/357/345 310/376/345 300/364/345
f 343/366/346 323/377/346 344/378/346
f 314/355/347 333/352/347 330/359/347 335/356/347
f 344/378/348 319/379/348 324/380/348
f 305/349/349 344/378/349 324/380/349
f 296/351/350 313/367/351 339/368/352
f 320/341/353 313/367/353 328/342/353
f 301/372/354 322/381/354 327/370/354
f 301/372/355 312/382/355 322/381/355
f 322/381/356 312/382/356 299/383/356
f 345/375/357 311/358/357 298/373/357
f 297/339/358 318/384/358 326/337/358
f 323/377/359 310/376/359 297/339/359
f 305/349/360 324/380/360 328/342/360
f 325/340/317 326/337/317 327/370/317
f 321/343/317 328/342/317 319/379/317
f 309/338/317 321/343/317 319/379/317
f 298/373/361 327/370/361 326/337/361
f 322/381/317 299/383/317 321/343/317
f 343/366/362 329/362/362 300/364/362
f 301/372/363 330/359/364 308/385/363
f 308/385/365 330/359/365 307/353/365
f 333/352/366 307/353/366 330/359/366
f 332/344/367 304/354/367 334/345/367
f 314/355/368 337/363/368 306/346/368
f 331/348/369 332/344/369 315/350/369
f 306/346/370 315/350/370 332/344/370
f 306/346/371 333/352/371 314/355/371
f 314/355/372 336/357/372 300/364/372 337/363/372
f 303/360/373 302/361/373 335/356/373
f 329/362/374 331/348/374 306/346/374 337/363/374
f 339/368/375 320/341/375 321/343/375 340/369/375
f 329/362/376 338/365/376 331/348/376
f 321/343/377 299/383/377 317/386/377 340/369/377
f 307/353/378 304/354/378 340/369/378 317/386/378
f 299/383/379 312/382/379 317/386/379
f 307/353/380 317/386/380 308/385/380
f 308/385/381 317/386/381 312/382/381
f 341/371/382 311/358/382 330/359/382 301/372/382
f 298/373/383 341/371/383 327/370/383
f 318/384/384 297/339/384 310/376/384 342/374/384
f 345/375/385 302/361/385 303/360/385
f 318/384/386 342/374/386 345/375/386
f 344/378/387 323/377/387 319/379/387
f 338/365/388 344/378/388 305/349/388
f 343/366/389 344/378/389 338/365/389
f 320/341/390 339/368/352 313/367/351
f 308/385/363 312/382/391 301/372/363
f 326/337/392 345/375/392 298/373/392
f 303/360/393 311/358/393 345/375/393
f 345/375/394 326/337/394 318/384/394
f 343/366/395 310/376/395 323/377/395
f 323/377/396 297/339/396 319/379/396
f 319/379/317 328/342/317 324/380/317
f 325/340/317 321/343/317 309/338/317
f 322/381/317 321/343/317 325/340/317
f 327/370/317 322/381/317 325/340/317
f 319/379/317 297/339/317 309/338/317
f 348/387/317 350/388/317 349/389/317
f 348/387/317 349/389/317 351/390/317
f 348/387/317 351/390/317 347/391/317
f 357/392/397 359/393/397 346/394/397
f 357/392/398 356/395/398 359/393/398
f 356/395/399 355/396/399 359/393/399
f 359/393/400 358/397/400 346/394/400
f 359/393/401 355/396/401 358/397/401
f 355/396/402 354/398/402 358/397/402
f 354/398/403 353/399/404 358/397/405
f 358/397/405 353/399/404 346/394/406
f 353/399/407 352/400/407 346/394/407
f 346/394/408 352/400/408 357/392/408
f 352/400/409 356/395/409 357/392/409
f 347/391/410 355/396/410 356/395/410
f 351/390/411 354/398/411 355/396/411
f 349/389/412 353/399/412 354/398/412
f 350/388/413 352/400/413 353/399/413
f 348/387/414 356/395/414 352/400/414
f 347/391/415 351/390/415 355/396/415
f 351/390/416 349/389/416 354/398/416
f 349/389/417 350/388/417 353/399/417
f 350/388/418 348/387/418 352/400/418
f 348/387/419 347/391/419 356/395/419
f 390/337/317 373/338/317 361/339/317
f 373/338/317 390/337/317 389/340/317
f 384/341/317 392/342/317 385/343/317
f 396/344/420 398/345/420 370/346/420
f 380/347/421 395/348/421 369/349/421
f 379/350/422 370/346/422 395/348/422
f 380/347/423 396/344/423 395/348/423
f 360/351/424 396/344/424 380/347/424
f 398/345/425 397/352/425 370/346/425
f 371/353/426 398/345/426 368/354/426
f 398/345/427 371/353/427 397/352/427
f 378/355/428 399/356/428 400/357/428
f 375/358/429 399/356/429 394/359/429
f 367/360/430 399/356/430 375/358/430
f 400/357/431 399/356/431 366/361/431
f 393/362/432 401/363/432 364/364/432
f 402/365/433 393/362/433 407/366/433
f 395/348/434 402/365/434 369/349/434
f 377/367/435 380/347/435 392/342/435
f 392/342/436 380/347/436 369/349/436
f 377/367/437 360/351/437 380/347/437
f 368/354/438 403/368/438 404/369/438
f 403/368/439 396/344/439 360/351/439
f 403/368/440 368/354/440 396/344/440
f 391/370/441 405/371/442 365/372/443
f 405/371/444 362/373/444 375/358/444
f 366/361/445 406/374/445 400/357/445
f 406/374/446 366/361/447 409/375/448
f 400/357/449 406/374/449 374/376/449
f 364/364/450 374/376/450 407/366/450
f 400/357/451 374/376/451 364/364/451
f 407/366/452 387/377/452 408/378/452
f 378/355/453 397/352/453 394/359/453 399/356/453
f 408/378/454 383/379/454 388/380/454
f 369/349/455 408/378/455 388/380/455
f 360/351/456 377/367/456 403/368/456
f 384/341/457 377/367/457 392/342/457
f 365/372/443 386/381/458 391/370/441
f 365/372/459 376/382/459 386/381/459
f 386/381/460 376/382/460 363/383/460
f 409/375/461 375/358/461 362/373/461
f 361/339/317 382/384/317 390/337/317
f 387/377/462 374/376/462 361/339/462
f 369/349/463 388/380/463 392/342/463
f 389/340/317 390/337/317 391/370/317
f 385/343/317 392/342/317 383/379/317
f 373/338/317 385/343/317 383/379/317
f 362/373/464 391/370/464 390/337/464
f 386/381/317 363/383/317 385/343/317
f 407/366/465 393/362/465 364/364/465
f 365/372/466 394/359/466 372/385/466
f 372/385/467 394/359/467 371/353/467
f 397/352/468 371/353/468 394/359/468
f 396/344/469 368/354/469 398/345/469
f 378/355/470 401/363/470 370/346/470
f 395/348/471 396/344/471 379/350/471
f 370/346/472 379/350/472 396/344/472
f 370/346/473 397/352/473 378/355/473
f 378/355/474 400/357/474 364/364/474 401/363/474
f 367/360/475 366/361/475 399/356/475
f 393/362/476 395/348/476 370/346/476 401/363/476
f 403/368/477 384/341/477 385/343/477 404/369/477
f 393/362/478 402/365/478 395/348/478
f 385/343/479 363/383/479 381/386/479 404/369/479
f 371/353/480 368/354/480 404/369/480 381/386/480
f 363/383/481 376/382/481 381/386/481
f 371/353/482 381/386/482 372/385/482
f 372/385/483 381/386/483 376/382/483
f 405/371/484 375/358/484 394/359/484 365/372/484
f 362/373/485 405/371/485 391/370/485
f 382/384/486 361/339/486 374/376/486 406/374/486
f 409/375/487 366/361/487 367/360/487
f 382/384/488 406/374/446 409/375/448
f 408/378/489 387/377/489 383/379/489
f 402/365/490 408/378/490 369/349/490
f 407/366/491 408/378/491 402/365/491
f 384/341/492 403/368/492 377/367/492
f 372/385/493 376/382/493 365/372/493
f 390/337/494 409/375/494 362/373/494
f 367/360/495 375/358/495 409/375/495
f 409/375/496 390/337/496 382/384/496
f 407/366/497 374/376/497 387/377/497
f 387/377/317 361/339/317 383/379/317
f 383/379/317 392/342/317 388/380/317
f 389/340/317 385/343/317 373/338/317
f 386/381/317 385/343/317 389/340/317
f 391/370/317 386/381/317 389/340/317
f 383/379/317 361/339/317 373/338/317
o Stone_group_average_mossy
v -3.988345 0.395517 1.973152
v -2.393192 0.047697 1.690036
v -2.558499 0.100565 2.706620
v -3.433041 0.047697 2.850474
v -2.313695 0.450149 3.000011
v -2.988399 0.253545 2.881305
v -2.329722 0.451150 2.338843
v -2.203460 0.151219 2.904844
v -3.737705 0.546994 2.435133
v -3.477294 0.147421 1.364992
v -3.205056 0.915353 1.969146
v -3.425592 0.653538 2.626255
v -2.290012 0.236107 2.695454
v -3.120795 0.047697 1.946210
v -2.303817 0.387042 1.987765
v -2.557334 0.319472 2.722392
v -2.642879 0.337621 2.594045
v -3.955742 0.218644 2.052896
v -3.119505 0.886564 2.398939
v -2.865491 0.266531 2.687763
v -3.743609 0.318745 1.472618
v -3.448749 0.285847 2.790032
v -2.298687 0.189492 2.052551
v -2.824187 0.047697 1.309487
v -3.850001 0.047697 2.364630
v -3.590918 0.047697 2.709630
v -3.146966 0.047697 2.899164
v -2.877046 0.210176 3.742277
v -3.292785 0.047697 1.368082
v -2.924769 0.047697 2.464824
v -2.414483 0.047697 2.480045
v -2.780015 0.047697 2.806912
v -3.815774 0.047697 1.696218
v -2.867505 0.643801 1.601413
v -2.965453 0.562053 2.754441
v -3.362680 0.636683 1.509906
v -3.892925 0.578869 2.012778
v -3.348478 0.842515 2.438840
v -3.621424 0.726712 2.315997
v -2.701541 0.509011 2.689851
v -2.365899 0.506052 2.191951
v -2.948807 0.899267 2.000560
v -3.185508 0.495198 1.372177
v -3.843723 0.355722 2.442521
v -3.615839 0.331796 2.662511
v -2.768183 0.237166 2.831954
v -2.280678 0.339382 2.132321
v -2.647237 0.227447 3.772510
v -2.594730 0.230122 2.525328
v -2.853665 0.164933 2.622112
v -2.154372 0.047697 2.211105
v -1.940550 0.047697 2.439041
v -2.283646 0.047697 2.683514
v -2.072021 0.047697 2.655205
v -2.390673 0.047697 2.552131
v -2.002913 0.160953 2.514299
v -2.115241 0.171150 2.640957
v -2.307838 0.160709 2.597799
v -2.310482 0.134128 2.312523
v -2.112622 0.254602 2.525393
v -2.177804 0.211338 2.315862
v -1.933002 0.053556 2.434071
v -2.187218 0.047654 3.501729
v -3.051296 0.049579 3.544981
v -3.111370 0.047654 2.897938
v -2.412848 0.333642 3.529354
v -3.302756 0.114893 3.146190
v -2.081561 0.139397 2.311004
v -2.874357 0.197165 3.735129
v -2.153770 0.052873 2.201679
v -2.216894 0.152712 2.911546
v -2.590740 0.540474 3.055072
v -2.985252 0.268445 2.921635
v -3.176921 0.174568 2.997116
v -2.473293 0.047654 3.116313
v -2.354634 0.193705 3.591194
v -3.102999 0.162699 3.557514
v -3.232353 0.058024 3.003651
v -2.617515 0.113821 2.550995
v -2.866850 0.339681 3.366602
v -2.400540 0.051775 2.553549
v -2.299999 0.232740 2.706250
v -3.072287 0.125727 2.868089
v -2.446458 0.047654 3.675357
v -2.099991 0.047654 3.212628
v -2.778581 0.047654 2.627095
v -2.991254 0.047654 2.793226
v -3.241820 0.047654 3.058353
v -2.075869 0.047654 3.329911
v -2.184844 0.047654 3.002938
v -2.847329 0.047654 3.272339
v -2.819925 0.047654 3.702074
v -3.184798 0.047654 3.319334
v -2.396254 0.047654 2.667736
v -2.221179 0.456700 3.342045
v -3.212933 0.249236 3.235012
v -2.319344 0.437743 3.006476
v -2.291615 0.050915 2.690006
v -2.920916 0.347433 3.071645
v -2.036957 0.270405 2.540903
v -3.134311 0.250418 3.471384
v -2.545698 0.261238 3.617304
v -2.496430 0.517810 3.296974
v -2.206116 0.387084 3.154647
v -2.845405 0.159938 2.633707
v -2.967638 0.140726 2.762491
v -3.247683 0.103461 3.333402
v -2.046823 0.232489 2.387456
v -2.119531 0.292055 3.332678
v -2.143219 0.209612 3.156545
v -2.646545 0.095743 3.808200
v -3.856843 0.362743 2.447669
v -4.002036 0.403055 1.971242
v -2.315558 0.454245 2.344985
v -2.394310 0.371846 2.524036
v -3.748788 0.556418 2.441155
v -3.905324 0.588495 2.011546
v -3.750427 0.327353 1.461334
v -3.480726 0.150110 1.349863
v -3.369053 0.646029 1.498953
v -3.210509 0.929354 1.964441
v -3.353642 0.853998 2.448294
v -3.429989 0.663905 2.637260
v -2.547214 0.324192 2.733492
v -2.548192 0.092150 2.715038
v -3.240824 0.398028 2.828735
v -3.243634 0.123452 2.940254
v -3.438971 0.048421 2.865042
v -3.187244 0.501084 1.357676
v -2.744521 0.399261 1.411121
v -2.474434 0.572344 2.043768
v -2.964408 0.569363 2.768348
v -2.940018 0.912307 1.999778
v -3.111356 0.899819 2.401354
v -2.356590 0.518721 2.191072
v -3.453951 0.291161 2.803911
v -2.773854 0.034951 2.813803
v -2.276967 0.180525 2.291831
v -2.284847 0.181983 2.052558
v -2.293558 0.396882 1.980992
v -2.379610 0.048391 1.682102
v -3.145529 0.044350 2.914482
v -2.604229 0.079755 1.379080
v -2.400953 0.043898 2.487146
v -2.859395 0.654425 1.593089
v -2.986755 0.258843 2.896041
v -3.630874 0.737393 2.322671
v -2.695195 0.516060 2.702418
v -2.763938 0.243075 2.845918
v -2.264973 0.339411 2.133454
v -2.820189 0.048258 1.294268
v -3.295018 0.042770 1.353295
v -3.476730 0.751962 1.745655
v -3.035806 0.186927 1.267322
v -2.592376 0.554829 3.050730
v -2.928508 0.360161 3.068820
v -2.994558 0.279265 2.916743
v -3.114634 0.164743 3.566898
v -3.061921 0.042534 3.553049
v -3.242243 0.058625 2.992273
v -3.121399 0.048017 2.886673
v -2.192731 0.392970 3.150930
v -2.106187 0.298737 3.334893
v -2.408741 0.343486 3.540024
v -3.224849 0.258465 3.235696
v -2.495255 0.529801 3.306054
v -2.832980 0.374962 2.761126
v -2.541195 0.272638 3.626101
v -3.147317 0.254244 3.478004
v -2.386795 0.045351 2.656210
v -3.001557 0.047528 2.782206
v -3.083010 0.128304 2.857792
v -3.193511 0.036513 3.324584
v -2.490609 0.149840 3.688500
v -2.641904 0.100954 3.821577
v -2.438298 0.050724 3.687670
v -2.346990 0.198071 3.603447
v -2.176841 0.054628 3.510174
v -2.061713 0.052815 3.330687
v -2.212176 0.465798 3.350032
v -3.185501 0.185978 2.992236
v -3.314722 0.124060 3.145566
v -2.978528 0.146157 2.753572
v -3.261175 0.104488 3.340075
v -2.616198 0.112461 2.536027
v -2.085649 0.050098 3.208631
v -2.170894 0.047532 2.997195
v -2.501709 0.478821 2.875515
v -2.129319 0.213047 3.151793
v -2.316698 0.165869 2.601099
v -2.317575 0.132246 2.304639
v -1.992982 0.165095 2.513825
v -2.110470 0.176492 2.649002
v -2.113977 0.265165 2.527006
v -2.176212 0.215313 2.305979
vn -0.0000 -1.0000 -0.0000
vn -0.4412 0.8964 -0.0421
vn 0.8224 -0.3206 -0.4699
vn 0.4528 -0.0466 -0.8904
vn 0.8339 0.5396 -0.1159
vn 0.0863 0.7947 0.6009
vn -0.3983 0.9170 0.0206
vn -0.0870 0.9679 0.2358
vn -0.5835 0.4550 0.6727
vn 0.4961 0.8032 0.3297
vn -0.9517 -0.0459 0.3037
vn -0.6074 0.7799 -0.1511
vn 0.3698 0.8965 0.2440
vn -0.7323 0.5184 -0.4416
vn -0.5025 0.8569 -0.1148
vn 0.3760 0.6127 -0.6951
vn -0.9363 -0.0386 -0.3490
vn -0.5627 -0.4318 -0.7050
vn -0.8674 -0.3284 -0.3738
vn -0.6240 0.3724 0.6869
vn 0.3704 0.7733 -0.5147
vn 0.3019 0.9217 -0.2436
vn 0.2065 -0.1409 0.9683
vn 0.4801 -0.0656 0.8747
vn 0.8832 0.4670 -0.0430
vn -0.1809 0.8958 -0.4060
vn 0.8913 0.4533 0.0068
vn 0.4168 -0.8978 0.1419
vn -0.4843 -0.8609 0.1561
vn -0.6948 -0.0512 0.7174
vn 0.1477 0.7615 0.6311
vn 0.0239 -0.9891 0.1453
vn 0.0877 0.6233 -0.7771
vn -0.9558 -0.0451 0.2907
vn -0.9546 -0.0534 0.2932
vn -0.9555 -0.0467 0.2912
vn -0.8139 -0.5795 -0.0417
vn 0.2425 -0.1031 0.9647
vn 0.0287 -0.9991 -0.0324
vn 0.0135 -0.9324 0.3613
vn 0.1196 0.9188 -0.3761
vn 0.0076 -0.9962 -0.0863
vn -0.0409 0.2143 0.9759
vn -0.3740 -0.7105 -0.5961
vn -0.9459 -0.0801 -0.3144
vn 0.5937 -0.6083 0.5267
vn 0.4118 0.6217 -0.6663
vn 0.8938 0.1760 -0.4126
vn 0.7324 -0.4688 0.4938
vn -0.7873 0.5270 -0.3200
vn 0.0558 0.9969 0.0557
vn 0.6984 0.6899 0.1903
vn -0.5757 -0.8084 -0.1223
vn -0.1712 0.9802 0.0997
vn 0.7236 0.5945 -0.3507
vn 0.1645 0.6590 0.7339
vn 0.0971 0.8411 -0.5320
vn -0.7574 -0.0576 0.6504
vn 0.1077 0.7594 -0.6416
vn -0.6235 0.1109 0.7739
vn -0.5415 0.4033 0.7376
vn -0.5517 -0.8210 -0.1471
vn 0.7956 -0.6043 -0.0423
vn -0.9315 -0.1439 -0.3340
vn -0.5936 0.7216 0.3562
vn 0.4366 -0.1446 0.8880
vn 0.9749 -0.0461 -0.2176
vn -0.1720 -0.7163 0.6762
vn -0.8061 0.4123 -0.4246
vn -0.4696 -0.8802 0.0693
vn 0.0228 0.8812 -0.4722
vn -0.3764 -0.8172 -0.4365
vn -0.9543 -0.0548 0.2937
vn 0.1782 -0.1774 0.9679
vn -0.1140 -0.9935 -0.0058
vn -0.1611 0.9308 -0.3281
vn 0.1465 0.4441 -0.8839
vn 0.3289 -0.1492 0.9325
vn 0.0544 0.8713 -0.4878
vn -0.5024 0.8643 -0.0222
vn -0.4556 0.8867 -0.0784
vn -0.1721 0.8005 0.5741
vn 0.4476 -0.3296 0.8313
vn 0.4169 -0.8199 -0.3924
vn 0.3544 -0.8538 0.3814
vn -0.4919 0.8338 0.2506
vn -0.4956 -0.7963 -0.3468
vn -0.9834 0.1451 0.1088
vn -0.2098 0.5620 0.8001
vn 0.7208 0.3231 0.6132
vn -0.9557 0.1571 0.2489
vn -0.2820 -0.9328 0.2244
vn 0.6068 0.5618 0.5622
vn 0.1309 0.1588 0.9786
vn 0.8478 0.1242 0.5156
vn 0.2282 0.9683 -0.1016
vn 0.0004 -1.0000 0.0003
vn 0.9170 -0.0148 -0.3986
vn 0.8958 0.3919 -0.2099
vn 0.8955 0.4151 -0.1602
vn 0.7525 0.1493 0.6414
vn -0.1594 0.7964 0.5834
vn -0.0281 0.9768 -0.2124
vn 0.0279 -0.0314 -0.9991
vn 0.4226 0.4758 -0.7714
vn -0.1251 0.8899 0.4387
vn 0.0231 0.9702 -0.2412
vn -0.3604 0.6763 -0.6424
vn -0.0699 -0.9974 0.0190
vn 0.4287 0.8934 -0.1342
vn 0.1429 0.7424 -0.6545
vn 0.7820 0.4310 -0.4502
vn -0.0688 -0.9965 0.0467
vn -0.1125 -0.4743 -0.8731
vn -0.3918 -0.1987 -0.8983
vn 0.5840 0.1702 0.7937
vn 0.0737 -0.9970 -0.0237
vn -0.0578 0.8495 -0.5244
vn -0.6370 -0.7582 0.1395
vn -0.6391 -0.7559 0.1418
vn -0.6386 -0.7565 0.1413
vn 0.3583 -0.9034 0.2356
vn -0.0825 0.2286 0.9700
vn 0.3541 -0.8639 0.3582
vn -0.3657 -0.9303 0.0285
vn 0.5260 0.5172 0.6751
vn 0.2842 0.4840 0.8277
vn 0.9619 0.1742 -0.2109
vn -0.2811 0.9562 0.0820
vn 0.1958 -0.9399 0.2799
vn -0.2904 -0.9568 0.0142
vn 0.8288 -0.4306 0.3573
vn 0.0614 -0.8139 -0.5777
vn -0.6366 -0.7586 0.1391
vn -0.8532 -0.4652 -0.2358
vn -0.2767 -0.9343 -0.2250
vn -0.4920 -0.3148 0.8117
vn -0.5864 0.0405 0.8090
vn -0.1189 0.7095 0.6945
vn -0.0236 -0.9995 0.0225
vn -0.0055 -1.0000 -0.0042
vn -0.1601 0.9434 0.2906
vn -0.0218 -0.9483 0.3165
vn 0.2844 0.3220 0.9030
vn -0.2549 -0.8146 0.5210
vn 0.1868 0.7315 -0.6557
vn -0.3853 0.8927 0.2339
vn -0.1798 -0.9345 -0.3071
vn 0.1560 0.9381 0.3093
vn -0.4972 0.8602 0.1137
vn -0.2022 0.7793 0.5931
vn -0.9502 -0.0486 0.3079
vn 0.2854 0.9543 -0.0890
vn -0.6374 -0.2208 -0.7382
vn 0.6286 0.7442 -0.2259
vn 0.3461 0.3906 0.8530
vn 0.5873 -0.3664 -0.7217
vn 0.5362 -0.7893 -0.2992
vn -0.5264 0.5608 -0.6391
vn -0.6870 0.2894 -0.6666
vn 0.2534 -0.9665 -0.0399
vn -0.4770 0.8100 -0.3411
vn -0.4860 -0.6301 0.6056
vn -0.4551 -0.6243 -0.6349
vn -0.0063 -1.0000 -0.0049
vn 0.2486 0.5340 -0.8081
vn -0.2317 -0.9701 -0.0722
vn 0.2854 -0.7583 0.5861
vn -0.3657 -0.1637 -0.9162
vn -0.7811 0.3422 -0.5223
vn -0.5504 0.1903 0.8129
vn -0.4650 -0.5380 0.7030
vn 0.0269 -0.9263 0.3758
vn 0.7115 0.1193 0.6925
vn -0.1750 0.3194 -0.9313
vn -0.1997 0.8657 -0.4589
vn -0.5339 0.6957 -0.4805
vn -0.7516 0.4884 -0.4434
vn -0.5371 0.6783 0.5014
vn -0.5176 0.6987 0.4938
vn 0.2891 0.3662 0.8845
vn 0.6045 0.5583 0.5683
vn 0.5730 0.7388 -0.3549
vn 0.2345 0.6322 -0.7384
vn -0.3892 0.3445 -0.8543
vn -0.8713 0.3895 0.2985
vn -0.8186 0.4679 0.3332
vn 0.9786 0.1034 0.1779
vn 0.5473 0.7180 -0.4301
vn 0.6326 0.7371 -0.2377
vn 0.2959 0.2231 -0.9288
vn -0.1114 -0.3536 -0.9287
vn -0.1511 -0.2916 -0.9445
vn 0.2031 -0.0664 0.9769
vn -0.1528 -0.4723 0.8681
vn 0.8454 -0.0459 0.5322
vn 0.7919 -0.6105 0.0176
vn 0.7848 0.2803 -0.5527
vn 0.3931 -0.8146 0.4265
vn 0.6529 0.6121 -0.4462
vn -0.0371 0.3794 0.9245
vn -0.0352 0.3823 0.9234
vn -0.0390 0.3765 0.9256
vn -0.1340 0.5146 0.8469
vn -0.0514 0.7144 0.6979
vn -0.6960 0.6513 0.3022
vn -0.5667 0.6380 -0.5213
vn -0.4432 0.8794 -0.1737
vn 0.5181 0.8418 0.1519
vn 0.6017 0.5914 0.5368
vn -0.4174 0.1976 0.8870
vn -0.3036 0.4051 0.8624
vn -0.2854 0.3632 0.8869
vn 0.2714 0.3772 0.8855
vn 0.9064 0.0462 0.4199
vn 0.9936 -0.1083 -0.0334
vn 0.3091 0.3056 -0.9006
vn -0.1940 0.1837 -0.9637
vn 0.1922 0.3557 -0.9146
vn -0.0390 0.3764 0.9257
vn 0.8409 0.0104 0.5411
vn 0.8138 -0.1739 0.5545
vn 0.7200 -0.6934 -0.0279
vn 0.7271 0.3768 -0.5738
vn 0.2444 -0.9292 -0.2774
vn 0.4832 -0.1663 -0.8596
vn -0.7089 0.3228 -0.6272
vn -0.4046 0.3570 -0.8419
vn -0.4643 0.4419 -0.7676
vn -0.7282 -0.3788 0.5711
vn 0.5897 0.5455 0.5955
vn 0.5658 0.3188 0.7604
vn 0.2952 0.5267 0.7972
vn 0.9206 0.1168 -0.3726
vn 0.9546 0.0364 -0.2957
vn -0.3451 -0.0224 -0.9383
vn 0.7070 0.5473 0.4479
vn 0.8274 -0.2056 -0.5226
vn 0.5661 0.2892 0.7719
vn -0.6827 0.6628 -0.3077
vn -0.5150 0.7952 -0.3200
vn -0.4426 0.8571 -0.2637
vn -0.4661 0.5874 -0.6616
vn 0.4810 0.6629 -0.5738
vn -0.0602 0.9040 -0.4233
vn -0.1074 0.9570 0.2694
vn -0.6811 -0.0016 -0.7322
vn -0.7068 0.5125 -0.4876
vn -0.6553 0.0421 -0.7542
vn -0.8293 0.4342 0.3519
vn -0.6141 -0.6961 0.3720
vn 0.5232 0.1548 0.8380
vn -0.1480 0.3522 0.9241
vn 0.5748 0.2970 0.7625
vn 0.9625 0.1906 -0.1930
vn 0.8862 0.3107 -0.3438
vn 0.9100 0.3194 -0.2645
vn -0.0072 0.7864 -0.6177
vn -0.7906 0.6087 -0.0667
vn 0.6770 0.6328 -0.3758
vn -0.5957 -0.6847 -0.4199
vn -0.7449 0.2988 0.5965
vn 0.7003 0.2571 -0.6660
vt 0.932044 0.655849
vt 0.954873 0.655849
vt 0.952924 0.655850
vt 0.940798 0.655849
vt 0.960027 0.655849
vt 0.971159 0.655849
vt 0.949854 0.655849
vt 0.968536 0.839012
vt 0.960105 0.876324
vt 0.964437 0.984237
vt 0.276666 0.581243
vt 0.276498 0.705835
vt 0.268635 0.650391
vt 0.278265 0.625076
vt 0.257919 0.808291
vt 0.248792 0.855859
vt 0.251181 0.746743
vt 0.246148 0.897663
vt 0.237197 0.775972
vt 0.953137 0.888936
vt 0.231239 0.729696
vt 0.227965 0.717682
vt 0.223041 0.700180
vt 0.220652 0.688900
vt 0.224561 0.659225
vt 0.950301 0.885813
vt 0.932965 0.836825
vt 0.946347 0.802594
vt 0.237432 0.720439
vt 0.264788 0.796529
vt 0.255281 0.734025
vt 0.249622 0.786862
vt 0.938963 0.780428
vt 0.267507 0.725708
vt 0.255873 0.914010
vt 0.279086 0.701927
vt 0.275265 0.772140
vt 0.967085 0.698794
vt 0.975040 0.775948
vt 0.972295 0.723986
vt 0.969513 0.772358
vt 0.958232 0.806791
vt 0.959263 0.735779
vt 0.952046 0.737652
vt 0.262636 0.845638
vt 0.265097 0.864365
vt 0.931450 0.655849
vt 0.930824 0.736436
vt 0.934330 0.746374
vt 0.929798 0.678211
vt 0.929457 0.770801
vt 0.943897 0.721386
vt 0.949052 0.751495
vt 0.227662 0.619111
vt 0.234132 0.661180
vt 0.233876 0.663593
vt 0.227232 0.622131
vt 0.271703 0.522267
vt 0.269469 0.573239
vt 0.269949 0.574614
vt 0.272187 0.519749
vt 0.234663 0.549289
vt 0.234503 0.544988
vt 0.937019 0.842405
vt 0.279678 0.522267
vt 0.280256 0.522553
vt 0.233913 0.928525
vt 0.234704 0.869334
vt 0.234353 0.874793
vt 0.233520 0.934394
vt 0.936848 0.655849
vt 0.271968 0.522267
vt 0.272415 0.522622
vt 0.223158 0.627483
vt 0.222669 0.630190
vt 0.260612 0.594743
vt 0.260788 0.590905
vt 0.218584 0.522267
vt 0.220528 0.522267
vt 0.220016 0.520556
vt 0.218004 0.522637
vt 0.241760 0.793767
vt 0.252000 0.965755
vt 0.252093 0.972912
vt 0.241645 0.798687
vt 0.969181 0.655849
vt 0.963662 0.655849
vt 0.226444 0.831932
vt 0.220478 0.643993
vt 0.219931 0.646709
vt 0.226007 0.837231
vt 0.943846 0.655849
vt 0.262791 0.695717
vt 0.263156 0.700747
vt 0.265904 0.823318
vt 0.266203 0.828094
vt 0.254932 0.756548
vt 0.255080 0.763023
vt 0.254163 0.957533
vt 0.238200 0.951040
vt 0.238220 0.957815
vt 0.254302 0.964198
vt 0.959997 0.971963
vt 0.272922 0.751000
vt 0.273402 0.754008
vt 0.262362 0.660808
vt 0.262666 0.665209
vt 0.227843 0.785172
vt 0.227375 0.788908
vt 0.228379 0.522267
vt 0.228219 0.515752
vt 0.961579 0.922849
vt 0.970687 0.910341
vt 0.967982 0.876328
vt 0.946509 0.738767
vt 0.949598 0.840039
vt 0.241922 0.700049
vt 0.241814 0.703902
vt 0.269018 0.826956
vt 0.269410 0.832385
vt 0.943829 0.655850
vt 0.229102 0.777474
vt 0.228753 0.782291
vt 0.227501 0.679709
vt 0.227157 0.683297
vt 0.258078 0.671357
vt 0.250303 0.728485
vt 0.250270 0.730067
vt 0.258238 0.671372
vt 0.244338 0.522267
vt 0.244263 0.520325
vt 0.233429 0.758059
vt 0.233074 0.761663
vt 0.970274 0.526926
vt 0.944384 0.526926
vt 0.926609 0.526926
vt 0.945759 0.526926
vt 0.973830 0.526926
vt 0.962040 0.831582
vt 0.957018 0.714519
vt 0.942670 0.869902
vt 0.929040 0.714518
vt 0.939591 0.714518
vt 0.250037 0.752696
vt 0.260672 0.571502
vt 0.261510 0.580876
vt 0.250482 0.759324
vt 0.276888 0.571502
vt 0.277933 0.579783
vt 0.231845 0.769010
vt 0.231163 0.777556
vt 0.259693 0.709780
vt 0.264601 0.833304
vt 0.265736 0.839665
vt 0.260266 0.706769
vt 0.230535 0.571502
vt 0.229989 0.578027
vt 0.244477 0.902523
vt 0.244248 0.919421
vt 0.963826 0.714518
vt 0.220544 0.571502
vt 0.219523 0.576651
vt 0.228874 0.752307
vt 0.228165 0.760561
vt 0.268950 0.718210
vt 0.262043 0.867145
vt 0.245800 0.927804
vt 0.268121 0.651366
vt 0.257537 0.804448
vt 0.254219 0.582748
vt 0.247579 0.589521
vt 0.247922 0.589914
vt 0.254555 0.582985
vt 0.228469 0.715183
vt 0.237655 0.714411
vt 0.231556 0.722250
vt 0.264596 0.582748
vt 0.276002 0.582748
vt 0.265076 0.582668
vt 0.255215 0.726957
vt 0.248767 0.665642
vt 0.248844 0.673094
vt 0.232737 0.619198
vt 0.234380 0.582748
vt 0.234006 0.575471
vt 0.232223 0.619868
vt 0.226558 0.584004
vt 0.225165 0.657889
vt 0.226029 0.579403
vt 0.256692 0.582748
vt 0.257101 0.584344
vt 0.251893 0.582748
vt 0.235809 0.678141
vt 0.235391 0.680993
vt 0.252088 0.586119
vt 0.242483 0.582748
vt 0.242278 0.587303
vt 0.249620 0.778549
vt 0.255707 0.904634
vt 0.251062 0.742379
vt 0.258473 0.688531
vt 0.258909 0.690774
vt 0.240129 0.626665
vt 0.239963 0.632652
vt 0.951616 0.847637
vt 0.961913 0.814395
vt 0.960067 0.655850
vt 0.966838 0.760904
vt 0.230596 0.582748
vt 0.230183 0.584753
vt 0.277581 0.625965
vt 0.262258 0.837535
vt 0.275859 0.703637
vt 0.938601 0.694055
vt 0.935121 0.698544
vt 0.256174 0.633741
vt 0.256456 0.635424
vt 0.221472 0.614157
vt 0.220956 0.617560
vt 0.221012 0.680401
vt 0.270225 0.656087
vt 0.262544 0.643538
vt 0.262762 0.647085
vt 0.270605 0.659349
vt 0.246531 0.889831
vt 0.237602 0.769542
vt 0.260801 0.582748
vt 0.261122 0.582665
vt 0.941732 0.785413
vt 0.249000 0.849917
vt 0.932146 0.782027
vt 0.256292 0.882240
vt 0.243070 0.687950
vt 0.258686 0.790431
vt 0.277169 0.701963
vt 0.252601 0.590160
vt 0.280059 0.538652
vt 0.278453 0.593432
vt 0.217878 0.560988
vt 0.221776 0.701333
vt 0.229298 0.649490
s 1
usemtl Material.004
f 440/401/498 423/402/498 411/403/498
f 423/402/498 440/401/498 439/404/498
f 434/405/498 442/406/498 435/407/498
f 446/408/499 448/409/499 420/410/499
f 579/411/500 422/412/500 417/413/500
f 594/414/501 422/412/501 579/411/501
f 571/415/502 589/416/502 572/417/502
f 589/416/503 575/418/503 573/419/503
f 448/409/504 447/420/504 420/410/504
f 577/421/505 578/422/505 457/423/505
f 437/424/506 578/422/506 567/425/506
f 428/426/507 449/427/507 450/428/507
f 567/425/508 578/422/508 574/429/508
f 576/430/509 566/431/509 565/432/509
f 450/428/510 449/427/510 416/433/510
f 566/431/511 576/430/511 429/434/511
f 576/430/512 565/432/512 564/435/512
f 458/436/513 426/437/513 422/412/513
f 427/438/514 430/439/514 442/406/514
f 442/406/515 430/439/515 419/440/515
f 427/438/516 410/441/516 430/439/516
f 418/442/517 453/443/517 454/444/517
f 422/412/518 426/437/518 414/445/518
f 597/446/519 564/435/519 414/445/519
f 441/447/520 455/448/520 415/449/520
f 455/448/521 412/450/521 425/451/521
f 416/433/522 456/452/522 450/428/522
f 426/437/523 576/430/523 564/435/523
f 450/428/524 456/452/524 424/453/524
f 455/454/525 425/455/525 533/456/525 558/457/525
f 438/458/526 419/459/526 528/460/526 561/461/526
f 425/455/527 412/462/527 534/463/527 533/456/527
f 428/426/528 447/420/528 444/464/528 449/427/528
f 433/465/529 438/458/529 561/461/529 560/466/529
f 447/467/530 448/468/530 556/469/530 531/470/530
f 410/441/531 427/438/532 453/443/533
f 434/405/534 427/438/534 442/406/534
f 415/449/535 436/471/535 441/447/535
f 411/472/536 433/465/536 560/466/536 550/473/536
f 415/474/537 455/454/537 558/457/537 555/475/537
f 411/472/538 432/476/538 548/477/538 550/473/538
f 413/478/539 436/479/539 551/480/539 537/481/539
f 446/482/540 420/483/540 530/484/540 526/485/540
f 419/440/541 438/486/541 442/406/541
f 439/404/498 440/401/498 441/447/498
f 435/407/498 442/406/498 433/487/498
f 423/402/498 435/407/498 433/487/498
f 421/488/542 431/489/542 545/490/542 532/491/542
f 436/471/498 413/492/498 435/407/498
f 424/493/543 411/472/543 550/473/543 549/494/543
f 448/468/544 446/482/544 526/485/544 556/469/544
f 420/483/545 445/495/545 529/496/545 530/484/545
f 450/497/546 424/493/546 549/494/546 544/498/546
f 451/499/547 428/500/547 543/501/547 542/502/547
f 428/426/548 451/503/548 420/410/548
f 445/495/549 452/504/549 538/505/549 529/496/549
f 419/459/550 430/506/550 527/507/550 528/460/550
f 420/410/551 447/420/551 428/426/551
f 444/508/552 447/467/552 531/470/552 541/509/552
f 412/462/553 441/510/553 546/511/553 534/463/553
f 443/512/554 445/513/554 420/410/554 451/503/554
f 453/443/555 434/405/555 435/407/555 454/444/555
f 443/512/556 452/514/556 445/513/556
f 435/407/557 413/492/557 431/515/557 454/444/557
f 421/516/558 418/442/558 454/444/558 431/515/558
f 430/506/559 410/517/559 522/518/559 527/507/559
f 436/479/560 415/474/560 555/475/560 551/480/560
f 431/489/561 413/478/561 537/481/561 545/490/561
f 452/504/562 443/519/562 554/520/562 538/505/562
f 412/450/563 455/448/563 441/447/563
f 432/521/564 411/403/564 424/453/564 456/452/564
f 418/522/565 421/488/565 532/491/565 525/523/565
f 443/519/566 451/499/566 542/502/566 554/520/566
f 410/517/567 453/524/567 521/525/567 522/518/567
f 456/526/568 416/527/568 523/528/568 559/529/568
f 441/510/569 440/530/569 553/531/569 546/511/569
f 434/405/570 453/443/533 427/438/532
f 428/500/571 450/497/571 544/498/571 543/501/571
f 440/530/572 411/472/572 550/473/572 553/531/572
f 416/527/573 449/532/573 557/533/573 523/528/573
f 432/476/574 456/526/574 559/529/574 548/477/574
f 453/524/575 418/522/575 525/523/575 521/525/575
f 449/532/576 444/508/576 541/509/576 557/533/576
f 433/487/498 442/406/498 438/486/498
f 439/404/498 435/407/498 423/402/498
f 436/471/498 435/407/498 439/404/498
f 441/447/498 436/471/498 439/404/498
f 433/487/498 411/403/498 423/402/498
f 461/534/498 463/535/498 462/536/498
f 461/534/498 462/536/498 464/537/498
f 461/534/498 464/537/498 460/538/498
f 470/539/577 468/540/577 469/541/577
f 468/540/578 467/542/578 469/541/578
f 467/542/579 466/543/579 469/541/579
f 465/544/580 461/545/580 471/546/580 601/547/580
f 461/545/581 460/548/581 479/549/581 471/546/581
f 466/550/582 465/544/582 601/547/582 602/551/582
f 468/552/583 470/553/583 604/554/583 600/555/583
f 460/548/584 464/556/584 490/557/584 479/549/584
f 469/558/585 466/550/585 602/551/585 603/559/585
f 462/536/586 466/543/586 467/542/586
f 463/535/587 465/560/587 466/543/587
f 470/553/588 469/558/588 603/559/588 604/554/588
f 464/556/589 462/561/589 507/562/589 490/557/589
f 462/561/590 467/563/590 599/564/590 507/562/590
f 462/536/591 463/535/591 466/543/591
f 463/535/592 461/534/592 465/560/592
f 467/563/593 468/552/593 600/555/593 599/564/593
f 501/401/498 484/402/498 472/403/498
f 484/402/498 501/401/498 500/404/498
f 495/405/498 503/406/498 496/407/594
f 601/547/595 477/565/595 517/566/595
f 491/439/596 506/513/596 480/440/596
f 509/567/597 601/547/597 517/566/597
f 602/551/598 601/547/598 509/567/598
f 603/559/599 602/551/599 509/567/599
f 604/554/600 603/559/600 509/567/600
f 477/565/601 600/555/601 604/554/601
f 517/566/602 477/565/602 604/554/602
f 489/426/603 510/427/603 511/428/603
f 517/566/604 604/554/604 509/567/604
f 480/568/605 513/569/605 571/415/605 417/413/605
f 474/570/606 487/571/606 569/572/606 570/573/606
f 510/574/607 505/575/607 574/429/607 578/422/607
f 511/576/608 510/574/608 578/422/608 577/421/608
f 506/513/609 513/514/609 480/440/609
f 499/577/610 503/578/610 579/411/610 596/579/610
f 482/580/611 483/581/611 590/582/611 566/431/611
f 516/583/612 502/584/612 582/585/612 593/586/612
f 473/587/613 486/588/613 567/425/613 568/589/613
f 494/590/614 499/577/614 596/579/614 595/591/614
f 498/592/615 485/593/615 586/594/615 588/595/615
f 502/447/616 516/448/617 476/449/618
f 472/596/619 498/592/619 588/595/619 587/597/619
f 508/598/620 481/599/620 564/435/620 565/432/620
f 518/600/621 519/601/621 598/602/621 572/417/621
f 476/603/622 516/583/622 593/586/622 591/604/622
f 475/605/623 485/453/623 518/606/623
f 511/428/624 485/453/624 475/605/624
f 518/606/625 498/607/625 519/608/625
f 489/426/626 508/420/626 505/464/626 510/427/626
f 493/609/627 472/596/627 587/597/627 585/610/627
f 503/578/628 488/611/628 594/414/628 579/411/628
f 506/612/629 491/613/629 422/412/629 414/445/629
f 495/405/630 488/438/630 503/406/630
f 476/449/618 497/471/631 502/447/616
f 476/449/632 487/614/632 497/471/632
f 497/471/633 487/614/633 474/492/633
f 520/615/634 486/451/634 473/450/634
f 472/403/498 493/521/498 501/401/498
f 492/616/635 482/580/635 566/431/635 581/617/635
f 519/601/636 498/592/636 588/595/636 598/602/636
f 500/404/498 501/401/498 502/447/498
f 496/407/594 503/406/498 494/487/498
f 484/402/498 496/407/594 494/487/498
f 473/450/637 502/447/637 501/401/637
f 497/471/498 474/492/638 496/407/594
f 487/571/639 492/616/639 581/617/639 569/572/639
f 520/618/640 493/609/640 585/610/640 584/619/640
f 481/599/641 506/612/641 414/445/641 564/435/641
f 486/588/642 478/620/642 437/424/642 567/425/642
f 485/593/643 511/576/643 577/421/643 586/594/643
f 489/426/644 512/503/644 481/410/644
f 514/621/645 515/622/645 592/623/645 459/624/645
f 491/613/646 480/568/646 417/413/646 422/412/646
f 481/410/647 508/420/647 489/426/647
f 489/426/648 511/428/648 475/605/648 512/503/648
f 512/625/649 475/626/649 573/419/649 575/418/649
f 504/512/650 506/513/650 481/410/650 512/503/650
f 514/443/651 495/405/651 496/407/651 515/444/651
f 504/512/652 513/514/652 506/513/652
f 505/575/653 508/598/653 565/432/653 574/429/653
f 515/622/654 496/627/654 580/628/654 592/623/654
f 502/584/655 473/587/655 568/589/655 582/585/655
f 482/516/656 492/515/656 483/629/656
f 483/629/657 492/515/657 487/614/657
f 498/592/658 494/590/658 595/591/658 588/595/658
f 513/569/659 504/630/659 589/416/659 571/415/659
f 478/620/660 520/618/660 584/619/660 437/424/660
f 483/581/661 476/603/661 591/604/661 590/582/661
f 496/627/594 474/570/638 570/573/662 580/628/662
f 504/630/663 512/625/663 575/418/663 589/416/663
f 488/611/664 514/621/664 459/624/664 594/414/664
f 475/626/665 518/600/665 572/417/665 573/419/665
f 495/405/666 514/443/666 488/438/666
f 483/629/667 487/614/667 476/449/667
f 501/401/668 520/615/668 473/450/668
f 478/631/669 486/451/669 520/615/669
f 520/615/670 501/401/670 493/521/670
f 518/606/671 485/453/671 498/607/671
f 498/607/498 472/403/498 494/487/498
f 494/487/498 503/406/498 499/486/498
f 500/404/498 496/407/594 484/402/498
f 497/471/498 496/407/594 500/404/498
f 502/447/498 497/471/498 500/404/498
f 494/487/498 472/403/498 484/402/498
f 527/507/672 529/496/672 528/460/672
f 562/632/673 530/484/673 529/496/673
f 527/507/674 526/485/674 529/496/674
f 522/518/675 526/485/675 527/507/675
f 532/491/676 556/469/676 525/523/676
f 556/469/677 532/491/677 531/470/677
f 533/456/678 557/533/678 541/509/678
f 524/633/679 557/533/679 533/456/679
f 554/520/680 542/502/680 540/634/680
f 538/505/681 554/520/681 539/635/681
f 529/496/682 538/505/682 528/460/682
f 521/525/683 526/485/683 522/518/683
f 521/525/684 525/523/684 526/485/684
f 559/529/685 523/528/685 547/636/685
f 540/634/686 549/494/686 539/635/686
f 544/498/687 549/494/687 540/634/687
f 539/635/688 552/637/688 563/638/688
f 563/638/689 560/466/689 561/461/689
f 528/460/690 563/638/690 561/461/690
f 555/475/691 536/639/691 551/480/691
f 551/480/692 536/639/692 537/481/692
f 547/636/693 533/456/693 534/463/693
f 550/473/694 548/477/694 553/531/694
f 552/637/695 549/494/695 550/473/695
f 534/463/696 546/511/696 553/531/696
f 539/635/697 554/520/697 540/634/697
f 555/475/698 541/509/699 535/640/700
f 535/640/701 541/509/701 532/491/701
f 531/470/702 532/491/702 541/509/702
f 526/485/703 525/523/703 556/469/703
f 529/496/704 526/485/704 562/632/704
f 530/484/705 562/632/705 526/485/705
f 543/501/706 544/498/706 540/634/706 542/502/706
f 524/633/707 523/528/707 557/533/707
f 537/481/708 536/639/708 545/490/708
f 532/491/709 545/490/709 535/640/709
f 535/640/710 545/490/710 536/639/710
f 558/457/711 533/456/711 541/509/711 555/475/711
f 547/636/712 523/528/712 524/633/712
f 548/477/713 559/529/713 547/636/713
f 563/638/714 552/637/714 560/466/714
f 538/505/715 563/638/715 528/460/715
f 539/635/716 563/638/716 538/505/716
f 535/640/700 536/639/717 555/475/698
f 553/531/718 547/636/718 534/463/718
f 524/633/719 533/456/719 547/636/719
f 547/636/720 553/531/720 548/477/720
f 539/635/721 549/494/721 552/637/721
f 552/637/722 550/473/722 560/466/722
f 594/414/723 458/436/723 422/412/723
f 429/434/724 459/624/724 592/623/724
f 459/624/725 426/437/725 458/436/725
f 459/624/726 429/434/726 426/437/726
f 593/586/727 568/589/727 567/425/727
f 457/423/728 583/641/728 577/421/728
f 583/641/729 457/423/729 584/619/729
f 577/421/730 583/641/730 586/594/730
f 598/602/731 595/591/731 596/579/731
f 417/413/732 598/602/732 596/579/732
f 458/436/733 594/414/733 459/624/733
f 588/595/734 586/594/734 587/597/734
f 417/413/735 596/579/735 579/411/735
f 572/417/736 589/416/736 573/419/736
f 591/604/737 574/429/737 590/582/737
f 590/582/738 574/429/738 566/431/738
f 565/432/739 566/431/739 574/429/739
f 426/437/740 429/434/740 576/430/740
f 414/445/741 426/437/741 597/446/741
f 564/435/742 597/446/742 426/437/742
f 437/424/743 457/423/743 578/422/743
f 580/628/744 570/573/744 581/617/744 592/623/744
f 566/431/745 429/434/745 592/623/745 581/617/745
f 570/573/746 569/572/746 581/617/746
f 593/586/747 567/425/747 574/429/747 591/604/747
f 568/589/748 593/586/748 582/585/748
f 585/610/749 587/597/749 586/594/749 583/641/749
f 584/619/750 457/423/750 437/424/750
f 585/610/751 583/641/751 584/619/751
f 598/602/752 588/595/752 595/591/752
f 571/415/753 598/602/753 417/413/753
f 572/417/754 598/602/754 571/415/754
f 479/549/755 600/555/755 477/565/755
f 490/557/756 599/564/756 600/555/756
f 471/546/757 477/565/757 601/547/757
f 479/549/758 490/557/758 600/555/758
f 490/557/759 507/562/759 599/564/759
f 471/546/760 479/549/760 477/565/760
o Grass_bush_high_01
v -1.773078 -0.023708 2.839080
v -1.468198 -0.023708 2.729433
v -1.770719 -0.023708 2.785491
v -1.517781 -0.023708 2.691186
v -1.601252 0.734848 3.016685
v -1.611661 0.719122 3.056249
v -1.357901 0.667919 2.994326
v -1.390190 0.693388 2.962839
v -1.306731 1.231746 3.334661
v -1.316126 1.214221 3.355419
v -1.144812 1.194971 3.327893
v -1.164092 1.216894 3.310524
v -1.005906 1.507826 4.013463
v -1.594473 -0.023708 2.728994
v -1.287973 -0.023708 2.511060
v -1.608600 -0.023708 2.668354
v -1.355361 -0.023708 2.483817
v -1.419362 0.847245 2.801749
v -1.418622 0.828991 2.849230
v -1.154335 0.769557 2.700633
v -1.200277 0.799121 2.675537
v -0.943856 1.406141 3.041058
v -0.947866 1.385799 3.067200
v -0.764979 1.363454 2.982843
v -0.791963 1.388901 2.969459
v -0.478402 1.754032 3.616293
v -1.952597 -0.023708 2.645414
v -1.595464 -0.023708 2.763287
v -1.912105 -0.023708 2.598114
v -1.613428 -0.023708 2.692855
v -1.864702 0.851805 2.868842
v -1.902520 0.833551 2.897562
v -1.626257 0.774117 3.022491
v -1.633248 0.803681 2.970609
v -1.961971 1.456499 3.301568
v -1.985410 1.436157 3.313821
v -1.809118 1.413813 3.411213
v -1.814317 1.439260 3.381544
v -2.223457 1.754032 3.918997
v -1.825511 -0.023708 2.411908
v -1.711482 -0.023708 2.737500
v -1.746704 -0.023708 2.449909
v -1.670318 -0.023708 2.685048
v -1.839200 0.789367 2.586593
v -1.881232 0.772622 2.575158
v -1.817562 0.718103 2.845896
v -1.783749 0.745222 2.811798
v -2.353906 1.352368 2.743592
v -2.375925 1.333708 2.733403
v -2.348143 1.313212 2.916052
v -2.329478 1.336554 2.895679
v -2.915213 1.607022 3.120825
v -1.667193 -0.023708 2.353825
v -1.833374 -0.023708 2.691200
v -1.625955 -0.023708 2.400475
v -1.761134 -0.023708 2.683160
v -1.884481 0.916567 2.429687
v -1.907688 0.898313 2.388257
v -2.069661 0.838880 2.644563
v -2.017312 0.868443 2.644823
v -2.326233 1.409637 2.259243
v -2.335124 1.389295 2.234334
v -2.455985 1.366951 2.395444
v -2.425882 1.392398 2.394403
v -3.004128 1.754031 1.939818
v -1.558287 -0.023708 2.288648
v -1.892154 -0.023708 2.479166
v -1.550079 -0.023708 2.351758
v -1.826383 -0.023708 2.513718
v -1.686015 0.905279 2.209039
v -1.681945 0.886622 2.160673
v -1.965835 0.825874 2.284958
v -1.921658 0.856091 2.315150
v -2.053484 1.493465 1.780305
v -2.046751 1.472673 1.754123
v -2.241327 1.449834 1.821342
v -2.215242 1.475844 1.837696
v -2.360090 1.793351 1.157007
v -1.408839 -0.023708 2.553020
v -1.637042 -0.023708 2.254086
v -1.468966 -0.023708 2.569195
v -1.661984 -0.023708 2.322359
v -1.408556 0.927533 2.276722
v -1.361128 0.909279 2.274373
v -1.518601 0.849845 2.015276
v -1.542125 0.879409 2.062044
v -1.017213 1.446765 1.889799
v -0.990949 1.426423 1.892920
v -1.081460 1.404078 1.712998
v -1.093922 1.429525 1.740421
v -0.552098 1.754031 1.259263
v -1.790420 -0.023708 2.627031
v -1.580851 -0.023708 2.392002
v -1.590123 -0.023708 2.708927
v -1.630153 -0.023708 2.433638
v -1.366038 0.718591 2.595638
v -1.328446 0.702386 2.614721
v -1.335679 0.649620 2.345640
v -1.374414 0.675867 2.371324
v -0.915709 1.270060 2.510681
v -0.896840 1.252001 2.524657
v -0.887340 1.232163 2.346103
v -0.909026 1.254755 2.361750
v -0.268573 1.554565 2.143671
v -1.434372 -0.023708 2.450760
v -1.514099 -0.023708 2.669625
v -1.699137 -0.023708 2.428134
v -1.502621 -0.023708 2.608778
v -1.729460 0.718107 2.694194
v -1.768995 0.702557 2.702758
v -1.600650 0.651927 2.898644
v -1.587376 0.677112 2.856070
v -1.955682 1.263587 2.922236
v -1.978190 1.246258 2.923262
v -1.877123 1.227223 3.061907
v -1.870459 1.248901 3.037128
v -2.339067 1.563051 3.359122
v -1.628512 -0.023708 2.705102
v -1.407734 -0.023708 2.495784
v -1.566797 -0.023708 2.710143
v -1.638956 0.722119 2.458970
v -1.651615 0.706569 2.420549
v -1.828788 0.655939 2.608489
v -1.785057 0.681123 2.617230
v -1.956226 1.239453 2.266915
v -1.959604 1.222124 2.244639
v -2.086898 1.203089 2.359674
v -2.061558 1.224767 2.363705
v -2.330784 1.576674 1.966332
v -1.564722 -0.023708 2.815649
v -1.770958 -0.023708 2.571013
v -1.614448 -0.023708 2.831899
v -1.487379 0.727522 2.668684
v -1.447128 0.711972 2.664651
v -1.592215 0.661342 2.450966
v -1.610224 0.686527 2.491764
v -1.212649 1.248049 2.399354
v -1.190171 1.230720 2.400882
v -1.274892 1.211685 2.251687
v -1.284318 1.233363 2.275553
v -0.798757 1.555869 2.069151
vn -0.0000 -1.0000 -0.0000
vn 0.0825 -0.5539 0.8285
vn -0.2549 0.3575 -0.8985
vn 0.2455 -0.3503 0.9039
vn 0.6687 0.1634 -0.7254
vn -0.9663 0.2404 -0.0919
vn 0.8232 0.4347 -0.3652
vn 0.7390 0.1209 -0.6628
vn -0.8594 0.5113 -0.0003
vn -0.0877 0.5753 -0.8132
vn -0.8069 0.5778 0.1226
vn 0.0303 0.9211 -0.3880
vn -0.0343 -0.9066 0.4207
vn 0.3000 -0.5599 0.7723
vn -0.5118 0.2611 -0.8184
vn 0.5045 -0.2504 0.8263
vn 0.4435 0.1300 -0.8868
vn -0.9697 0.1813 0.1639
vn 0.6928 0.4303 -0.5787
vn 0.5088 0.0746 -0.8576
vn -0.7864 0.5608 0.2591
vn -0.3004 0.5820 -0.7557
vn -0.7820 0.5443 0.3036
vn -0.1102 0.8875 -0.4475
vn 0.1165 -0.8681 0.4825
vn -0.4459 -0.5520 0.7046
vn 0.3559 0.2813 -0.8912
vn -0.3666 -0.2707 0.8901
vn 0.9799 0.0894 -0.1783
vn -0.7043 0.2411 -0.6677
vn 0.7990 0.5184 0.3046
vn 0.9659 0.2573 0.0292
vn -0.6648 0.3608 -0.6541
vn 0.4328 0.5714 -0.6973
vn -0.6969 0.4846 -0.5287
vn 0.2784 0.9060 -0.3187
vn -0.3039 -0.8874 0.3466
vn -0.7437 -0.6673 0.0396
vn 0.9520 0.1667 -0.2567
vn -0.9515 -0.1478 0.2700
vn 0.7546 0.0075 0.6561
vn 0.3466 0.2026 -0.9159
vn 0.4694 0.3370 0.8162
vn 0.4951 0.3456 0.7971
vn 0.1130 0.3610 -0.9257
vn 0.7308 0.6810 -0.0465
vn -0.2039 0.6435 -0.7378
vn 0.4271 0.9038 0.0254
vn -0.4678 -0.8834 -0.0280
vn -0.5631 -0.6510 -0.5091
vn 0.8450 0.2397 0.4781
vn -0.8422 -0.2283 -0.4884
vn 0.0476 0.0616 0.9970
vn 0.7635 0.2253 -0.6053
vn -0.3566 0.4553 0.8158
vn -0.1910 0.2996 0.9348
vn 0.6951 0.4221 -0.5819
vn 0.5557 0.6689 0.4936
vn 0.5664 0.5277 -0.6331
vn 0.2974 0.8946 0.3334
vn -0.3190 -0.8764 -0.3608
vn -0.1879 -0.6370 -0.7476
vn 0.4358 0.2204 0.8727
vn -0.4276 -0.2090 -0.8795
vn -0.5305 0.1381 0.8364
vn 0.9896 0.1310 -0.0587
vn -0.7606 0.5111 0.4003
vn -0.6610 0.2364 0.7122
vn 0.8781 0.4636 -0.1181
vn 0.1913 0.6539 0.7321
vn 0.8485 0.4984 -0.1776
vn 0.0478 0.9091 0.4139
vn -0.0514 -0.8908 -0.4514
vn 0.6843 -0.6814 -0.2596
vn -0.8040 0.2403 0.5439
vn 0.8121 -0.2285 -0.5369
vn -0.9202 0.0135 -0.3912
vn 0.2081 0.2728 0.9393
vn -0.7280 0.3051 -0.6140
vn -0.7631 0.2838 -0.5806
vn 0.2334 0.4626 0.8553
vn -0.6679 0.6971 0.2606
vn 0.4269 0.6480 0.6307
vn -0.4310 0.8946 0.1181
vn 0.4688 -0.8741 -0.1273
vn -0.0000 1.0000 -0.0000
vn 0.7893 -0.6054 0.1022
vn -0.9445 0.3221 0.0640
vn 0.8330 -0.4051 0.3768
vn -0.5733 0.1453 -0.8064
vn 0.3703 -0.2495 -0.8948
vn -0.4063 0.2236 -0.8860
vn -0.3726 0.2862 -0.8828
vn -0.2901 0.3725 0.8815
vn -0.7774 0.6220 -0.0932
vn 0.1128 0.6791 0.7253
vn -0.4522 0.8850 -0.1112
vn 0.4897 -0.8633 0.1220
vn -0.7284 -0.4828 0.4861
vn 0.6979 0.2889 -0.6553
vn -0.7080 -0.2781 0.6492
vn 0.9698 0.0372 0.2412
vn -0.3611 0.2992 -0.8832
vn 0.6901 0.4425 0.5727
vn 0.8497 0.2804 0.4466
vn -0.2834 0.2661 -0.9213
vn 0.7146 0.5035 -0.4856
vn -0.4335 0.5194 -0.7364
vn 0.4385 0.8730 -0.2136
vn -0.4725 -0.8514 0.2276
vn -0.5271 -0.5423 -0.6543
vn 0.7270 0.2813 0.6264
vn -0.7217 -0.2710 -0.6369
vn -0.1501 0.0894 0.9846
vn 0.8600 0.2409 -0.4499
vn -0.5022 0.4498 0.7386
vn -0.3384 0.2517 0.9067
vn 0.8362 0.3584 -0.4151
vn 0.5244 0.5621 0.6396
vn 0.7689 0.4429 -0.4612
vn 0.3352 0.8065 0.4871
vn -0.3533 -0.7779 -0.5197
vn 0.7452 -0.5583 -0.3647
vn -0.7705 0.2790 0.5731
vn 0.7783 -0.2704 -0.5667
vn -0.9056 0.1612 -0.3924
vn 0.2436 0.1620 0.9563
vn -0.5903 0.4677 -0.6579
vn -0.8018 0.2678 -0.5342
vn 0.2213 0.3531 0.9090
vn -0.7303 0.5772 0.3655
vn 0.3078 0.4722 0.8260
vn -0.4892 0.8530 0.1820
vn 0.5253 -0.8288 -0.1926
vt 0.149393 0.524670
vt 0.149449 0.524670
vt 0.155483 0.524670
vt 0.156666 0.524670
vt 0.153244 0.711149
vt 0.159297 0.698295
vt 0.164380 0.830605
vt 0.160293 0.835437
vt 0.153492 0.715097
vt 0.158527 0.704689
vt 0.163920 0.836108
vt 0.167694 0.909143
vt 0.160518 0.839837
vt 0.153654 0.524670
vt 0.153317 0.524670
vt 0.159357 0.524670
vt 0.160965 0.524670
vt 0.157848 0.738730
vt 0.164153 0.723810
vt 0.173441 0.872900
vt 0.169078 0.878510
vt 0.157831 0.743312
vt 0.163057 0.731231
vt 0.172797 0.879289
vt 0.180277 0.970950
vt 0.169174 0.883616
vt 0.145111 0.524670
vt 0.146077 0.524670
vt 0.153201 0.524670
vt 0.153630 0.524670
vt 0.146305 0.739875
vt 0.152895 0.724955
vt 0.148533 0.885542
vt 0.144328 0.891152
vt 0.147207 0.744457
vt 0.152729 0.732376
vt 0.148409 0.891930
vt 0.138649 0.970950
vt 0.144887 0.896258
vt 0.148142 0.524670
vt 0.150022 0.524670
vt 0.151844 0.524670
vt 0.150862 0.524670
vt 0.146813 0.724579
vt 0.148332 0.710893
vt 0.135675 0.860288
vt 0.135012 0.865433
vt 0.147816 0.728783
vt 0.149139 0.717701
vt 0.136120 0.866148
vt 0.122148 0.934045
vt 0.135538 0.870117
vt 0.151919 0.524670
vt 0.152903 0.524670
vt 0.149678 0.524670
vt 0.147955 0.524670
vt 0.146182 0.756133
vt 0.142318 0.741212
vt 0.133103 0.873778
vt 0.135986 0.879388
vt 0.146736 0.760715
vt 0.143567 0.748634
vt 0.133821 0.880166
vt 0.120027 0.970950
vt 0.136198 0.884494
vt 0.154517 0.524670
vt 0.154713 0.524670
vt 0.148122 0.524670
vt 0.146553 0.524670
vt 0.151567 0.753198
vt 0.144795 0.737947
vt 0.138223 0.894585
vt 0.142865 0.900319
vt 0.151470 0.757881
vt 0.145849 0.745533
vt 0.138845 0.901114
vt 0.135390 0.980821
vt 0.142704 0.905538
vt 0.158082 0.524670
vt 0.156648 0.524670
vt 0.152043 0.524670
vt 0.152638 0.524670
vt 0.159220 0.758885
vt 0.155464 0.743965
vt 0.165891 0.883099
vt 0.168050 0.888708
vt 0.158089 0.763467
vt 0.154902 0.751387
vt 0.165594 0.889486
vt 0.178519 0.970950
vt 0.167424 0.893815
vt 0.148979 0.524670
vt 0.153757 0.524670
vt 0.152802 0.524670
vt 0.153979 0.524670
vt 0.160000 0.706947
vt 0.159827 0.693701
vt 0.170522 0.839941
vt 0.170295 0.844921
vt 0.159103 0.711015
vt 0.158903 0.700290
vt 0.170005 0.845613
vt 0.185282 0.920877
vt 0.169845 0.849455
vt 0.151157 0.524670
vt 0.155845 0.524670
vt 0.155571 0.524670
vt 0.149490 0.706990
vt 0.153506 0.694280
vt 0.146911 0.838701
vt 0.144500 0.843480
vt 0.150434 0.710894
vt 0.153823 0.700603
vt 0.147070 0.844143
vt 0.135892 0.923007
vt 0.145037 0.847830
vt 0.157473 0.524670
vt 0.158108 0.524670
vt 0.154314 0.524670
vt 0.152842 0.524670
vt 0.152291 0.707998
vt 0.148064 0.695288
vt 0.141907 0.832643
vt 0.144944 0.837421
vt 0.152592 0.711901
vt 0.149107 0.701610
vt 0.142512 0.838085
vt 0.136089 0.926427
vt 0.145024 0.841771
vt 0.154363 0.524670
vt 0.153177 0.524670
vt 0.149444 0.524670
vt 0.157168 0.709354
vt 0.153707 0.696644
vt 0.161277 0.834801
vt 0.163298 0.839579
vt 0.156208 0.713257
vt 0.153278 0.702966
vt 0.161052 0.840243
vt 0.172635 0.921204
vt 0.162762 0.843929
s 1
usemtl Material.002
f 605/642/761 607/643/761 608/644/761 606/645/761
f 610/646/762 611/647/762 615/648/762 614/649/762
f 608/644/763 607/643/763 609/650/763 612/651/763
f 605/642/764 606/645/764 611/647/764 610/646/764
f 606/645/765 608/644/765 612/651/765 611/647/765
f 607/643/766 605/642/766 610/646/766 609/650/766
f 615/648/767 616/652/767 617/653/767
f 611/647/768 612/651/768 616/652/768 615/648/768
f 609/650/769 610/646/769 614/649/769 613/654/769
f 612/651/770 609/650/770 613/654/770 616/652/770
f 613/654/771 614/649/771 617/653/771
f 616/652/772 613/654/772 617/653/772
f 614/649/773 615/648/773 617/653/773
f 618/655/761 620/656/761 621/657/761 619/658/761
f 623/659/774 624/660/774 628/661/774 627/662/774
f 621/657/775 620/656/775 622/663/775 625/664/775
f 618/655/776 619/658/776 624/660/776 623/659/776
f 619/658/777 621/657/777 625/664/777 624/660/777
f 620/656/778 618/655/778 623/659/778 622/663/778
f 628/661/779 629/665/779 630/666/779
f 624/660/780 625/664/780 629/665/780 628/661/780
f 622/663/781 623/659/781 627/662/781 626/667/781
f 625/664/782 622/663/782 626/667/782 629/665/782
f 626/667/783 627/662/783 630/666/783
f 629/665/784 626/667/784 630/666/784
f 627/662/785 628/661/785 630/666/785
f 631/668/761 633/669/761 634/670/761 632/671/761
f 636/672/786 637/673/786 641/674/786 640/675/786
f 634/670/787 633/669/787 635/676/787 638/677/787
f 631/668/788 632/671/788 637/673/788 636/672/788
f 632/671/789 634/670/789 638/677/789 637/673/789
f 633/669/790 631/668/790 636/672/790 635/676/790
f 641/674/791 642/678/791 643/679/791
f 637/673/792 638/677/792 642/678/792 641/674/792
f 635/676/793 636/672/793 640/675/793 639/680/793
f 638/677/794 635/676/794 639/680/794 642/678/794
f 639/680/795 640/675/795 643/679/795
f 642/678/796 639/680/796 643/679/796
f 640/675/797 641/674/797 643/679/797
f 644/681/761 646/682/761 647/683/761 645/684/761
f 649/685/798 650/686/798 654/687/798 653/688/798
f 647/683/799 646/682/799 648/689/799 651/690/799
f 644/681/800 645/684/800 650/686/800 649/685/800
f 645/684/801 647/683/801 651/690/801 650/686/801
f 646/682/802 644/681/802 649/685/802 648/689/802
f 654/687/803 655/691/803 656/692/803
f 650/686/804 651/690/804 655/691/804 654/687/804
f 648/689/805 649/685/805 653/688/805 652/693/805
f 651/690/806 648/689/806 652/693/806 655/691/806
f 652/693/807 653/688/807 656/692/807
f 655/691/808 652/693/808 656/692/808
f 653/688/809 654/687/809 656/692/809
f 657/694/761 659/695/761 660/696/761 658/697/761
f 662/698/810 663/699/810 667/700/810 666/701/810
f 660/696/811 659/695/811 661/702/811 664/703/811
f 657/694/812 658/697/812 663/699/812 662/698/812
f 658/697/813 660/696/813 664/703/813 663/699/813
f 659/695/814 657/694/814 662/698/814 661/702/814
f 667/700/815 668/704/815 669/705/815
f 663/699/816 664/703/816 668/704/816 667/700/816
f 661/702/817 662/698/817 666/701/817 665/706/817
f 664/703/818 661/702/818 665/706/818 668/704/818
f 665/706/819 666/701/819 669/705/819
f 668/704/820 665/706/820 669/705/820
f 666/701/821 667/700/821 669/705/821
f 670/707/761 672/708/761 673/709/761 671/710/761
f 675/711/822 676/712/822 680/713/822 679/714/822
f 673/709/823 672/708/823 674/715/823 677/716/823
f 670/707/824 671/710/824 676/712/824 675/711/824
f 671/710/825 673/709/825 677/716/825 676/712/825
f 672/708/826 670/707/826 675/711/826 674/715/826
f 680/713/827 681/717/827 682/718/827
f 676/712/828 677/716/828 681/717/828 680/713/828
f 674/715/829 675/711/829 679/714/829 678/719/829
f 677/716/830 674/715/830 678/719/830 681/717/830
f 678/719/831 679/714/831 682/718/831
f 681/717/832 678/719/832 682/718/832
f 679/714/833 680/713/833 682/718/833
f 683/720/761 685/721/761 686/722/761 684/723/761
f 688/724/834 689/725/834 693/726/834 692/727/834
f 686/722/835 685/721/835 687/728/835 690/729/835
f 683/720/836 684/723/836 689/725/836 688/724/836
f 684/723/837 686/722/837 690/729/837 689/725/837
f 685/721/838 683/720/838 688/724/838 687/728/838
f 693/726/839 694/730/839 695/731/839
f 689/725/840 690/729/840 694/730/840 693/726/840
f 687/728/841 688/724/841 692/727/841 691/732/841
f 690/729/842 687/728/842 691/732/842 694/730/842
f 691/732/843 692/727/843 695/731/843
f 694/730/844 691/732/844 695/731/844
f 692/727/845 693/726/845 695/731/845
f 696/733/846 698/734/846 699/735/846 697/736/846
f 701/737/847 702/738/847 706/739/847 705/740/847
f 699/735/848 698/734/848 700/741/848 703/742/848
f 696/733/849 697/736/849 702/738/849 701/737/849
f 697/736/850 699/735/850 703/742/850 702/738/850
f 698/734/851 696/733/851 701/737/851 700/741/851
f 706/739/852 707/743/852 708/744/852
f 702/738/853 703/742/853 707/743/853 706/739/853
f 700/741/854 701/737/854 705/740/854 704/745/854
f 703/742/855 700/741/855 704/745/855 707/743/855
f 704/745/856 705/740/856 708/744/856
f 707/743/857 704/745/857 708/744/857
f 705/740/858 706/739/858 708/744/858
f 646/682/761 711/746/761 712/747/761 710/748/761
f 714/749/859 715/750/859 719/751/859 718/752/859
f 712/747/860 711/746/860 713/753/860 716/754/860
f 646/682/861 710/748/861 715/750/861 714/749/861
f 710/748/862 712/747/862 716/754/862 715/750/862
f 711/746/863 646/682/863 714/749/863 713/753/863
f 719/751/864 720/755/864 721/756/864
f 715/750/865 716/754/865 720/755/865 719/751/865
f 713/753/866 714/749/866 718/752/866 717/757/866
f 716/754/867 713/753/867 717/757/867 720/755/867
f 717/757/868 718/752/868 721/756/868
f 720/755/869 717/757/869 721/756/869
f 718/752/870 719/751/870 721/756/870
f 709/758/761 723/759/761 724/760/761 722/761/761
f 726/762/871 727/763/871 731/764/871 730/765/871
f 724/760/872 723/759/872 725/766/872 728/767/872
f 709/758/873 722/761/873 727/763/873 726/762/873
f 722/761/874 724/760/874 728/767/874 727/763/874
f 723/759/875 709/758/875 726/762/875 725/766/875
f 731/764/876 732/768/876 733/769/876
f 727/763/877 728/767/877 732/768/877 731/764/877
f 725/766/878 726/762/878 730/765/878 729/770/878
f 728/767/879 725/766/879 729/770/879 732/768/879
f 729/770/880 730/765/880 733/769/880
f 732/768/881 729/770/881 733/769/881
f 730/765/882 731/764/882 733/769/882
f 734/771/761 736/772/761 696/733/761 735/773/761
f 738/774/883 739/775/883 743/776/883 742/777/883
f 696/733/884 736/772/884 737/778/884 740/779/884
f 734/771/885 735/773/885 739/775/885 738/774/885
f 735/773/886 696/733/886 740/779/886 739/775/886
f 736/772/887 734/771/887 738/774/887 737/778/887
f 743/776/888 744/780/888 745/781/888
f 739/775/889 740/779/889 744/780/889 743/776/889
f 737/778/890 738/774/890 742/777/890 741/782/890
f 740/779/891 737/778/891 741/782/891 744/780/891
f 741/782/892 742/777/892 745/781/892
f 744/780/893 741/782/893 745/781/893
f 742/777/894 743/776/894 745/781/894
o Grass_bush_low_01
v -2.787375 0.040893 1.040652
v -2.549237 0.040893 1.372396
v -2.721598 0.040893 1.025016
v -2.519986 0.040893 1.299091
v -2.912635 0.530893 1.270532
v -2.964188 0.520677 1.271568
v -2.801546 0.487414 1.557814
v -2.774519 0.503960 1.507805
v -3.250945 0.581728 1.593065
v -3.279351 0.550429 1.588839
v -3.186860 0.562247 1.787012
v -3.172458 0.592069 1.757646
v -3.830900 0.215660 1.973858
v -2.197181 0.159936 -0.319290
v -2.432782 0.476303 0.237363
v -2.437997 0.442624 0.204476
v -2.244880 0.459072 0.315282
v -2.271007 0.488712 0.328407
v -2.616707 0.512331 0.754643
v -2.623505 0.495486 0.697172
v -2.320380 0.529351 0.840206
v -2.362695 0.539752 0.871273
v -2.735973 0.040893 1.051947
v -2.754568 0.040893 0.973774
v -2.361929 0.040893 1.110458
v -2.464092 0.040892 0.913028
v -2.856168 0.040893 1.181452
v -2.447608 0.040893 0.989949
v -2.771652 0.040893 1.217378
v -2.681530 0.611035 0.695996
v -2.681399 0.599148 0.635999
v -3.018592 0.560444 0.817780
v -2.961119 0.579696 0.850514
v -2.960318 0.857067 0.234158
v -2.954666 0.832066 0.201223
v -3.187590 0.756839 0.303682
v -3.153803 0.798465 0.321195
v -3.324883 0.387946 -0.414146
v -4.307746 0.225980 0.887513
v -3.601449 0.677081 1.140237
v -3.639170 0.636874 1.152262
v -3.543548 0.657010 0.905411
v -3.523437 0.692187 0.933768
v -3.088772 0.601425 1.184265
v -3.155105 0.581397 1.202557
v -3.041322 0.621662 0.820626
v -2.997221 0.634028 0.864794
v -2.667730 0.040893 1.332957
v -2.597234 0.040893 0.927180
v -2.756279 0.040893 1.368827
v -2.666008 0.040892 0.882819
v -1.006845 0.411216 0.520769
v -1.763126 0.813181 0.638056
v -1.744048 0.771340 0.604845
v -1.651150 0.849986 0.843497
v -1.684020 0.874400 0.836383
v -2.279166 0.583152 0.756223
v -2.243754 0.563776 0.699858
v -2.075632 0.602729 1.046797
v -2.135951 0.614692 1.044058
v -2.655045 0.040893 0.954437
v -2.440452 0.040893 1.290138
v -2.615249 0.040892 0.871019
v -2.362394 0.040893 1.276906
v -0.969406 0.140581 1.934704
v -1.675477 0.529811 1.439670
v -1.638750 0.485130 1.433389
v -1.760112 0.571973 1.650967
v -1.775151 0.598968 1.621912
v -2.158079 0.568417 1.163639
v -2.093867 0.549551 1.155254
v -2.249797 0.587462 1.496355
v -2.285131 0.599100 1.449430
v -2.488431 0.040893 0.975530
v -2.607131 0.040893 1.344509
v -2.401217 0.040893 0.953664
v -2.548827 0.040893 1.394836
v -2.228988 0.117036 2.395746
v -2.361109 0.398128 1.895959
v -2.341856 0.367323 1.919308
v -2.544195 0.383308 1.921609
v -2.529789 0.410248 1.899280
v -2.462945 0.467439 1.477733
v -2.431113 0.446630 1.519604
v -2.734466 0.479669 1.547408
v -2.715658 0.492312 1.503562
v -2.429969 0.040893 1.145157
v -2.737941 0.040893 1.210454
v -2.379351 0.040893 1.197797
v -2.749873 0.040893 1.271863
v -2.820587 0.040893 1.025524
v -2.412043 0.040893 1.250380
v -2.760477 0.040893 0.977071
v -2.388029 0.040893 1.163592
v -2.923995 0.653540 1.258957
v -2.976621 0.635957 1.285369
v -2.668259 0.583176 1.500445
v -2.664989 0.608880 1.435614
v -3.075382 0.827581 1.643512
v -3.106738 0.810575 1.653122
v -2.913979 0.736052 1.811909
v -2.913573 0.767393 1.774561
v -3.266951 0.754481 2.378237
v -2.466011 0.040893 0.972161
v -2.695213 0.040893 1.268780
v -2.434975 0.040893 1.025905
v -2.623053 0.040893 1.275245
v -2.698137 0.557759 0.878728
v -2.712595 0.547298 0.833658
v -2.921618 0.521854 1.051921
v -2.870533 0.534528 1.062551
v -2.948166 0.761073 0.676399
v -2.951913 0.749013 0.650304
v -3.101907 0.723425 0.783726
v -3.072295 0.743438 0.788676
v -3.535001 0.576791 0.489014
v -2.404795 0.040893 1.276251
v -2.463299 0.040893 1.309229
v -2.730986 0.040893 1.102906
v -2.295798 0.600625 1.061336
v -2.246867 0.591780 1.046200
v -2.480690 0.560585 0.817563
v -2.492768 0.576148 0.872721
v -2.169190 0.814734 0.670187
v -2.140911 0.800720 0.666426
v -2.283594 0.770676 0.502618
v -2.289284 0.793956 0.534605
v -1.775658 0.624111 0.117339
v -2.756234 0.040893 1.310772
v -2.443739 0.040893 1.021145
v -2.780966 0.040893 1.244709
v -2.523428 0.040893 1.000386
v -2.511438 0.611644 1.390274
v -2.503668 0.598029 1.443509
v -2.228467 0.560062 1.237948
v -2.283749 0.580349 1.216466
v -2.256500 0.798647 1.691423
v -2.257185 0.783786 1.721379
v -2.064046 0.712036 1.599882
v -2.096317 0.740691 1.588789
v -1.815040 0.734103 2.035072
vn -0.0000 -1.0000 -0.0000
vn -0.1292 -0.9913 0.0241
vn 0.7116 0.5444 -0.4441
vn -0.7229 -0.5327 0.4401
vn 0.8552 0.2905 0.4293
vn -0.1626 0.3847 -0.9086
vn -0.2088 0.7355 0.6445
vn 0.5030 0.6058 0.6164
vn -0.3856 0.7805 -0.4921
vn 0.1536 0.9872 -0.0420
vn -0.6590 0.6494 -0.3795
vn -0.4500 0.8787 0.1594
vn 0.4345 -0.8881 -0.1498
vn -0.1594 -0.8975 0.4111
vn 0.1740 0.8860 -0.4299
vn 0.6546 0.7016 -0.2815
vn -0.0482 0.9944 -0.0942
vn 0.4946 0.8689 -0.0213
vn -0.6550 0.6933 -0.3006
vn -0.5032 0.6424 -0.5781
vn 0.7615 0.2812 0.5840
vn -0.9329 0.3347 0.1331
vn 0.3407 -0.5175 -0.7849
vn -0.3224 0.5262 0.7869
vn 0.0346 -0.9911 0.1288
vn -0.0191 -0.9142 -0.4047
vn 0.4149 0.5774 0.7031
vn -0.4101 -0.5685 -0.7132
vn -0.4419 0.4054 0.8002
vn 0.9417 0.3062 -0.1391
vn -0.7155 0.6675 -0.2062
vn -0.6540 0.5972 0.4643
vn 0.7952 0.5790 -0.1803
vn 0.0362 0.9113 0.4101
vn 0.0386 0.7991 -0.6000
vn -0.4170 0.8315 -0.3672
vn 0.4234 -0.8361 0.3487
vn 0.4858 -0.8661 0.1175
vn -0.5013 0.8559 -0.1268
vn -0.3822 0.7025 -0.6004
vn 0.1297 0.9829 0.1310
vn -0.0052 0.8384 -0.5450
vn -0.0203 0.4773 0.8785
vn -0.5902 0.6826 0.4310
vn 0.5695 0.2947 -0.7673
vn 0.2474 0.4322 0.8672
vn -0.7837 -0.5841 -0.2113
vn 0.7804 0.5921 0.2010
vn -0.0954 -0.9874 -0.1266
vn -0.3605 -0.8351 0.4155
vn 0.3785 0.8311 -0.4075
vn 0.5851 0.8080 0.0696
vn -0.4428 0.8961 0.0315
vn 0.1076 0.5072 0.8551
vn -0.4076 0.6192 -0.6711
vn 0.2469 0.6690 -0.7011
vn 0.1003 0.3399 0.9351
vn -0.7884 0.3875 -0.4779
vn 0.7244 -0.5784 -0.3752
vn -0.7146 0.5871 0.3804
vn 0.4377 -0.8990 -0.0146
vn -0.4966 -0.8653 0.0684
vn 0.5080 0.8600 -0.0485
vn 0.1999 0.7673 0.6094
vn 0.1091 0.9816 -0.1566
vn -0.1603 0.8328 0.5298
vn 0.3955 0.7504 -0.5297
vn 0.6536 0.6017 -0.4591
vn -0.6812 0.2547 0.6864
vn -0.1278 0.4171 -0.8998
vn 0.7757 -0.5397 0.3271
vn -0.7732 0.5498 -0.3160
vn -0.1489 -0.9782 0.1445
vn -0.0754 -0.8900 -0.4497
vn 0.0724 0.8774 0.4743
vn -0.3453 0.7014 0.6235
vn 0.0967 0.9841 0.1488
vn -0.3236 0.8747 0.3608
vn 0.7417 0.6687 -0.0518
vn 0.7979 0.5905 0.1212
vn -0.9465 0.2012 -0.2523
vn 0.7114 0.4777 -0.5155
vn 0.0951 -0.5721 0.8146
vn -0.1061 0.5762 -0.8104
vn -0.1057 -0.9773 -0.1837
vn -0.3890 -0.8954 0.2165
vn 0.4553 0.5117 -0.7286
vn -0.4799 -0.4978 0.7224
vn 0.9156 0.3355 0.2216
vn -0.5634 0.2094 -0.7992
vn 0.7344 0.5159 0.4409
vn 0.7741 0.5405 0.3296
vn -0.5055 0.6950 -0.5113
vn 0.3764 0.9030 -0.2070
vn -0.4858 0.8732 -0.0398
vn 0.2311 0.9604 0.1558
vn -0.2612 -0.9563 -0.1317
vn -0.3202 -0.8347 -0.4480
vn 0.6408 0.5237 0.5613
vn -0.6412 -0.5127 -0.5710
vn -0.1629 0.3305 0.9296
vn 0.8521 0.3059 -0.4247
vn -0.5489 0.6986 0.4590
vn -0.3770 0.5909 0.7132
vn 0.7475 0.5540 -0.3665
vn 0.3152 0.8448 0.4323
vn -0.1578 0.9048 -0.3955
vn -0.2576 0.9569 -0.1344
vn 0.2555 -0.9613 0.1029
vn 0.4549 -0.8363 -0.3060
vn -0.5771 0.4968 0.6482
vn 0.5904 -0.4839 -0.6460
vn -0.9213 0.3402 -0.1884
vn 0.4126 0.2554 0.8744
vn -0.2333 0.7660 -0.5990
vn -0.8856 0.3294 -0.3274
vn 0.3574 0.7691 0.5299
vn -0.4336 0.8476 0.3058
vn 0.4449 0.8956 0.0079
vn 0.1153 0.9615 -0.2495
vn -0.0867 -0.9638 0.2523
vn 0.0837 -0.9024 0.4226
vn -0.5560 0.4768 -0.6809
vn 0.5527 -0.4649 0.6916
vn 0.3224 0.2363 -0.9166
vn -0.8951 0.3445 0.2832
vn 0.6791 0.6026 -0.4191
vn 0.5550 0.6358 -0.5364
vn -0.7551 0.5979 0.2690
vn -0.0849 0.9072 -0.4121
vn -0.2071 0.8783 0.4310
vn 0.2530 0.9565 -0.1453
vn -0.2381 -0.9535 0.1846
vt 0.144028 0.521946
vt 0.148395 0.521946
vt 0.180608 0.521946
vt 0.182545 0.521946
vt 0.149429 0.740087
vt 0.179224 0.724964
vt 0.159502 0.887743
vt 0.140489 0.893429
vt 0.153508 0.744732
vt 0.178470 0.732487
vt 0.158942 0.894219
vt 0.114815 0.974317
vt 0.143017 0.898605
s 1
usemtl Material.003
f 746/783/895 748/784/895 749/785/895 747/786/895
f 751/787/896 752/788/896 756/789/896 755/790/896
f 749/785/897 748/784/897 750/791/897 753/792/897
f 746/783/898 747/786/898 752/788/898 751/787/898
f 747/786/899 749/785/899 753/792/899 752/788/899
f 748/784/900 746/783/900 751/787/900 750/791/900
f 756/789/901 757/793/901 758/794/901
f 752/788/902 753/792/902 757/793/902 756/789/902
f 750/791/903 751/787/903 755/790/903 754/795/903
f 753/792/904 750/791/904 754/795/904 757/793/904
f 754/795/905 755/790/905 758/794/905
f 757/793/906 754/795/906 758/794/906
f 755/790/907 756/789/907 758/794/907
f 762/790/908 761/789/908 759/794/908
f 760/793/909 763/795/909 759/794/909
f 763/795/910 762/790/910 759/794/910
f 764/792/911 767/791/911 763/795/911 760/793/911
f 767/791/912 766/787/912 762/790/912 763/795/912
f 765/788/913 764/792/913 760/793/913 761/789/913
f 761/789/914 760/793/914 759/794/914
f 839/784/915 770/783/915 766/787/915 767/791/915
f 769/786/916 768/785/916 764/792/916 765/788/916
f 770/783/917 769/786/917 765/788/917 766/787/917
f 768/785/918 839/784/918 767/791/918 764/792/918
f 766/787/919 765/788/919 761/789/919 762/790/919
f 770/783/895 839/784/895 768/785/895 769/786/895
f 771/783/895 773/784/895 774/785/895 772/786/895
f 776/787/920 777/788/920 781/789/920 780/790/920
f 774/785/921 773/784/921 775/791/921 778/792/921
f 771/783/922 772/786/922 777/788/922 776/787/922
f 772/786/923 774/785/923 778/792/923 777/788/923
f 773/784/924 771/783/924 776/787/924 775/791/924
f 781/789/925 782/793/925 783/794/925
f 777/788/926 778/792/926 782/793/926 781/789/926
f 775/791/927 776/787/927 780/790/927 779/795/927
f 778/792/928 775/791/928 779/795/928 782/793/928
f 779/795/929 780/790/929 783/794/929
f 782/793/930 779/795/930 783/794/930
f 780/790/931 781/789/931 783/794/931
f 787/790/932 786/789/932 784/794/932
f 785/793/933 788/795/933 784/794/933
f 788/795/934 787/790/934 784/794/934
f 789/792/935 792/791/935 788/795/935 785/793/935
f 792/791/936 791/787/936 787/790/936 788/795/936
f 790/788/937 789/792/937 785/793/937 786/789/937
f 786/789/938 785/793/938 784/794/938
f 794/784/939 796/783/939 791/787/939 792/791/939
f 795/786/940 793/785/940 789/792/940 790/788/940
f 796/783/941 795/786/941 790/788/941 791/787/941
f 793/785/942 794/784/942 792/791/942 789/792/942
f 791/787/943 790/788/943 786/789/943 787/790/943
f 796/783/895 794/784/895 793/785/895 795/786/895
f 800/790/944 799/789/944 797/794/944
f 798/793/945 801/795/945 797/794/945
f 801/795/946 800/790/946 797/794/946
f 802/792/947 805/791/947 801/795/947 798/793/947
f 805/791/948 804/787/948 800/790/948 801/795/948
f 803/788/949 802/792/949 798/793/949 799/789/949
f 799/789/950 798/793/950 797/794/950
f 807/784/951 809/783/951 804/787/951 805/791/951
f 808/786/952 806/785/952 802/792/952 803/788/952
f 809/783/953 808/786/953 803/788/953 804/787/953
f 806/785/954 807/784/954 805/791/954 802/792/954
f 804/787/955 803/788/955 799/789/955 800/790/955
f 809/783/895 807/784/895 806/785/895 808/786/895
f 813/790/956 812/789/956 810/794/956
f 811/793/957 814/795/957 810/794/957
f 814/795/958 813/790/958 810/794/958
f 815/792/959 818/791/959 814/795/959 811/793/959
f 818/791/960 817/787/960 813/790/960 814/795/960
f 816/788/961 815/792/961 811/793/961 812/789/961
f 812/789/962 811/793/962 810/794/962
f 820/784/963 822/783/963 817/787/963 818/791/963
f 821/786/964 819/785/964 815/792/964 816/788/964
f 822/783/965 821/786/965 816/788/965 817/787/965
f 819/785/966 820/784/966 818/791/966 815/792/966
f 817/787/967 816/788/967 812/789/967 813/790/967
f 822/783/895 820/784/895 819/785/895 821/786/895
f 826/790/968 825/789/968 823/794/968
f 824/793/969 827/795/969 823/794/969
f 827/795/970 826/790/970 823/794/970
f 828/792/971 831/791/971 827/795/971 824/793/971
f 831/791/972 830/787/972 826/790/972 827/795/972
f 829/788/973 828/792/973 824/793/973 825/789/973
f 825/789/974 824/793/974 823/794/974
f 833/784/975 835/783/975 830/787/975 831/791/975
f 834/786/976 832/785/976 828/792/976 829/788/976
f 835/783/977 834/786/977 829/788/977 830/787/977
f 832/785/978 833/784/978 831/791/978 828/792/978
f 830/787/979 829/788/979 825/789/979 826/790/979
f 835/783/895 833/784/895 832/785/895 834/786/895
f 836/783/895 838/784/895 839/785/895 837/786/895
f 841/787/980 842/788/980 846/789/980 845/790/980
f 839/785/981 838/784/981 840/791/981 843/792/981
f 836/783/982 837/786/982 842/788/982 841/787/982
f 837/786/983 839/785/983 843/792/983 842/788/983
f 838/784/984 836/783/984 841/787/984 840/791/984
f 846/789/985 847/793/985 848/794/985
f 842/788/986 843/792/986 847/793/986 846/789/986
f 840/791/987 841/787/987 845/790/987 844/795/987
f 843/792/988 840/791/988 844/795/988 847/793/988
f 844/795/989 845/790/989 848/794/989
f 847/793/990 844/795/990 848/794/990
f 845/790/991 846/789/991 848/794/991
f 849/783/895 851/784/895 852/785/895 850/786/895
f 854/787/992 855/788/992 859/789/992 858/790/992
f 852/785/993 851/784/993 853/791/993 856/792/993
f 849/783/994 850/786/994 855/788/994 854/787/994
f 850/786/995 852/785/995 856/792/995 855/788/995
f 851/784/996 849/783/996 854/787/996 853/791/996
f 859/789/997 860/793/997 861/794/997
f 855/788/998 856/792/998 860/793/998 859/789/998
f 853/791/999 854/787/999 858/790/999 857/795/999
f 856/792/1000 853/791/1000 857/795/1000 860/793/1000
f 857/795/1001 858/790/1001 861/794/1001
f 860/793/1002 857/795/1002 861/794/1002
f 858/790/1003 859/789/1003 861/794/1003
f 862/783/895 863/784/895 864/785/895 748/786/895
f 866/787/1004 867/788/1004 871/789/1004 870/790/1004
f 864/785/1005 863/784/1005 865/791/1005 868/792/1005
f 862/783/1006 748/786/1006 867/788/1006 866/787/1006
f 748/786/1007 864/785/1007 868/792/1007 867/788/1007
f 863/784/1008 862/783/1008 866/787/1008 865/791/1008
f 871/789/1009 872/793/1009 873/794/1009
f 867/788/1010 868/792/1010 872/793/1010 871/789/1010
f 865/791/1011 866/787/1011 870/790/1011 869/795/1011
f 868/792/1012 865/791/1012 869/795/1012 872/793/1012
f 869/795/1013 870/790/1013 873/794/1013
f 872/793/1014 869/795/1014 873/794/1014
f 870/790/1015 871/789/1015 873/794/1015
f 874/783/895 876/784/895 877/785/895 875/786/895
f 879/787/1016 880/788/1016 884/789/1016 883/790/1016
f 877/785/1017 876/784/1017 878/791/1017 881/792/1017
f 874/783/1018 875/786/1018 880/788/1018 879/787/1018
f 875/786/1019 877/785/1019 881/792/1019 880/788/1019
f 876/784/1020 874/783/1020 879/787/1020 878/791/1020
f 884/789/1021 885/793/1021 886/794/1021
f 880/788/1022 881/792/1022 885/793/1022 884/789/1022
f 878/791/1023 879/787/1023 883/790/1023 882/795/1023
f 881/792/1024 878/791/1024 882/795/1024 885/793/1024
f 882/795/1025 883/790/1025 886/794/1025
f 885/793/1026 882/795/1026 886/794/1026
f 883/790/1027 884/789/1027 886/794/1027
o Mushroom_big_brown
v 2.443736 0.176519 -0.813824
v 2.459795 0.176519 -0.791719
v 2.459795 0.176519 -0.863250
v 2.443736 0.176519 -0.841146
v 2.511766 0.176519 -0.863250
v 2.485781 0.176519 -0.871693
v 2.518535 0.270273 -0.739048
v 2.413862 0.275422 -0.773101
v 2.413862 0.275422 -0.883293
v 2.518535 0.270273 -0.917345
v 2.583227 0.267090 -0.828197
v 2.492451 0.329557 -0.828197
v 2.489986 0.212577 -0.865201
v 2.512155 0.212577 -0.857998
v 2.454116 0.212577 -0.839140
v 2.467817 0.212577 -0.857998
v 2.467817 0.212577 -0.796972
v 2.454116 0.212577 -0.815830
v 2.512155 0.212577 -0.796972
v 2.489986 0.212577 -0.789769
v 2.525856 0.212577 -0.839140
v 2.525856 0.212577 -0.815830
v 2.586852 0.219987 -0.795812
v 2.586852 0.219987 -0.860581
v 2.487302 0.224884 -0.723397
v 2.548827 0.221857 -0.743412
v 2.387751 0.229781 -0.795812
v 2.425776 0.227911 -0.743412
v 2.425776 0.227911 -0.912982
v 2.387751 0.229781 -0.860581
v 2.548827 0.221857 -0.912982
v 2.487302 0.224884 -0.932997
v 2.562044 0.276371 -0.775797
v 2.462493 0.281268 -0.743412
v 2.400969 0.284295 -0.828197
v 2.462493 0.281268 -0.912981
v 2.562044 0.276371 -0.880596
v 2.508687 0.313088 -0.775797
v 2.546712 0.311218 -0.828197
v 2.447162 0.316115 -0.795812
v 2.447162 0.316115 -0.860581
v 2.508687 0.313088 -0.880596
v 2.511766 0.176519 -0.791719
v 2.485781 0.176519 -0.783276
v 2.527826 0.176519 -0.841146
v 2.527826 0.176519 -0.813824
v 2.442449 0.124802 -0.813667
v 2.458692 0.124802 -0.791309
v 2.458692 0.124802 -0.863660
v 2.442449 0.124802 -0.841303
v 2.511259 0.124802 -0.863660
v 2.484975 0.124802 -0.872200
v 2.511259 0.124802 -0.791309
v 2.484975 0.124802 -0.782770
v 2.527502 0.124802 -0.841303
v 2.527502 0.124802 -0.813667
v 2.459934 0.078602 -0.818883
v 2.470046 0.078602 -0.804966
v 2.470046 0.078602 -0.850004
v 2.459934 0.078602 -0.836086
v 2.502768 0.078602 -0.850004
v 2.486407 0.078602 -0.855320
v 2.502768 0.078602 -0.804966
v 2.486407 0.078602 -0.799650
v 2.512880 0.078602 -0.836086
v 2.512880 0.078602 -0.818883
v 2.494588 0.078602 -0.824827
v 2.478024 0.078602 -0.830209
vn -0.2910 -0.3363 0.8957
vn 0.9534 -0.3017 -0.0000
vn -0.7581 -0.3491 -0.5508
vn 0.7700 -0.3069 -0.5594
vn -0.9353 -0.3540 -0.0000
vn -0.7581 -0.3491 0.5508
vn 0.7700 -0.3069 0.5594
vn 0.2928 -0.3201 0.9010
vn -0.2910 -0.3363 -0.8957
vn 0.2928 -0.3201 -0.9010
vn 1.0000 -0.0062 -0.0000
vn 0.8090 -0.0033 0.5878
vn -0.9997 0.0249 -0.0000
vn 0.8090 -0.0033 -0.5878
vn -0.8088 0.0219 -0.5876
vn 0.4410 0.6408 0.6284
vn -0.4382 0.6841 0.5831
vn -0.6669 0.6953 -0.2680
vn 0.0710 0.6590 -0.7488
vn 0.7557 0.6253 -0.1947
vn 0.3141 0.9292 -0.1947
vn 0.5296 0.7696 -0.3568
vn 0.4410 0.6408 -0.6284
vn -0.0559 0.9474 -0.3151
vn -0.1483 0.8029 -0.5773
vn -0.4382 0.6841 -0.5831
vn -0.2845 0.9587 -0.0000
vn -0.5673 0.8235 -0.0000
vn -0.6669 0.6953 0.2680
vn -0.0559 0.9474 0.3151
vn -0.1483 0.8029 0.5773
vn 0.0710 0.6590 0.7488
vn 0.3141 0.9292 0.1947
vn 0.5296 0.7696 0.3568
vn 0.7557 0.6253 0.1947
vn 0.9049 0.2863 -0.3151
vn 0.8029 0.1483 -0.5773
vn 0.5901 0.3018 -0.7488
vn -0.0085 0.3312 -0.9435
vn -0.2939 0.2023 -0.9342
vn -0.5177 0.3563 -0.7779
vn -0.8877 0.3745 -0.2680
vn -0.9718 0.2356 -0.0000
vn -0.8877 0.3745 0.2680
vn -0.5177 0.3563 0.7779
vn -0.2939 0.2023 0.9342
vn -0.0085 0.3312 0.9435
vn 0.5901 0.3018 0.7488
vn 0.8029 0.1483 0.5773
vn 0.9049 0.2863 0.3151
vn 0.3124 0.1104 -0.9435
vn 0.3090 0.0045 0.9510
vn -0.3090 0.0141 0.9510
vn -0.7955 0.1649 -0.5831
vn 0.3090 0.0045 -0.9510
vn -0.3090 0.0141 -0.9510
vn -0.7955 0.1649 0.5831
vn -0.8088 0.0219 0.5876
vn 0.3062 0.1340 -0.9425
vn 0.3124 0.1104 0.9435
vn -0.9610 0.2766 -0.0000
vn 0.9985 0.0545 -0.0000
vn 0.9971 0.0767 -0.0000
vn -0.7819 0.2567 -0.5681
vn -0.3026 0.2030 0.9313
vn 0.8066 0.0767 -0.5861
vn -0.7819 0.2567 0.5681
vn 0.8066 0.0767 0.5861
vn -0.3026 0.2030 -0.9313
vn 0.3062 0.1340 0.9425
vn 0.0190 -0.9856 -0.1680
vn -0.2047 -0.9711 -0.1231
vn 0.0950 -0.9909 -0.0950
vn -0.2067 -0.9704 0.1246
vn -0.0956 -0.9780 -0.1853
vn -0.2509 -0.9680 -0.0000
vn 0.0202 -0.9850 0.1716
vn -0.0968 -0.9772 0.1891
vn 0.1206 -0.9927 -0.0000
vn 0.0968 -0.9906 0.0963
vn -0.0000 -1.0000 -0.0000
vt 0.849791 0.647477
vt 0.842560 0.647477
vt 0.845684 0.518834
vt 0.850185 0.518834
vt 0.861491 0.647477
vt 0.857468 0.518834
vt 0.838091 0.647477
vt 0.842902 0.518834
vt 0.857022 0.647477
vt 0.854686 0.518834
vt 0.850048 0.518834
vt 0.861580 0.791479
vt 0.857162 0.791479
vt 0.838445 0.791479
vt 0.842863 0.791479
vt 0.652435 0.725137
vt 0.664081 0.760802
vt 0.649213 0.908386
vt 0.624156 0.725137
vt 0.637185 0.760802
vt 0.632591 0.908386
vt 0.620563 0.760802
vt 0.637185 0.760802
vt 0.669913 0.725135
vt 0.659486 0.908385
vt 0.644619 0.976223
vt 0.671514 0.522000
vt 0.661241 0.522000
vt 0.644619 0.522000
vt 0.627997 0.522000
vt 0.617723 0.522000
vt 0.627997 0.522000
vt 0.644619 0.522000
vt 0.661241 0.522000
vt 0.850012 0.791479
vt 0.851169 0.891881
vt 0.857269 0.891881
vt 0.841301 0.891881
vt 0.861038 0.891881
vt 0.845070 0.891881
vt 0.850148 0.930304
vt 0.867096 0.930304
vt 0.822727 0.930304
vt 0.833201 0.930304
vt 0.877570 0.930304
vt 0.852435 0.518834
vt 0.847879 0.518834
s 1
usemtl Material.014
f 940/796/1028 934/797/1028 944/798/1028 950/799/1028
f 941/800/1029 942/800/1029 952/801/1029 951/801/1029
f 936/802/1030 935/797/1030 945/798/1030 946/803/1030
f 937/804/1031 941/800/1031 951/801/1031 947/805/1031
f 933/802/1032 936/802/1032 946/803/1032 943/803/1032
f 934/797/1033 933/802/1033 943/803/1033 944/798/1033
f 942/800/1034 939/804/1034 949/805/1034 952/801/1034
f 939/804/1035 940/796/1035 950/799/1035 949/805/1035
f 935/797/1036 938/796/1036 948/806/1036 945/798/1036
f 938/796/1037 937/804/1037 947/805/1037 948/799/1037
f 931/807/1038 932/807/1038 942/800/1038 941/800/1038
f 932/807/1039 929/808/1039 939/804/1039 942/800/1039
f 887/809/1040 890/809/1040 936/802/1040 933/802/1040
f 891/808/1041 931/807/1041 941/800/1041 937/804/1041
f 890/809/1042 889/810/1042 935/797/1042 936/802/1042
f 893/811/1043 919/812/1043 924/813/1043
f 894/814/1044 920/815/1044 926/816/1044
f 895/814/1045 921/817/1045 927/816/1045
f 896/811/1046 922/818/1046 928/813/1046
f 897/819/1047 923/812/1047 925/820/1047
f 925/820/1048 928/813/1048 898/821/1048
f 925/820/1049 923/812/1049 928/813/1049
f 923/812/1050 896/811/1050 928/813/1050
f 928/813/1051 927/816/1051 898/821/1051
f 928/813/1052 922/818/1052 927/816/1052
f 922/818/1053 895/814/1053 927/816/1053
f 927/816/1054 926/816/1054 898/821/1054
f 927/816/1055 921/817/1055 926/816/1055
f 921/817/1056 894/814/1056 926/816/1056
f 926/816/1057 924/813/1057 898/821/1057
f 926/816/1058 920/815/1058 924/813/1058
f 920/815/1059 893/811/1059 924/813/1059
f 924/813/1060 925/820/1060 898/821/1060
f 924/813/1061 919/812/1061 925/820/1061
f 919/812/1062 897/819/1062 925/820/1062
f 910/822/1063 923/812/1063 897/819/1063
f 910/822/1064 917/823/1064 923/812/1064
f 917/823/1065 896/811/1065 923/812/1065
f 918/824/1066 922/818/1066 896/811/1066
f 918/824/1067 915/825/1067 922/818/1067
f 915/825/1068 895/814/1068 922/818/1068
f 916/826/1069 921/817/1069 895/814/1069
f 916/826/1070 913/826/1070 921/817/1070
f 913/826/1071 894/814/1071 921/817/1071
f 914/827/1072 920/815/1072 894/814/1072
f 914/827/1073 911/828/1073 920/815/1073
f 911/828/1074 893/811/1074 920/815/1074
f 912/829/1075 919/812/1075 893/811/1075
f 912/829/1076 909/822/1076 919/812/1076
f 909/822/1077 897/819/1077 919/812/1077
f 917/823/1078 918/824/1078 896/811/1078
f 929/808/1079 930/830/1079 940/796/1079 939/804/1079
f 930/830/1080 888/810/1080 934/797/1080 940/796/1080
f 915/825/1081 916/826/1081 895/814/1081
f 892/830/1082 891/808/1082 937/804/1082 938/796/1082
f 889/810/1083 892/830/1083 938/796/1083 935/797/1083
f 913/826/1084 914/827/1084 894/814/1084
f 888/810/1085 887/809/1085 933/802/1085 934/797/1085
f 899/831/1086 900/832/1086 891/808/1086 892/830/1086
f 911/828/1087 912/829/1087 893/811/1087
f 904/833/1088 901/833/1088 890/809/1088 887/809/1088
f 907/834/1089 908/834/1089 932/807/1089 931/807/1089
f 909/822/1090 910/822/1090 897/819/1090
f 901/833/1091 902/835/1091 889/810/1091 890/809/1091
f 906/831/1092 903/835/1092 888/810/1092 930/830/1092
f 900/832/1093 907/834/1093 931/807/1093 891/808/1093
f 903/835/1094 904/833/1094 887/809/1094 888/810/1094
f 908/834/1095 905/832/1095 929/808/1095 932/807/1095
f 902/835/1096 899/831/1096 892/830/1096 889/810/1096
f 905/832/1097 906/831/1097 930/830/1097 929/808/1097
f 918/836/1098 917/837/1098 900/832/1098 899/831/1098
f 916/838/1099 915/839/1099 902/835/1099 901/833/1099
f 917/837/1100 910/840/1100 907/834/1100 900/832/1100
f 914/839/1101 913/838/1101 904/833/1101 903/835/1101
f 915/839/1102 918/836/1102 899/831/1102 902/835/1102
f 913/838/1103 916/838/1103 901/833/1103 904/833/1103
f 912/837/1104 911/836/1104 906/831/1104 905/832/1104
f 911/836/1105 914/839/1105 903/835/1105 906/831/1105
f 910/840/1106 909/840/1106 908/834/1106 907/834/1106
f 909/840/1107 912/837/1107 905/832/1107 908/834/1107
f 952/801/1108 949/805/1108 950/799/1108 953/841/1108
f 946/803/1108 945/798/1108 948/806/1108 954/842/1108
f 953/841/1108 950/799/1108 944/798/1108 954/842/1108
f 953/841/1108 947/805/1108 951/801/1108 952/801/1108
f 954/842/1108 948/799/1108 947/805/1108 953/841/1108
f 954/842/1108 944/798/1108 943/803/1108 946/803/1108
o Mushroom_big_group_brown
v 2.306518 0.163820 -1.011654
v 2.316603 0.161299 -0.997332
v 2.317614 0.169991 -1.042829
v 2.306904 0.167140 -1.029032
v 2.351260 0.170527 -1.041982
v 2.334556 0.171285 -1.047775
v 2.355147 0.226638 -0.962376
v 2.287350 0.229973 -0.984431
v 2.287350 0.229973 -1.055803
v 2.355147 0.226638 -1.077859
v 2.397048 0.224576 -1.020117
v 2.338252 0.265037 -1.020117
v 2.336656 0.189268 -1.044085
v 2.351014 0.189268 -1.039419
v 2.313422 0.189268 -1.027205
v 2.322297 0.189268 -1.039419
v 2.322297 0.189268 -0.999893
v 2.313422 0.189268 -1.012107
v 2.351014 0.189268 -0.999893
v 2.336656 0.189268 -0.995227
v 2.359889 0.189268 -1.027205
v 2.359889 0.189268 -1.012107
v 2.399396 0.194067 -0.999141
v 2.399396 0.194067 -1.041093
v 2.334917 0.197239 -0.952238
v 2.374767 0.195279 -0.965201
v 2.270438 0.200411 -0.999141
v 2.295067 0.199200 -0.965201
v 2.295067 0.199200 -1.075033
v 2.270438 0.200411 -1.041093
v 2.374767 0.195279 -1.075033
v 2.334917 0.197239 -1.087996
v 2.383328 0.230588 -0.986178
v 2.318849 0.233760 -0.965202
v 2.278999 0.235720 -1.020117
v 2.318849 0.233760 -1.075032
v 2.383328 0.230588 -1.054057
v 2.348768 0.254370 -0.986178
v 2.373397 0.253158 -1.020117
v 2.308918 0.256330 -0.999142
v 2.308918 0.256330 -1.041093
v 2.348768 0.254370 -1.054056
v 2.350250 0.161834 -0.996485
v 2.333308 0.160541 -0.991538
v 2.361345 0.168006 -1.027661
v 2.360959 0.164686 -1.010283
v 2.305645 0.129821 -1.031788
v 2.315788 0.126769 -1.017464
v 2.316998 0.137353 -1.063099
v 2.306107 0.133864 -1.049219
v 2.351032 0.138063 -1.062386
v 2.334158 0.138957 -1.068128
v 2.349823 0.127479 -1.016750
v 2.332663 0.125875 -1.011720
v 2.361176 0.135012 -1.048064
v 2.360713 0.130969 -1.030633
v 2.317191 0.102492 -1.053746
v 2.323740 0.102492 -1.044731
v 2.323740 0.102492 -1.073903
v 2.317191 0.102492 -1.064888
v 2.344935 0.102492 -1.073903
v 2.334337 0.102492 -1.077346
v 2.344935 0.102492 -1.044731
v 2.334337 0.102492 -1.041288
v 2.351484 0.102492 -1.064888
v 2.351484 0.102492 -1.053746
v 2.339636 0.102492 -1.057595
v 2.328908 0.102492 -1.061081
v 2.207277 0.209804 -1.147464
v 2.226072 0.212413 -1.121346
v 2.226072 0.212413 -1.205865
v 2.207277 0.209804 -1.179747
v 2.286896 0.220853 -1.205865
v 2.256484 0.216633 -1.215841
v 2.288970 0.328964 -1.059112
v 2.165292 0.335048 -1.099347
v 2.165292 0.335048 -1.229546
v 2.288970 0.328964 -1.269781
v 2.365408 0.325203 -1.164446
v 2.258150 0.399012 -1.164447
v 2.255237 0.260792 -1.208170
v 2.281431 0.260792 -1.199659
v 2.212854 0.260792 -1.177377
v 2.229043 0.260792 -1.199659
v 2.229043 0.260792 -1.127553
v 2.212854 0.260792 -1.149835
v 2.281431 0.260792 -1.127553
v 2.255237 0.260792 -1.119042
v 2.297620 0.260792 -1.177377
v 2.297620 0.260792 -1.149835
v 2.369691 0.269547 -1.126182
v 2.369691 0.269547 -1.202711
v 2.252065 0.275334 -1.040618
v 2.324762 0.271758 -1.064268
v 2.134440 0.281120 -1.126182
v 2.179369 0.278910 -1.064268
v 2.179369 0.278910 -1.264626
v 2.134440 0.281120 -1.202711
v 2.324762 0.271757 -1.264626
v 2.252065 0.275334 -1.288275
v 2.340378 0.336169 -1.102533
v 2.222753 0.341955 -1.064268
v 2.150057 0.345531 -1.164446
v 2.222753 0.341955 -1.264625
v 2.340378 0.336169 -1.226360
v 2.277333 0.379553 -1.102533
v 2.322263 0.377343 -1.164447
v 2.204638 0.383129 -1.126182
v 2.204638 0.383129 -1.202711
v 2.277333 0.379553 -1.226360
v 2.286896 0.220853 -1.121346
v 2.256484 0.216633 -1.111370
v 2.305691 0.223462 -1.179747
v 2.305691 0.223462 -1.147464
v 2.226887 0.142528 -1.124802
v 2.245744 0.146899 -1.098220
v 2.245744 0.146899 -1.183708
v 2.226887 0.142528 -1.157455
v 2.306770 0.161046 -1.183171
v 2.276256 0.153973 -1.193531
v 2.306770 0.161047 -1.097683
v 2.276256 0.153973 -1.087862
v 2.325630 0.165419 -1.156586
v 2.325630 0.165419 -1.123933
v 2.274874 0.102492 -1.098021
v 2.286822 0.102492 -1.081576
v 2.286822 0.102492 -1.134792
v 2.274874 0.102492 -1.118348
v 2.325486 0.102492 -1.134792
v 2.306154 0.102492 -1.141074
v 2.325486 0.102492 -1.081576
v 2.306154 0.102492 -1.075295
v 2.337433 0.102492 -1.118348
v 2.337433 0.102492 -1.098021
v 2.315820 0.102492 -1.105044
v 2.296249 0.102492 -1.111403
v 2.389271 0.203774 -1.087890
v 2.404536 0.201155 -1.066574
v 2.404536 0.201155 -1.135554
v 2.389271 0.203774 -1.114238
v 2.453931 0.192680 -1.135554
v 2.429234 0.196918 -1.143696
v 2.460820 0.287330 -1.015780
v 2.359879 0.292295 -1.048618
v 2.359879 0.292295 -1.154882
v 2.460820 0.287330 -1.187720
v 2.523206 0.284260 -1.101750
v 2.435666 0.344501 -1.101750
v 2.433289 0.231690 -1.137435
v 2.454668 0.231690 -1.130489
v 2.398698 0.231690 -1.112303
v 2.411910 0.231690 -1.130489
v 2.411910 0.231690 -1.071639
v 2.398698 0.231690 -1.089825
v 2.454668 0.231690 -1.071639
v 2.433289 0.231690 -1.064692
v 2.467880 0.231690 -1.112303
v 2.467880 0.231690 -1.089825
v 2.526702 0.238836 -1.070520
v 2.526702 0.238836 -1.132980
v 2.430700 0.243559 -1.000686
v 2.490032 0.240640 -1.019988
v 2.334699 0.248281 -1.070520
v 2.371368 0.246478 -1.019988
v 2.371368 0.246478 -1.183513
v 2.334699 0.248281 -1.132980
v 2.490032 0.240640 -1.183513
v 2.430700 0.243559 -1.202814
v 2.502778 0.293210 -1.051219
v 2.406776 0.297933 -1.019988
v 2.347445 0.300852 -1.101750
v 2.406776 0.297933 -1.183512
v 2.502778 0.293210 -1.152282
v 2.451323 0.328619 -1.051219
v 2.487992 0.326815 -1.101750
v 2.391991 0.331537 -1.070520
v 2.391991 0.331537 -1.132980
v 2.451323 0.328619 -1.152282
v 2.453931 0.192680 -1.066574
v 2.429234 0.196918 -1.058431
v 2.469195 0.190061 -1.114238
v 2.469195 0.190061 -1.087890
v 2.357908 0.154201 -1.087739
v 2.373293 0.151258 -1.066178
v 2.373293 0.151258 -1.135950
v 2.357908 0.154201 -1.114389
v 2.423082 0.141732 -1.135950
v 2.398188 0.146495 -1.144185
v 2.423082 0.141732 -1.066178
v 2.398188 0.146495 -1.057943
v 2.438468 0.138789 -1.114389
v 2.438468 0.138789 -1.087739
v 2.345604 0.102492 -1.092769
v 2.355356 0.102492 -1.079347
v 2.355356 0.102492 -1.122780
v 2.345604 0.102492 -1.109359
v 2.386912 0.102492 -1.122780
v 2.371134 0.102492 -1.127907
v 2.386912 0.102492 -1.079347
v 2.371134 0.102492 -1.074221
v 2.396663 0.102492 -1.109359
v 2.396663 0.102492 -1.092769
v 2.379023 0.102492 -1.098501
v 2.363050 0.102492 -1.103690
vn -0.2266 -0.7649 0.6030
vn 0.9592 -0.2816 -0.0243
vn -0.7972 0.0265 -0.6032
vn 0.8154 0.0509 -0.5766
vn -0.9439 -0.3246 -0.0612
vn -0.6683 -0.6299 0.3957
vn 0.6826 -0.5910 0.4298
vn 0.2321 -0.7510 0.6182
vn -0.2962 0.2314 -0.9267
vn 0.3149 0.2385 -0.9186
vn 0.9996 -0.0187 0.0204
vn 0.7800 -0.3263 0.5339
vn -0.9992 0.0350 -0.0169
vn 0.8037 0.3112 -0.5071
vn -0.7774 0.3411 -0.5285
vn 0.4410 0.6408 0.6284
vn -0.4382 0.6841 0.5831
vn -0.6669 0.6953 -0.2680
vn 0.0710 0.6590 -0.7488
vn 0.7557 0.6253 -0.1947
vn 0.3141 0.9292 -0.1947
vn 0.5296 0.7696 -0.3568
vn 0.4410 0.6408 -0.6284
vn -0.0559 0.9474 -0.3151
vn -0.1483 0.8029 -0.5773
vn -0.4382 0.6841 -0.5831
vn -0.2845 0.9587 -0.0000
vn -0.5673 0.8235 -0.0000
vn -0.6669 0.6953 0.2680
vn -0.0559 0.9474 0.3151
vn -0.1483 0.8029 0.5773
vn 0.0710 0.6590 0.7488
vn 0.3141 0.9292 0.1947
vn 0.5296 0.7696 0.3568
vn 0.7557 0.6253 0.1947
vn 0.9049 0.2863 -0.3151
vn 0.8029 0.1483 -0.5773
vn 0.5901 0.3018 -0.7488
vn -0.0085 0.3312 -0.9435
vn -0.2939 0.2023 -0.9342
vn -0.5177 0.3563 -0.7779
vn -0.8877 0.3745 -0.2680
vn -0.9718 0.2356 -0.0000
vn -0.8877 0.3745 0.2680
vn -0.5177 0.3563 0.7779
vn -0.2939 0.2023 0.9342
vn -0.0085 0.3312 0.9435
vn 0.5901 0.3018 0.7488
vn 0.8029 0.1483 0.5773
vn 0.9049 0.2863 0.3151
vn 0.3124 0.1104 -0.9435
vn 0.2830 -0.4882 0.8256
vn -0.3069 -0.4743 0.8252
vn -0.7955 0.1649 -0.5831
vn 0.3025 0.5054 -0.8081
vn -0.2809 0.5120 -0.8118
vn -0.7955 0.1649 0.5831
vn -0.8085 -0.2832 0.5159
vn 0.3189 0.1434 -0.9369
vn 0.3124 0.1104 0.9435
vn -0.9624 0.2711 0.0163
vn 0.9983 0.0556 0.0175
vn 0.9971 0.0767 -0.0000
vn -0.7811 0.2818 -0.5572
vn -0.3120 0.1531 0.9377
vn 0.8147 0.0780 -0.5747
vn -0.7842 0.2177 0.5810
vn 0.7937 0.0655 0.6047
vn -0.2943 0.2303 -0.9275
vn 0.2884 0.0992 0.9524
vn 0.0190 -0.9856 -0.1680
vn -0.2047 -0.9711 -0.1231
vn 0.0950 -0.9909 -0.0950
vn -0.2067 -0.9704 0.1246
vn -0.0956 -0.9780 -0.1853
vn -0.2509 -0.9680 -0.0000
vn 0.0202 -0.9850 0.1716
vn -0.0968 -0.9772 0.1891
vn 0.1206 -0.9927 -0.0000
vn 0.0968 -0.9906 0.0963
vn -0.0000 -1.0000 -0.0000
vn -0.3225 0.0492 0.9453
vn 0.9829 0.1844 -0.0000
vn -0.4099 -0.8290 -0.3806
vn 0.8067 -0.1950 -0.5578
vn -0.6406 -0.7679 -0.0000
vn -0.7005 -0.4571 0.5480
vn 0.7313 0.3797 0.5666
vn 0.2441 0.3441 0.9067
vn -0.1011 -0.7571 -0.6454
vn 0.3334 -0.5526 -0.7638
vn 0.9458 0.3249 -0.0000
vn 0.6920 0.4574 0.5585
vn -0.9600 -0.2798 -0.0000
vn 0.8099 0.0461 -0.5848
vn -0.7170 -0.4026 -0.5691
vn 0.2121 0.4103 0.8869
vn -0.3458 0.2250 0.9109
vn 0.3456 -0.2231 -0.9115
vn -0.2215 -0.3798 -0.8982
vn -0.8107 -0.0383 0.5843
vn 0.2934 0.1784 -0.9392
vn -0.9941 0.1087 -0.0000
vn 0.9774 0.2113 -0.0000
vn -0.8077 0.1193 -0.5774
vn -0.3170 0.1464 0.9371
vn 0.7884 0.2026 -0.5808
vn -0.8077 0.1193 0.5774
vn 0.7884 0.2026 0.5808
vn -0.3170 0.1464 -0.9371
vn 0.2934 0.1784 0.9392
vn -0.3238 -0.1400 0.9357
vn 0.6556 -0.7551 -0.0000
vn -0.7993 0.1345 -0.5857
vn 0.5599 -0.6889 -0.4603
vn -0.9728 0.2315 -0.0000
vn -0.7993 0.1345 0.5857
vn 0.5599 -0.6889 0.4603
vn 0.2247 -0.4722 0.8524
vn -0.3238 -0.1400 -0.9357
vn 0.2247 -0.4722 -0.8524
vn 0.8578 -0.5141 -0.0000
vn 0.7096 -0.4245 0.5623
vn -0.8451 0.5347 -0.0000
vn 0.7096 -0.4245 -0.5623
vn -0.7007 0.4441 -0.5585
vn 0.2823 -0.1641 0.9452
vn -0.2786 0.1813 0.9432
vn 0.2823 -0.1641 -0.9452
vn -0.2786 0.1813 -0.9432
vn -0.7007 0.4441 0.5585
vn 0.3191 0.1235 -0.9396
vn -0.9474 0.3199 -0.0000
vn 0.9995 0.0316 -0.0000
vn -0.7674 0.2891 -0.5723
vn -0.2864 0.2122 0.9343
vn 0.8117 0.0563 -0.5814
vn -0.7674 0.2891 0.5723
vn 0.8117 0.0563 0.5814
vn -0.2864 0.2122 -0.9343
vn 0.3191 0.1235 0.9396
vt 0.853740 0.660574
vt 0.847372 0.660574
vt 0.850122 0.527714
vt 0.854087 0.527714
vt 0.864044 0.660574
vt 0.860501 0.527714
vt 0.843436 0.660574
vt 0.847672 0.527714
vt 0.860108 0.660574
vt 0.858051 0.527714
vt 0.853966 0.527714
vt 0.864122 0.809297
vt 0.860231 0.809297
vt 0.843748 0.809297
vt 0.847639 0.809297
vt 0.658852 0.731562
vt 0.671329 0.766386
vt 0.655400 0.910494
vt 0.628555 0.731562
vt 0.642514 0.766386
vt 0.637592 0.910494
vt 0.624706 0.766386
vt 0.642514 0.766386
vt 0.677577 0.731559
vt 0.666407 0.910493
vt 0.650478 0.976732
vt 0.679293 0.533209
vt 0.668287 0.533209
vt 0.650478 0.533209
vt 0.632670 0.533209
vt 0.621664 0.533209
vt 0.632670 0.533209
vt 0.650478 0.533209
vt 0.668287 0.533209
vt 0.853935 0.809297
vt 0.854954 0.912991
vt 0.860325 0.912991
vt 0.846263 0.912991
vt 0.863645 0.912991
vt 0.849582 0.912991
vt 0.854055 0.952674
vt 0.868980 0.952674
vt 0.829905 0.952674
vt 0.839129 0.952674
vt 0.878204 0.952674
vt 0.856069 0.527714
vt 0.852056 0.527714
s 1
usemtl Material.013
f 1008/843/1109 1002/844/1109 1012/845/1109 1018/846/1109
f 1009/847/1110 1010/847/1110 1020/848/1110 1019/848/1110
f 1004/849/1111 1003/844/1111 1013/845/1111 1014/850/1111
f 1005/851/1112 1009/847/1112 1019/848/1112 1015/852/1112
f 1001/849/1113 1004/849/1113 1014/850/1113 1011/850/1113
f 1002/844/1114 1001/849/1114 1011/850/1114 1012/845/1114
f 1010/847/1115 1007/851/1115 1017/852/1115 1020/848/1115
f 1007/851/1116 1008/843/1116 1018/846/1116 1017/852/1116
f 1003/844/1117 1006/843/1117 1016/853/1117 1013/845/1117
f 1006/843/1118 1005/851/1118 1015/852/1118 1016/846/1118
f 999/854/1119 1000/854/1119 1010/847/1119 1009/847/1119
f 1000/854/1120 997/855/1120 1007/851/1120 1010/847/1120
f 955/856/1121 958/856/1121 1004/849/1121 1001/849/1121
f 959/855/1122 999/854/1122 1009/847/1122 1005/851/1122
f 958/856/1123 957/857/1123 1003/844/1123 1004/849/1123
f 961/858/1124 987/859/1124 992/860/1124
f 962/861/1125 988/862/1125 994/863/1125
f 963/861/1126 989/864/1126 995/863/1126
f 964/858/1127 990/865/1127 996/860/1127
f 965/866/1128 991/859/1128 993/867/1128
f 993/867/1129 996/860/1129 966/868/1129
f 993/867/1130 991/859/1130 996/860/1130
f 991/859/1131 964/858/1131 996/860/1131
f 996/860/1132 995/863/1132 966/868/1132
f 996/860/1133 990/865/1133 995/863/1133
f 990/865/1134 963/861/1134 995/863/1134
f 995/863/1135 994/863/1135 966/868/1135
f 995/863/1136 989/864/1136 994/863/1136
f 989/864/1137 962/861/1137 994/863/1137
f 994/863/1138 992/860/1138 966/868/1138
f 994/863/1139 988/862/1139 992/860/1139
f 988/862/1140 961/858/1140 992/860/1140
f 992/860/1141 993/867/1141 966/868/1141
f 992/860/1142 987/859/1142 993/867/1142
f 987/859/1143 965/866/1143 993/867/1143
f 978/869/1144 991/859/1144 965/866/1144
f 978/869/1145 985/870/1145 991/859/1145
f 985/870/1146 964/858/1146 991/859/1146
f 986/871/1147 990/865/1147 964/858/1147
f 986/871/1148 983/872/1148 990/865/1148
f 983/872/1149 963/861/1149 990/865/1149
f 984/873/1150 989/864/1150 963/861/1150
f 984/873/1151 981/873/1151 989/864/1151
f 981/873/1152 962/861/1152 989/864/1152
f 982/874/1153 988/862/1153 962/861/1153
f 982/874/1154 979/875/1154 988/862/1154
f 979/875/1155 961/858/1155 988/862/1155
f 980/876/1156 987/859/1156 961/858/1156
f 980/876/1157 977/869/1157 987/859/1157
f 977/869/1158 965/866/1158 987/859/1158
f 985/870/1159 986/871/1159 964/858/1159
f 997/855/1160 998/877/1160 1008/843/1160 1007/851/1160
f 998/877/1161 956/857/1161 1002/844/1161 1008/843/1161
f 983/872/1162 984/873/1162 963/861/1162
f 960/877/1163 959/855/1163 1005/851/1163 1006/843/1163
f 957/857/1164 960/877/1164 1006/843/1164 1003/844/1164
f 981/873/1165 982/874/1165 962/861/1165
f 956/857/1166 955/856/1166 1001/849/1166 1002/844/1166
f 967/878/1167 968/879/1167 959/855/1167 960/877/1167
f 979/875/1168 980/876/1168 961/858/1168
f 972/880/1169 969/880/1169 958/856/1169 955/856/1169
f 975/881/1170 976/881/1170 1000/854/1170 999/854/1170
f 977/869/1171 978/869/1171 965/866/1171
f 969/880/1172 970/882/1172 957/857/1172 958/856/1172
f 974/878/1173 971/882/1173 956/857/1173 998/877/1173
f 968/879/1174 975/881/1174 999/854/1174 959/855/1174
f 971/882/1175 972/880/1175 955/856/1175 956/857/1175
f 976/881/1176 973/879/1176 997/855/1176 1000/854/1176
f 970/882/1177 967/878/1177 960/877/1177 957/857/1177
f 973/879/1178 974/878/1178 998/877/1178 997/855/1178
f 986/883/1179 985/884/1179 968/879/1179 967/878/1179
f 984/885/1180 983/886/1180 970/882/1180 969/880/1180
f 985/884/1181 978/887/1181 975/881/1181 968/879/1181
f 982/886/1182 981/885/1182 972/880/1182 971/882/1182
f 983/886/1183 986/883/1183 967/878/1183 970/882/1183
f 981/885/1184 984/885/1184 969/880/1184 972/880/1184
f 980/884/1185 979/883/1185 974/878/1185 973/879/1185
f 979/883/1186 982/886/1186 971/882/1186 974/878/1186
f 978/887/1187 977/887/1187 976/881/1187 975/881/1187
f 977/887/1188 980/884/1188 973/879/1188 976/881/1188
f 1020/848/1189 1017/852/1189 1018/846/1189 1021/888/1189
f 1014/850/1189 1013/845/1189 1016/853/1189 1022/889/1189
f 1021/888/1189 1018/846/1189 1012/845/1189 1022/889/1189
f 1021/888/1189 1015/852/1189 1019/848/1189 1020/848/1189
f 1022/889/1189 1016/846/1189 1015/852/1189 1021/888/1189
f 1022/889/1189 1012/845/1189 1011/850/1189 1014/850/1189
f 1076/843/1190 1070/844/1190 1080/845/1190 1086/846/1190
f 1077/847/1191 1078/847/1191 1088/848/1191 1087/848/1191
f 1072/849/1192 1071/844/1192 1081/845/1192 1082/850/1192
f 1073/851/1193 1077/847/1193 1087/848/1193 1083/852/1193
f 1069/849/1194 1072/849/1194 1082/850/1194 1079/850/1194
f 1070/844/1195 1069/849/1195 1079/850/1195 1080/845/1195
f 1078/847/1196 1075/851/1196 1085/852/1196 1088/848/1196
f 1075/851/1197 1076/843/1197 1086/846/1197 1085/852/1197
f 1071/844/1198 1074/843/1198 1084/853/1198 1081/845/1198
f 1074/843/1199 1073/851/1199 1083/852/1199 1084/846/1199
f 1067/854/1200 1068/854/1200 1078/847/1200 1077/847/1200
f 1068/854/1201 1065/855/1201 1075/851/1201 1078/847/1201
f 1023/856/1202 1026/856/1202 1072/849/1202 1069/849/1202
f 1027/855/1203 1067/854/1203 1077/847/1203 1073/851/1203
f 1026/856/1204 1025/857/1204 1071/844/1204 1072/849/1204
f 1029/858/1124 1055/859/1124 1060/860/1124
f 1030/861/1125 1056/862/1125 1062/863/1125
f 1031/861/1126 1057/864/1126 1063/863/1126
f 1032/858/1127 1058/865/1127 1064/860/1127
f 1033/866/1128 1059/859/1128 1061/867/1128
f 1061/867/1129 1064/860/1129 1034/868/1129
f 1061/867/1130 1059/859/1130 1064/860/1130
f 1059/859/1131 1032/858/1131 1064/860/1131
f 1064/860/1132 1063/863/1132 1034/868/1132
f 1064/860/1133 1058/865/1133 1063/863/1133
f 1058/865/1134 1031/861/1134 1063/863/1134
f 1063/863/1135 1062/863/1135 1034/868/1135
f 1063/863/1136 1057/864/1136 1062/863/1136
f 1057/864/1137 1030/861/1137 1062/863/1137
f 1062/863/1138 1060/860/1138 1034/868/1138
f 1062/863/1139 1056/862/1139 1060/860/1139
f 1056/862/1140 1029/858/1140 1060/860/1140
f 1060/860/1141 1061/867/1141 1034/868/1141
f 1060/860/1142 1055/859/1142 1061/867/1142
f 1055/859/1143 1033/866/1143 1061/867/1143
f 1046/869/1144 1059/859/1144 1033/866/1144
f 1046/869/1145 1053/870/1145 1059/859/1145
f 1053/870/1146 1032/858/1146 1059/859/1146
f 1054/871/1147 1058/865/1147 1032/858/1147
f 1054/871/1148 1051/872/1148 1058/865/1148
f 1051/872/1149 1031/861/1149 1058/865/1149
f 1052/873/1150 1057/864/1150 1031/861/1150
f 1052/873/1151 1049/873/1151 1057/864/1151
f 1049/873/1152 1030/861/1152 1057/864/1152
f 1050/874/1153 1056/862/1153 1030/861/1153
f 1050/874/1154 1047/875/1154 1056/862/1154
f 1047/875/1155 1029/858/1155 1056/862/1155
f 1048/876/1156 1055/859/1156 1029/858/1156
f 1048/876/1157 1045/869/1157 1055/859/1157
f 1045/869/1158 1033/866/1158 1055/859/1158
f 1053/870/1159 1054/871/1159 1032/858/1159
f 1065/855/1205 1066/877/1205 1076/843/1205 1075/851/1205
f 1066/877/1206 1024/857/1206 1070/844/1206 1076/843/1206
f 1051/872/1162 1052/873/1162 1031/861/1162
f 1028/877/1207 1027/855/1207 1073/851/1207 1074/843/1207
f 1025/857/1208 1028/877/1208 1074/843/1208 1071/844/1208
f 1049/873/1165 1050/874/1165 1030/861/1165
f 1024/857/1209 1023/856/1209 1069/849/1209 1070/844/1209
f 1035/878/1210 1036/879/1210 1027/855/1210 1028/877/1210
f 1047/875/1168 1048/876/1168 1029/858/1168
f 1040/880/1211 1037/880/1211 1026/856/1211 1023/856/1211
f 1043/881/1212 1044/881/1212 1068/854/1212 1067/854/1212
f 1045/869/1171 1046/869/1171 1033/866/1171
f 1037/880/1213 1038/882/1213 1025/857/1213 1026/856/1213
f 1042/878/1214 1039/882/1214 1024/857/1214 1066/877/1214
f 1036/879/1215 1043/881/1215 1067/854/1215 1027/855/1215
f 1039/882/1216 1040/880/1216 1023/856/1216 1024/857/1216
f 1044/881/1217 1041/879/1217 1065/855/1217 1068/854/1217
f 1038/882/1218 1035/878/1218 1028/877/1218 1025/857/1218
f 1041/879/1219 1042/878/1219 1066/877/1219 1065/855/1219
f 1054/883/1179 1053/884/1179 1036/879/1179 1035/878/1179
f 1052/885/1180 1051/886/1180 1038/882/1180 1037/880/1180
f 1053/884/1181 1046/887/1181 1043/881/1181 1036/879/1181
f 1050/886/1182 1049/885/1182 1040/880/1182 1039/882/1182
f 1051/886/1183 1054/883/1183 1035/878/1183 1038/882/1183
f 1049/885/1184 1052/885/1184 1037/880/1184 1040/880/1184
f 1048/884/1185 1047/883/1185 1042/878/1185 1041/879/1185
f 1047/883/1186 1050/886/1186 1039/882/1186 1042/878/1186
f 1046/887/1187 1045/887/1187 1044/881/1187 1043/881/1187
f 1045/887/1188 1048/884/1188 1041/879/1188 1044/881/1188
f 1088/848/1189 1085/852/1189 1086/846/1189 1089/888/1189
f 1082/850/1189 1081/845/1189 1084/853/1189 1090/889/1189
f 1089/888/1189 1086/846/1189 1080/845/1189 1090/889/1189
f 1089/888/1189 1083/852/1189 1087/848/1189 1088/848/1189
f 1090/889/1189 1084/846/1189 1083/852/1189 1089/888/1189
f 1090/889/1189 1080/845/1189 1079/850/1189 1082/850/1189
f 1144/843/1220 1138/844/1220 1148/845/1220 1154/846/1220
f 1145/847/1221 1146/847/1221 1156/848/1221 1155/848/1221
f 1140/849/1222 1139/844/1222 1149/845/1222 1150/850/1222
f 1141/851/1223 1145/847/1223 1155/848/1223 1151/852/1223
f 1137/849/1224 1140/849/1224 1150/850/1224 1147/850/1224
f 1138/844/1225 1137/849/1225 1147/850/1225 1148/845/1225
f 1146/847/1226 1143/851/1226 1153/852/1226 1156/848/1226
f 1143/851/1227 1144/843/1227 1154/846/1227 1153/852/1227
f 1139/844/1228 1142/843/1228 1152/853/1228 1149/845/1228
f 1142/843/1229 1141/851/1229 1151/852/1229 1152/846/1229
f 1135/854/1230 1136/854/1230 1146/847/1230 1145/847/1230
f 1136/854/1231 1133/855/1231 1143/851/1231 1146/847/1231
f 1091/856/1232 1094/856/1232 1140/849/1232 1137/849/1232
f 1095/855/1233 1135/854/1233 1145/847/1233 1141/851/1233
f 1094/856/1234 1093/857/1234 1139/844/1234 1140/849/1234
f 1097/858/1124 1123/859/1124 1128/860/1124
f 1098/861/1125 1124/862/1125 1130/863/1125
f 1099/861/1126 1125/864/1126 1131/863/1126
f 1100/858/1127 1126/865/1127 1132/860/1127
f 1101/866/1128 1127/859/1128 1129/867/1128
f 1129/867/1129 1132/860/1129 1102/868/1129
f 1129/867/1130 1127/859/1130 1132/860/1130
f 1127/859/1131 1100/858/1131 1132/860/1131
f 1132/860/1132 1131/863/1132 1102/868/1132
f 1132/860/1133 1126/865/1133 1131/863/1133
f 1126/865/1134 1099/861/1134 1131/863/1134
f 1131/863/1135 1130/863/1135 1102/868/1135
f 1131/863/1136 1125/864/1136 1130/863/1136
f 1125/864/1137 1098/861/1137 1130/863/1137
f 1130/863/1138 1128/860/1138 1102/868/1138
f 1130/863/1139 1124/862/1139 1128/860/1139
f 1124/862/1140 1097/858/1140 1128/860/1140
f 1128/860/1141 1129/867/1141 1102/868/1141
f 1128/860/1142 1123/859/1142 1129/867/1142
f 1123/859/1143 1101/866/1143 1129/867/1143
f 1114/869/1144 1127/859/1144 1101/866/1144
f 1114/869/1145 1121/870/1145 1127/859/1145
f 1121/870/1146 1100/858/1146 1127/859/1146
f 1122/871/1147 1126/865/1147 1100/858/1147
f 1122/871/1148 1119/872/1148 1126/865/1148
f 1119/872/1149 1099/861/1149 1126/865/1149
f 1120/873/1150 1125/864/1150 1099/861/1150
f 1120/873/1151 1117/873/1151 1125/864/1151
f 1117/873/1152 1098/861/1152 1125/864/1152
f 1118/874/1153 1124/862/1153 1098/861/1153
f 1118/874/1154 1115/875/1154 1124/862/1154
f 1115/875/1155 1097/858/1155 1124/862/1155
f 1116/876/1156 1123/859/1156 1097/858/1156
f 1116/876/1157 1113/869/1157 1123/859/1157
f 1113/869/1158 1101/866/1158 1123/859/1158
f 1121/870/1159 1122/871/1159 1100/858/1159
f 1133/855/1235 1134/877/1235 1144/843/1235 1143/851/1235
f 1134/877/1236 1092/857/1236 1138/844/1236 1144/843/1236
f 1119/872/1162 1120/873/1162 1099/861/1162
f 1096/877/1237 1095/855/1237 1141/851/1237 1142/843/1237
f 1093/857/1238 1096/877/1238 1142/843/1238 1139/844/1238
f 1117/873/1165 1118/874/1165 1098/861/1165
f 1092/857/1239 1091/856/1239 1137/849/1239 1138/844/1239
f 1103/878/1240 1104/879/1240 1095/855/1240 1096/877/1240
f 1115/875/1168 1116/876/1168 1097/858/1168
f 1108/880/1241 1105/880/1241 1094/856/1241 1091/856/1241
f 1111/881/1242 1112/881/1242 1136/854/1242 1135/854/1242
f 1113/869/1171 1114/869/1171 1101/866/1171
f 1105/880/1243 1106/882/1243 1093/857/1243 1094/856/1243
f 1110/878/1244 1107/882/1244 1092/857/1244 1134/877/1244
f 1104/879/1245 1111/881/1245 1135/854/1245 1095/855/1245
f 1107/882/1246 1108/880/1246 1091/856/1246 1092/857/1246
f 1112/881/1247 1109/879/1247 1133/855/1247 1136/854/1247
f 1106/882/1248 1103/878/1248 1096/877/1248 1093/857/1248
f 1109/879/1249 1110/878/1249 1134/877/1249 1133/855/1249
f 1122/883/1179 1121/884/1179 1104/879/1179 1103/878/1179
f 1120/885/1180 1119/886/1180 1106/882/1180 1105/880/1180
f 1121/884/1181 1114/887/1181 1111/881/1181 1104/879/1181
f 1118/886/1182 1117/885/1182 1108/880/1182 1107/882/1182
f 1119/886/1183 1122/883/1183 1103/878/1183 1106/882/1183
f 1117/885/1184 1120/885/1184 1105/880/1184 1108/880/1184
f 1116/884/1185 1115/883/1185 1110/878/1185 1109/879/1185
f 1115/883/1186 1118/886/1186 1107/882/1186 1110/878/1186
f 1114/887/1187 1113/887/1187 1112/881/1187 1111/881/1187
f 1113/887/1188 1116/884/1188 1109/879/1188 1112/881/1188
f 1156/848/1189 1153/852/1189 1154/846/1189 1157/888/1189
f 1150/850/1189 1149/845/1189 1152/853/1189 1158/889/1189
f 1157/888/1189 1154/846/1189 1148/845/1189 1158/889/1189
f 1157/888/1189 1151/852/1189 1155/848/1189 1156/848/1189
f 1158/889/1189 1152/846/1189 1151/852/1189 1157/888/1189
f 1158/889/1189 1148/845/1189 1147/850/1189 1150/850/1189
o Mushroom_flat_white
v -2.602437 0.271533 -2.206437
v -2.602907 0.287077 -2.206437
v -2.499585 0.274644 -2.163815
v -2.500055 0.290187 -2.163815
v -2.456982 0.275932 -2.060915
v -2.457452 0.291476 -2.060915
v -2.499585 0.274644 -1.958017
v -2.500055 0.290187 -1.958017
v -2.602437 0.271533 -1.915394
v -2.602907 0.287077 -1.915394
v -2.705288 0.268422 -1.958017
v -2.705759 0.283966 -1.958017
v -2.747891 0.267134 -2.060915
v -2.748361 0.282677 -2.060915
v -2.705288 0.268422 -2.163815
v -2.705759 0.283966 -2.163815
v -2.601591 0.243567 -2.156609
v -2.533956 0.245612 -2.128581
v -2.505941 0.246460 -2.060915
v -2.533956 0.245612 -1.993250
v -2.601591 0.243567 -1.965222
v -2.669225 0.241521 -1.993250
v -2.697240 0.240674 -2.060915
v -2.669225 0.241521 -2.128581
v -2.601144 0.228792 -2.085916
v -2.583474 0.229327 -2.078593
v -2.576155 0.229548 -2.060915
v -2.583474 0.229327 -2.043237
v -2.601144 0.228792 -2.035915
v -2.618814 0.228258 -2.043237
v -2.626133 0.228036 -2.060915
v -2.618814 0.228258 -2.078593
v -2.597373 0.199790 -2.090214
v -2.576685 0.200879 -2.081632
v -2.568115 0.201330 -2.060915
v -2.576685 0.200879 -2.040199
v -2.597373 0.199790 -2.031617
v -2.618061 0.198700 -2.040199
v -2.626631 0.198249 -2.060915
v -2.618061 0.198700 -2.081632
v -2.594932 0.161159 -2.099828
v -2.567435 0.162170 -2.088431
v -2.556045 0.162588 -2.060915
v -2.567435 0.162170 -2.033400
v -2.594932 0.161159 -2.022002
v -2.622429 0.160149 -2.033400
v -2.633818 0.159731 -2.060915
v -2.622429 0.160149 -2.088431
v -2.594728 0.145970 -2.088654
v -2.575133 0.146829 -2.080529
v -2.567016 0.147185 -2.060915
v -2.575133 0.146829 -2.041301
v -2.594728 0.145970 -2.033177
v -2.614323 0.145110 -2.041301
v -2.622439 0.144754 -2.060915
v -2.614323 0.145110 -2.080529
v -2.597783 0.099434 -2.088654
v -2.578169 0.099434 -2.080529
v -2.570045 0.099434 -2.060915
v -2.578169 0.099434 -2.041301
v -2.597783 0.099434 -2.033177
v -2.617397 0.099434 -2.041301
v -2.625521 0.099434 -2.060915
v -2.617397 0.099434 -2.080529
v -2.602314 0.053954 -2.088654
v -2.582700 0.053954 -2.080529
v -2.574575 0.053954 -2.060915
v -2.582700 0.053954 -2.041301
v -2.602314 0.053954 -2.033177
v -2.621927 0.053954 -2.041301
v -2.630052 0.053954 -2.060915
v -2.621927 0.053954 -2.080529
v -2.601089 0.270257 -2.060915
v -2.602314 0.053954 -2.060915
vn 0.3825 0.0116 -0.9239
vn 0.9235 0.0279 -0.3827
vn 0.9235 0.0279 0.3827
vn 0.3825 0.0116 0.9239
vn -0.3825 -0.0116 0.9239
vn -0.9235 -0.0279 0.3827
vn -0.1119 0.9903 0.0819
vn -0.9235 -0.0279 -0.3827
vn -0.3825 -0.0116 -0.9239
vn 0.5055 -0.8397 0.1988
vn -0.0549 -0.9774 -0.2039
vn -0.4538 -0.8687 0.1988
vn 0.2245 -0.8481 0.4798
vn -0.4538 -0.8687 -0.1988
vn 0.5055 -0.8397 -0.1988
vn -0.1728 -0.8602 0.4798
vn -0.1728 -0.8602 -0.4798
vn 0.2245 -0.8481 -0.4798
vn 0.8922 0.2535 0.3737
vn -0.1744 -0.9811 0.0845
vn 0.1139 -0.9723 0.2039
vn 0.2333 -0.9687 -0.0845
vn -0.1744 -0.9811 -0.0845
vn -0.0549 -0.9774 0.2039
vn 0.2333 -0.9687 0.0845
vn 0.1139 -0.9723 -0.2039
vn -0.9117 0.1697 -0.3742
vn 0.3698 0.1843 -0.9107
vn -0.3847 0.0854 -0.9191
vn -0.9240 0.0156 0.3821
vn 0.3698 0.1843 0.9107
vn 0.8922 0.2535 -0.3737
vn -0.9240 0.0156 -0.3821
vn -0.3847 0.0854 0.9191
vn 0.3368 -0.5570 0.7591
vn -0.3826 0.2013 0.9017
vn 0.8862 0.2766 0.3717
vn 0.3621 0.2456 -0.8992
vn -0.3826 0.2013 -0.9017
vn -0.9117 0.1697 0.3742
vn 0.3621 0.2456 0.8992
vn 0.8862 0.2766 -0.3717
vn -0.3832 0.0255 -0.9233
vn -0.3824 0.0378 -0.9232
vn -0.3832 0.0258 -0.9233
vn 0.7746 -0.5504 -0.3115
vn -0.7534 -0.5737 -0.3213
vn -0.2962 -0.5666 0.7689
vn 0.7746 -0.5504 0.3115
vn 0.3368 -0.5570 -0.7591
vn -0.2962 -0.5666 -0.7689
vn -0.7534 -0.5737 0.3213
vn -0.3824 0.0378 0.9232
vn -0.3832 0.0258 0.9233
vn -0.3824 0.0381 0.9232
vn -0.9223 0.0624 0.3813
vn 0.3832 -0.0249 0.9233
vn 0.3832 -0.0252 0.9233
vn 0.3824 -0.0378 0.9232
vn 0.9225 -0.0588 -0.3814
vn -0.9223 0.0624 -0.3813
vn -0.3832 0.0255 0.9233
vn 0.9225 -0.0588 0.3814
vn 0.3832 -0.0249 -0.9233
vn 0.3824 -0.0378 -0.9232
vn 0.3832 -0.0252 -0.9233
vn -0.0000 -1.0000 -0.0000
vn 0.9200 -0.0916 0.3811
vn 0.3824 -0.0381 -0.9232
vn -0.3824 0.0381 -0.9232
vn -0.9200 0.0916 0.3811
vn 0.3824 -0.0381 0.9232
vn 0.9200 -0.0916 -0.3811
vn -0.9200 0.0916 -0.3811
vn -0.1119 0.9903 -0.0819
vn 0.0508 0.9954 -0.0809
vn 0.0508 0.9954 0.0809
vt 0.851760 0.818937
vt 0.851994 0.901479
vt 0.871970 0.859120
vt 0.871736 0.776579
vt 0.880244 0.841575
vt 0.880010 0.759034
vt 0.832018 0.943837
vt 0.831784 0.861296
vt 0.823744 0.961382
vt 0.823510 0.878843
vt 0.851994 0.811414
vt 0.879679 0.643423
vt 0.871324 0.661139
vt 0.863993 0.525828
vt 0.869487 0.514178
vt 0.727684 0.961155
vt 0.751553 0.949389
vt 0.751149 0.916245
vt 0.744913 0.919319
vt 0.830984 0.746680
vt 0.822630 0.764395
vt 0.831971 0.593728
vt 0.837465 0.582078
vt 0.851154 0.703910
vt 0.850729 0.553952
vt 0.759968 0.911898
vt 0.757385 0.913171
vt 0.757941 0.856772
vt 0.760964 0.854922
vt 0.727684 0.961156
vt 0.717797 0.966030
vt 0.742330 0.920593
vt 0.775423 0.937623
vt 0.785310 0.932748
vt 0.740327 0.867559
vt 0.743349 0.865709
vt 0.739362 0.772088
vt 0.735348 0.774541
vt 0.750645 0.861241
vt 0.758744 0.760239
vt 0.749053 0.766163
vt 0.748655 0.734500
vt 0.755569 0.730656
vt 0.762758 0.757785
vt 0.741742 0.738343
vt 0.748655 0.734499
vt 0.749319 0.636683
vt 0.742379 0.636683
vt 0.758432 0.729064
vt 0.738878 0.739935
vt 0.742379 0.636683
vt 0.745032 0.522838
vt 0.751972 0.522838
vt 0.739504 0.636683
vt 0.756258 0.636683
vt 0.759133 0.636683
vt 0.742158 0.522838
vt 0.758912 0.522838
vt 0.761786 0.522838
s 1
usemtl Material.012
f 1159/890/1250 1160/891/1250 1162/892/1250 1161/893/1250
f 1161/893/1251 1162/892/1251 1164/894/1251 1163/895/1251
f 1163/895/1252 1164/894/1252 1166/892/1252 1165/893/1252
f 1165/893/1253 1166/892/1253 1168/891/1253 1167/890/1253
f 1167/890/1254 1168/891/1254 1170/896/1254 1169/897/1254
f 1169/897/1255 1170/896/1255 1172/898/1255 1171/899/1255
f 1162/892/1256 1160/891/1256 1231/900/1256 1164/894/1256
f 1171/899/1257 1172/898/1257 1174/896/1257 1173/897/1257
f 1173/897/1258 1174/896/1258 1160/891/1258 1159/890/1258
f 1163/901/1259 1165/902/1259 1178/903/1259 1177/904/1259
f 1182/905/1260 1175/906/1260 1183/907/1260 1190/908/1260
f 1169/909/1261 1171/910/1261 1181/911/1261 1180/912/1261
f 1165/902/1262 1167/913/1262 1179/914/1262 1178/903/1262
f 1171/910/1263 1173/909/1263 1182/912/1263 1181/911/1263
f 1161/902/1264 1163/901/1264 1177/904/1264 1176/903/1264
f 1167/913/1265 1169/909/1265 1180/912/1265 1179/914/1265
f 1173/909/1266 1159/913/1266 1175/914/1266 1182/912/1266
f 1159/913/1267 1161/902/1267 1176/903/1267 1175/914/1267
f 1185/915/1268 1186/916/1268 1194/917/1268 1193/918/1268
f 1180/919/1269 1181/920/1269 1189/921/1269 1188/908/1269
f 1178/922/1270 1179/906/1270 1187/907/1270 1186/916/1270
f 1176/922/1271 1177/923/1271 1185/915/1271 1184/916/1271
f 1181/920/1272 1182/905/1272 1190/908/1272 1189/921/1272
f 1179/906/1273 1180/919/1273 1188/908/1273 1187/907/1273
f 1177/923/1274 1178/922/1274 1186/916/1274 1185/915/1274
f 1175/906/1275 1176/922/1275 1184/916/1275 1183/907/1275
f 1197/924/1276 1198/925/1276 1206/926/1276 1205/927/1276
f 1183/907/1277 1184/916/1277 1192/917/1277 1191/928/1277
f 1190/908/1278 1183/907/1278 1191/928/1278 1198/925/1278
f 1188/908/1279 1189/921/1279 1197/924/1279 1196/925/1279
f 1186/916/1280 1187/907/1280 1195/928/1280 1194/917/1280
f 1184/916/1281 1185/915/1281 1193/918/1281 1192/917/1281
f 1189/921/1282 1190/908/1282 1198/925/1282 1197/924/1282
f 1187/907/1283 1188/908/1283 1196/925/1283 1195/928/1283
f 1202/929/1284 1203/930/1284 1211/931/1284 1210/932/1284
f 1195/928/1285 1196/925/1285 1204/926/1285 1203/930/1285
f 1193/918/1286 1194/917/1286 1202/929/1286 1201/933/1286
f 1191/928/1287 1192/917/1287 1200/929/1287 1199/930/1287
f 1198/925/1288 1191/928/1288 1199/930/1288 1206/926/1288
f 1196/925/1289 1197/924/1289 1205/927/1289 1204/926/1289
f 1194/917/1290 1195/928/1290 1203/930/1290 1202/929/1290
f 1192/917/1291 1193/918/1291 1201/933/1291 1200/929/1291
f 1214/934/1292 1207/935/1292 1215/936/1293 1222/937/1294
f 1200/929/1295 1201/933/1295 1209/938/1295 1208/932/1295
f 1205/927/1296 1206/926/1296 1214/934/1296 1213/939/1296
f 1203/930/1297 1204/926/1297 1212/934/1297 1211/931/1297
f 1201/933/1298 1202/929/1298 1210/932/1298 1209/938/1298
f 1199/930/1299 1200/929/1299 1208/932/1299 1207/935/1299
f 1206/926/1300 1199/930/1300 1207/935/1300 1214/934/1300
f 1204/926/1301 1205/927/1301 1213/939/1301 1212/934/1301
f 1219/936/1302 1220/940/1303 1228/941/1304 1227/942/1304
f 1212/934/1305 1213/939/1305 1221/943/1305 1220/940/1305
f 1210/932/1306 1211/931/1306 1219/936/1307 1218/944/1308
f 1208/932/1309 1209/938/1309 1217/945/1309 1216/944/1309
f 1213/939/1310 1214/934/1310 1222/937/1310 1221/943/1310
f 1211/931/1311 1212/934/1311 1220/940/1303 1219/936/1302
f 1209/938/1312 1210/932/1312 1218/944/1312 1217/945/1312
f 1207/935/1313 1208/932/1313 1216/944/1314 1215/936/1315
f 1223/942/1316 1232/942/1316 1229/946/1316 1230/941/1316
f 1217/945/1317 1218/944/1317 1226/947/1317 1225/948/1317
f 1215/936/1315 1216/944/1314 1224/947/1318 1223/942/1318
f 1222/937/1294 1215/936/1293 1223/942/1319 1230/941/1319
f 1220/940/1320 1221/943/1320 1229/946/1320 1228/941/1320
f 1218/944/1308 1219/936/1307 1227/942/1321 1226/947/1321
f 1216/944/1322 1217/945/1322 1225/948/1322 1224/947/1322
f 1221/943/1323 1222/937/1323 1230/941/1323 1229/946/1323
f 1164/894/1324 1231/900/1324 1168/891/1324 1166/892/1324
f 1168/891/1325 1231/900/1325 1172/898/1325 1170/896/1325
f 1231/900/1326 1160/891/1326 1174/896/1326 1172/898/1326
f 1229/946/1316 1232/942/1316 1227/942/1316 1228/941/1316
f 1232/942/1316 1223/942/1316 1224/947/1316 1225/948/1316
f 1227/942/1316 1232/942/1316 1225/948/1316 1226/947/1316
o Mushroom_flat_group_white
v -2.104229 0.225009 -2.174453
v -2.105928 0.236058 -2.176437
v -2.128148 0.207721 -2.250228
v -2.129847 0.218770 -2.252213
v -2.090781 0.200560 -2.322098
v -2.092480 0.211609 -2.324082
v -2.014018 0.207721 -2.347962
v -2.015717 0.218770 -2.349947
v -1.942825 0.225009 -2.312670
v -1.944524 0.236058 -2.314655
v -1.918906 0.242298 -2.236895
v -1.920606 0.253347 -2.238880
v -1.956273 0.249459 -2.165025
v -1.957973 0.260508 -2.167010
v -2.033036 0.242298 -2.139161
v -2.034736 0.253347 -2.141145
v -2.073538 0.205129 -2.194546
v -2.089267 0.193760 -2.244375
v -2.064695 0.189051 -2.291636
v -2.014216 0.193760 -2.308644
v -1.967401 0.205129 -2.285436
v -1.951672 0.216498 -2.235607
v -1.976244 0.221207 -2.188346
v -2.026722 0.216498 -2.171338
v -2.032719 0.194627 -2.229545
v -2.036828 0.191656 -2.243060
v -2.030408 0.190426 -2.255509
v -2.017220 0.191656 -2.259851
v -2.004989 0.194627 -2.253291
v -2.000880 0.197597 -2.239574
v -2.007300 0.198827 -2.226674
v -2.020488 0.197597 -2.222784
v -2.033012 0.175493 -2.227346
v -2.037454 0.174031 -2.243963
v -2.029653 0.174738 -2.258574
v -2.014172 0.177257 -2.263008
v -2.000086 0.180055 -2.254280
v -1.995648 0.181476 -2.237379
v -2.003459 0.180679 -2.222158
v -2.018930 0.178249 -2.218334
v -2.033282 0.143690 -2.230782
v -2.039035 0.142890 -2.253158
v -2.028560 0.144936 -2.272645
v -2.007991 0.148663 -2.278006
v -1.989380 0.151853 -2.265922
v -1.983630 0.152628 -2.243426
v -1.994110 0.150528 -2.223665
v -2.014673 0.146856 -2.218578
v -2.025204 0.133462 -2.237396
v -2.029297 0.133262 -2.253684
v -2.021821 0.134964 -2.267651
v -2.007150 0.137613 -2.271316
v -1.993883 0.139615 -2.262332
v -1.989793 0.139787 -2.245911
v -1.997275 0.138027 -2.231669
v -2.011940 0.135436 -2.228278
v -2.023027 0.103726 -2.245174
v -2.027408 0.103928 -2.260732
v -2.020080 0.105422 -2.274595
v -2.005335 0.107336 -2.278663
v -1.991812 0.108545 -2.270533
v -1.987433 0.108338 -2.254946
v -1.994761 0.106840 -2.241055
v -2.009505 0.104931 -2.237015
v -2.022520 0.068174 -2.256952
v -2.027218 0.068174 -2.271558
v -2.020152 0.068174 -2.285324
v -2.005463 0.068174 -2.290187
v -1.991754 0.068174 -2.283298
v -1.987056 0.068174 -2.268693
v -1.994121 0.068174 -2.254926
v -2.008811 0.068174 -2.250063
v -2.023988 0.223854 -2.244100
v -2.007137 0.068174 -2.270125
v -2.110070 0.386879 -2.588407
v -2.108309 0.409591 -2.588407
v -1.959783 0.375223 -2.525969
v -1.958022 0.397935 -2.525969
v -1.897532 0.370395 -2.375230
v -1.895771 0.393107 -2.375230
v -1.959783 0.375223 -2.224492
v -1.958022 0.397935 -2.224492
v -2.110070 0.386879 -2.162054
v -2.108309 0.409591 -2.162054
v -2.260357 0.398534 -2.224492
v -2.258596 0.421246 -2.224492
v -2.322608 0.403362 -2.375230
v -2.320847 0.426074 -2.375230
v -2.260357 0.398534 -2.525969
v -2.258596 0.421246 -2.525969
v -2.113240 0.346014 -2.515413
v -2.014412 0.338350 -2.474354
v -1.973477 0.335175 -2.375230
v -2.014412 0.338350 -2.276106
v -2.113240 0.346014 -2.235048
v -2.212067 0.353679 -2.276106
v -2.253002 0.356853 -2.375230
v -2.212067 0.353679 -2.474354
v -2.114911 0.324426 -2.411854
v -2.089078 0.322423 -2.401127
v -2.078381 0.321594 -2.375230
v -2.089078 0.322423 -2.349334
v -2.114911 0.324426 -2.338607
v -2.140733 0.326428 -2.349333
v -2.151428 0.327257 -2.375230
v -2.140733 0.326428 -2.401127
v -2.117901 0.289556 -2.419035
v -2.087338 0.286646 -2.406464
v -2.074749 0.285440 -2.376116
v -2.087338 0.286646 -2.345767
v -2.117901 0.289556 -2.333197
v -2.148545 0.292466 -2.345767
v -2.161319 0.293672 -2.376116
v -2.148545 0.292466 -2.406465
v -2.105934 0.224838 -2.432198
v -2.065101 0.226698 -2.414931
v -2.048751 0.228536 -2.374408
v -2.066325 0.229291 -2.334366
v -2.107665 0.228505 -2.318262
v -2.148538 0.226640 -2.335529
v -2.164996 0.224788 -2.376053
v -2.147314 0.224046 -2.416094
v -2.100236 0.205014 -2.415848
v -2.070897 0.205728 -2.403620
v -2.059083 0.206623 -2.374763
v -2.071562 0.207189 -2.346178
v -2.101177 0.207079 -2.334611
v -2.130567 0.206360 -2.346839
v -2.142507 0.205453 -2.375699
v -2.129902 0.204899 -2.404283
v -2.094019 0.142329 -2.419511
v -2.065287 0.142329 -2.407609
v -2.053385 0.142329 -2.378877
v -2.065287 0.142329 -2.350144
v -2.094019 0.142329 -2.338243
v -2.122752 0.142329 -2.350144
v -2.134654 0.142329 -2.378877
v -2.122752 0.142329 -2.407609
v -2.058738 0.068174 -2.415864
v -2.030005 0.068174 -2.403963
v -2.018104 0.068174 -2.375230
v -2.030005 0.068174 -2.346497
v -2.058738 0.068174 -2.334596
v -2.087471 0.068174 -2.346497
v -2.099372 0.068174 -2.375230
v -2.087471 0.068174 -2.403963
v -2.108309 0.384808 -2.375230
v -2.058738 0.068174 -2.375230
v -1.860524 0.315965 -2.163031
v -1.863166 0.333523 -2.162304
v -1.985470 0.297835 -2.179152
v -1.988112 0.315393 -2.178425
v -2.063083 0.290325 -2.279750
v -2.065724 0.307883 -2.279023
v -2.047897 0.297834 -2.405898
v -2.050539 0.315393 -2.405170
v -1.948809 0.315965 -2.483698
v -1.951450 0.333523 -2.482971
v -1.823863 0.334095 -2.467578
v -1.826504 0.351653 -2.466851
v -1.746250 0.341605 -2.366980
v -1.748892 0.359163 -2.366252
v -1.761436 0.334095 -2.240832
v -1.764077 0.351653 -2.240105
v -1.870886 0.284373 -2.219240
v -1.953049 0.272451 -2.229841
v -2.004086 0.267512 -2.295993
v -1.994100 0.272451 -2.378946
v -1.928941 0.284373 -2.430107
v -1.846778 0.296295 -2.419506
v -1.795741 0.301234 -2.353354
v -1.805727 0.296295 -2.270401
v -1.889819 0.267683 -2.297820
v -1.911285 0.264568 -2.300589
v -1.924618 0.263278 -2.317872
v -1.922009 0.264568 -2.339544
v -1.904986 0.267683 -2.352910
v -1.883520 0.270798 -2.350141
v -1.870187 0.272088 -2.332858
v -1.872796 0.270798 -2.311186
v -1.884718 0.239756 -2.294131
v -1.909894 0.236166 -2.297279
v -1.925617 0.234787 -2.317467
v -1.922675 0.236429 -2.342870
v -1.902792 0.240130 -2.358607
v -1.877615 0.243721 -2.355459
v -1.861893 0.245099 -2.335271
v -1.864835 0.243457 -2.309868
v -1.877553 0.189806 -2.286387
v -1.912805 0.190597 -2.289247
v -1.935259 0.192308 -2.315232
v -1.931756 0.193936 -2.349120
v -1.904354 0.194529 -2.371059
v -1.869190 0.193753 -2.368195
v -1.846775 0.192049 -2.342209
v -1.850239 0.190414 -2.308322
v -1.887628 0.174745 -2.299168
v -1.913498 0.175128 -2.301287
v -1.929719 0.176153 -2.319870
v -1.926851 0.177231 -2.344029
v -1.906512 0.177720 -2.359615
v -1.880654 0.177339 -2.357496
v -1.864373 0.176304 -2.338915
v -1.867302 0.175236 -2.314754
v -1.901396 0.123312 -2.300140
v -1.926367 0.125090 -2.302234
v -1.942286 0.125985 -2.320811
v -1.939836 0.125475 -2.344990
v -1.920445 0.123856 -2.360606
v -1.895463 0.122076 -2.358513
v -1.879533 0.121179 -2.339936
v -1.881994 0.121691 -2.315757
v -1.934336 0.068174 -2.298203
v -1.958346 0.068174 -2.301222
v -1.973220 0.068174 -2.320375
v -1.970245 0.068174 -2.344443
v -1.951164 0.068174 -2.359326
v -1.927154 0.068174 -2.356307
v -1.912279 0.068174 -2.337153
v -1.915254 0.068174 -2.313086
v -1.905867 0.314248 -2.323034
v -1.942750 0.068174 -2.328764
vn -0.9440 -0.0881 0.3181
vn -0.8755 -0.2126 -0.4340
vn -0.2941 -0.2126 -0.9318
vn 0.4595 -0.0881 -0.8838
vn 0.9440 0.0881 -0.3181
vn 0.8755 0.2126 0.4340
vn -0.0346 0.9855 -0.1663
vn 0.2941 0.2126 0.9318
vn -0.4595 0.0881 0.8838
vn -0.0249 -0.9420 -0.3346
vn 0.0515 -0.9366 0.3466
vn 0.5826 -0.7212 0.3748
vn 0.3666 -0.8774 -0.3097
vn 0.2807 -0.7212 0.6333
vn -0.3268 -0.9420 -0.0760
vn 0.6182 -0.7859 -0.0158
vn -0.1107 -0.7859 0.6084
vn -0.3624 -0.8774 0.3146
vn -0.3076 0.1552 -0.9387
vn 0.3300 -0.9076 0.2596
vn 0.2484 -0.9683 -0.0263
vn -0.0418 -0.9961 0.0774
vn 0.2037 -0.9097 0.3620
vn 0.3486 -0.9318 0.1014
vn 0.0802 -0.9961 -0.0381
vn -0.0466 -0.9710 0.2344
vn 0.2360 0.0245 0.9714
vn -0.9628 0.0335 0.2683
vn -0.5302 0.1274 0.8382
vn 0.8506 0.3086 0.4257
vn 0.4461 0.2456 -0.8606
vn -0.8836 0.0520 -0.4654
vn 0.2205 0.2568 0.9410
vn 0.9105 0.2891 -0.2956
vn 0.5487 -0.4083 -0.7296
vn 0.8708 0.4240 -0.2488
vn -0.3039 0.3939 -0.8674
vn -0.9669 -0.0226 0.2541
vn -0.5320 -0.0826 0.8427
vn 0.8498 0.2483 0.4649
vn 0.4050 0.4842 -0.7756
vn -0.8730 0.1801 -0.4533
vn -0.5004 -0.2643 0.8245
vn -0.6461 -0.6385 -0.4182
vn 0.2866 -0.5733 0.7676
vn 0.8949 -0.3902 -0.2168
vn -0.1238 -0.5158 -0.8477
vn -0.6942 -0.6929 0.1947
vn -0.3362 -0.6681 0.6637
vn 0.8085 -0.4531 0.3756
vn 0.9531 0.0993 -0.2859
vn 0.8861 -0.0660 0.4588
vn 0.5015 0.2423 -0.8305
vn -0.8841 0.0557 -0.4639
vn 0.2730 -0.2509 0.9287
vn 0.9576 0.1377 -0.2532
vn -0.2787 0.2074 -0.9377
vn -0.9582 -0.1299 0.2550
vn -0.0000 -1.0000 -0.0000
vn -0.2957 0.2678 -0.9170
vn -0.9530 -0.1000 0.2861
vn -0.4518 -0.2964 0.8414
vn 0.8807 -0.1464 0.4504
vn 0.4576 0.2594 -0.8505
vn -0.8820 0.1321 -0.4523
vn 0.2934 -0.3167 0.9020
vn -0.1590 0.9855 -0.0598
vn -0.2614 0.9482 -0.1808
vn -0.1385 0.9482 -0.2861
vn 0.3815 -0.0296 -0.9239
vn 0.9211 -0.0714 -0.3827
vn 0.9211 -0.0714 0.3827
vn 0.3815 -0.0296 0.9239
vn -0.3815 0.0296 0.9239
vn -0.9211 0.0714 0.3827
vn -0.0049 0.9966 0.0819
vn -0.9211 0.0714 -0.3827
vn -0.3815 0.0296 -0.9239
vn 0.4123 -0.8891 0.1988
vn -0.1596 -0.9659 -0.2039
vn -0.5445 -0.8149 0.1988
vn 0.1321 -0.8674 0.4798
vn -0.5445 -0.8149 -0.1988
vn 0.4123 -0.8891 -0.1988
vn -0.2642 -0.8366 0.4798
vn -0.2642 -0.8366 -0.4798
vn 0.1321 -0.8674 -0.4798
vn 0.9218 0.0830 0.3786
vn -0.2787 -0.9566 0.0845
vn 0.0088 -0.9789 0.2039
vn 0.1279 -0.9882 -0.0845
vn -0.2787 -0.9566 -0.0845
vn -0.1596 -0.9659 0.2039
vn 0.1279 -0.9882 0.0845
vn 0.0088 -0.9789 -0.2039
vn -0.9164 0.0441 -0.3977
vn 0.3887 0.1541 -0.9084
vn -0.3555 0.2210 -0.9082
vn -0.8907 0.2485 0.3806
vn 0.3876 0.1094 0.9153
vn 0.9205 0.1014 -0.3774
vn -0.8859 0.2671 -0.3793
vn -0.3623 0.1762 0.9153
vn 0.3184 -0.5085 0.8001
vn -0.3788 0.1506 0.9131
vn 0.8501 0.3903 0.3534
vn 0.3758 0.2576 -0.8902
vn -0.3640 0.1220 -0.9234
vn -0.9233 0.0542 0.3803
vn 0.3617 0.2924 0.8853
vn 0.8573 0.3743 -0.3534
vn -0.3729 0.0120 -0.9278
vn 0.8526 -0.4050 -0.3302
vn -0.6270 -0.7333 -0.2629
vn -0.2777 -0.6388 0.7175
vn 0.8369 -0.3994 0.3742
vn 0.3456 -0.5272 -0.7763
vn -0.2643 -0.6629 -0.7005
vn -0.6296 -0.7222 0.2864
vn -0.3792 -0.1354 0.9154
vn -0.9151 -0.1322 0.3809
vn 0.3731 -0.0157 0.9276
vn 0.9189 0.1055 -0.3801
vn -0.9161 -0.0891 -0.3908
vn -0.3807 -0.0938 0.9199
vn 0.9187 0.0608 0.3902
vn 0.3811 0.0916 -0.9200
vn 0.8398 0.4167 0.3479
vn 0.3792 0.1354 -0.9154
vn -0.3731 -0.2218 -0.9009
vn -0.8516 -0.3878 0.3527
vn 0.3731 0.2218 0.9009
vn 0.8516 0.3878 -0.3527
vn -0.8398 -0.4167 -0.3479
vn -0.0049 0.9966 -0.0819
vn 0.1575 0.9842 -0.0809
vn 0.1575 0.9842 0.0809
vn -0.1193 -0.0590 0.9911
vn -0.7785 -0.1424 0.6113
vn -0.9817 -0.1424 -0.1267
vn -0.6098 -0.0590 -0.7904
vn 0.1193 0.0590 -0.9911
vn 0.7785 0.1424 -0.6113
vn -0.0914 0.9940 -0.0598
vn 0.9817 0.1424 0.1267
vn 0.6098 0.0590 0.7904
vn -0.3828 -0.9183 -0.1008
vn 0.2796 -0.9506 0.1346
vn 0.5314 -0.7703 -0.3524
vn -0.1897 -0.8750 -0.4455
vn 0.6369 -0.7703 0.0308
vn -0.2773 -0.9183 0.2825
vn 0.1890 -0.8137 -0.5497
vn 0.4437 -0.8137 0.3755
vn 0.0651 -0.8750 0.4798
vn -0.9928 0.0351 -0.1149
vn 0.3168 -0.9322 -0.1748
vn 0.0104 -0.9767 -0.2144
vn -0.0269 -0.9951 0.0950
vn 0.3617 -0.9322 -0.0120
vn 0.1713 -0.9506 -0.2587
vn -0.0717 -0.9951 -0.0679
vn 0.1186 -0.9767 0.1789
vn 0.9578 0.2622 0.1180
vn -0.1402 0.1062 0.9844
vn 0.5815 0.2087 0.7863
vn 0.7483 0.2824 -0.6003
vn 0.7482 0.2824 -0.6004
vn 0.7480 0.2825 -0.6006
vn -0.6278 0.1077 -0.7709
vn -0.7910 0.0344 0.6109
vn 0.9507 0.2818 0.1297
vn 0.0933 0.2101 -0.9732
vn -0.5599 -0.4031 -0.7239
vn 0.0837 0.2596 -0.9621
vn -0.9714 0.2185 -0.0935
vn -0.1049 0.1575 0.9819
vn 0.6006 0.1968 0.7750
vn 0.7399 0.2854 -0.6091
vn -0.6188 0.2340 -0.7499
vn -0.7573 0.1811 0.6274
vn 0.6046 -0.1785 0.7763
vn -0.6999 -0.4142 0.5819
vn 0.6633 -0.7474 0.0382
vn 0.0562 -0.5696 -0.8200
vn -0.9459 -0.3023 -0.1179
vn -0.0758 -0.6128 0.7866
vn 0.4348 -0.7275 0.5308
vn 0.5245 -0.6907 -0.4979
vn 0.1002 -0.0886 -0.9910
vn 0.7372 -0.1882 -0.6489
vn -0.6058 0.1688 -0.7775
vn -0.7401 0.1756 0.6492
vn 0.9586 -0.2653 0.1038
vn 0.0824 -0.0034 -0.9966
vn -0.9643 0.2437 -0.1032
vn -0.0825 0.0028 0.9966
vn -0.8781 0.4671 -0.1037
vn -0.1004 0.0843 0.9914
vn 0.5798 -0.3215 0.7486
vn 0.6895 -0.4424 -0.5735
vn -0.5840 0.3038 -0.7528
vn -0.7071 0.3951 0.5864
vn 0.8480 -0.5203 0.1011
vn -0.0479 0.9940 0.0982
vn -0.2033 0.9691 0.1399
vn -0.2462 0.9691 -0.0161
vt 0.850805 0.654240
vt 0.851051 0.844717
vt 0.871994 0.746969
vt 0.871749 0.556492
vt 0.880670 0.706481
vt 0.880424 0.516004
vt 0.830107 0.942469
vt 0.829862 0.751993
vt 0.821432 0.982957
vt 0.821187 0.792480
vt 0.851051 0.636878
vt 0.829862 0.751988
vt 0.779113 0.926474
vt 0.770496 0.933047
vt 0.762934 0.882841
vt 0.768600 0.878519
vt 0.735573 0.903712
vt 0.749253 0.893277
vt 0.749021 0.863883
vt 0.745447 0.866609
vt 0.728888 0.964785
vt 0.720270 0.971358
vt 0.729906 0.908035
vt 0.735573 0.903712
vt 0.749692 0.948916
vt 0.754076 0.860027
vt 0.752595 0.861156
vt 0.752914 0.811138
vt 0.754646 0.809497
vt 0.743967 0.867738
vt 0.742819 0.820704
vt 0.744551 0.819063
vt 0.742266 0.736034
vt 0.739965 0.738210
vt 0.748733 0.815100
vt 0.753374 0.725526
vt 0.747820 0.730779
vt 0.747592 0.702698
vt 0.751554 0.699289
vt 0.755675 0.723350
vt 0.743630 0.706107
vt 0.747592 0.702698
vt 0.747972 0.615947
vt 0.743995 0.615947
vt 0.753196 0.697877
vt 0.741988 0.707518
vt 0.745516 0.514981
vt 0.749493 0.514981
vt 0.742347 0.615947
vt 0.751950 0.615947
vt 0.753597 0.615947
vt 0.743868 0.514981
vt 0.753470 0.514981
vt 0.755118 0.514981
s 1
usemtl Material.011
f 1233/949/1327 1234/950/1327 1236/951/1327 1235/952/1327
f 1235/952/1328 1236/951/1328 1238/953/1328 1237/954/1328
f 1237/954/1329 1238/953/1329 1240/951/1329 1239/952/1329
f 1239/952/1330 1240/951/1330 1242/950/1330 1241/949/1330
f 1241/949/1331 1242/950/1331 1244/955/1331 1243/956/1331
f 1243/956/1332 1244/955/1332 1246/957/1332 1245/958/1332
f 1236/951/1333 1234/950/1333 1305/959/1333 1238/953/1333
f 1245/958/1334 1246/957/1334 1248/955/1334 1247/960/1334
f 1247/960/1335 1248/955/1335 1234/950/1335 1233/949/1335
f 1237/961/1336 1239/962/1336 1252/963/1336 1251/964/1336
f 1256/965/1337 1249/966/1337 1257/967/1337 1264/968/1337
f 1243/969/1338 1245/970/1338 1255/971/1338 1254/972/1338
f 1239/962/1339 1241/973/1339 1253/966/1339 1252/963/1339
f 1245/970/1340 1247/969/1340 1256/965/1340 1255/971/1340
f 1235/962/1341 1237/961/1341 1251/964/1341 1250/963/1341
f 1241/973/1342 1243/969/1342 1254/972/1342 1253/966/1342
f 1247/969/1343 1233/973/1343 1249/966/1343 1256/965/1343
f 1233/973/1344 1235/962/1344 1250/963/1344 1249/966/1344
f 1259/974/1345 1260/975/1345 1268/976/1345 1267/977/1345
f 1254/972/1346 1255/971/1346 1263/978/1346 1262/968/1346
f 1252/963/1347 1253/966/1347 1261/967/1347 1260/975/1347
f 1250/963/1348 1251/964/1348 1259/974/1348 1258/975/1348
f 1255/971/1349 1256/965/1349 1264/968/1349 1263/978/1349
f 1253/966/1350 1254/972/1350 1262/968/1350 1261/967/1350
f 1251/964/1351 1252/963/1351 1260/975/1351 1259/974/1351
f 1249/966/1352 1250/963/1352 1258/975/1352 1257/967/1352
f 1271/979/1353 1272/980/1353 1280/981/1353 1279/982/1353
f 1257/967/1354 1258/975/1354 1266/976/1354 1265/983/1354
f 1264/968/1355 1257/967/1355 1265/983/1355 1272/980/1355
f 1262/968/1356 1263/978/1356 1271/979/1356 1270/980/1356
f 1260/975/1357 1261/967/1357 1269/983/1357 1268/976/1357
f 1258/975/1358 1259/974/1358 1267/977/1358 1266/976/1358
f 1263/978/1359 1264/968/1359 1272/980/1359 1271/979/1359
f 1261/967/1360 1262/968/1360 1270/980/1360 1269/983/1360
f 1276/984/1361 1277/985/1361 1285/986/1361 1284/987/1361
f 1269/983/1362 1270/980/1362 1278/981/1362 1277/985/1362
f 1267/977/1363 1268/976/1363 1276/984/1363 1275/988/1363
f 1265/983/1364 1266/976/1364 1274/984/1364 1273/985/1364
f 1272/980/1365 1265/983/1365 1273/985/1365 1280/981/1365
f 1270/980/1366 1271/979/1366 1279/982/1366 1278/981/1366
f 1268/976/1367 1269/983/1367 1277/985/1367 1276/984/1367
f 1266/976/1368 1267/977/1368 1275/988/1368 1274/984/1368
f 1288/989/1369 1281/990/1369 1289/991/1369 1296/992/1369
f 1274/984/1370 1275/988/1370 1283/993/1370 1282/987/1370
f 1279/982/1371 1280/981/1371 1288/989/1371 1287/994/1371
f 1277/985/1372 1278/981/1372 1286/989/1372 1285/986/1372
f 1275/988/1373 1276/984/1373 1284/987/1373 1283/993/1373
f 1273/985/1374 1274/984/1374 1282/987/1374 1281/990/1374
f 1280/981/1375 1273/985/1375 1281/990/1375 1288/989/1375
f 1278/981/1376 1279/982/1376 1287/994/1376 1286/989/1376
f 1293/991/1377 1294/992/1377 1302/995/1377 1301/996/1377
f 1286/989/1378 1287/994/1378 1295/997/1378 1294/992/1378
f 1284/987/1379 1285/986/1379 1293/991/1379 1292/998/1379
f 1282/987/1380 1283/993/1380 1291/999/1380 1290/998/1380
f 1287/994/1381 1288/989/1381 1296/992/1381 1295/997/1381
f 1285/986/1382 1286/989/1382 1294/992/1382 1293/991/1382
f 1283/993/1383 1284/987/1383 1292/998/1383 1291/999/1383
f 1281/990/1384 1282/987/1384 1290/998/1384 1289/991/1384
f 1297/996/1385 1306/996/1385 1303/1000/1385 1304/995/1385
f 1291/999/1386 1292/998/1386 1300/1001/1386 1299/1002/1386
f 1289/991/1387 1290/998/1387 1298/1001/1387 1297/996/1387
f 1296/992/1388 1289/991/1388 1297/996/1388 1304/995/1388
f 1294/992/1389 1295/997/1389 1303/1000/1389 1302/995/1389
f 1292/998/1390 1293/991/1390 1301/996/1390 1300/1001/1390
f 1290/998/1391 1291/999/1391 1299/1002/1391 1298/1001/1391
f 1295/997/1392 1296/992/1392 1304/995/1392 1303/1000/1392
f 1238/953/1393 1305/959/1393 1242/950/1393 1240/951/1393
f 1242/950/1394 1305/959/1394 1246/957/1394 1244/955/1394
f 1305/959/1395 1234/950/1395 1248/955/1395 1246/957/1395
f 1303/1000/1385 1306/996/1385 1301/996/1385 1302/995/1385
f 1306/996/1385 1297/996/1385 1298/1001/1385 1299/1002/1385
f 1301/996/1385 1306/996/1385 1299/1002/1385 1300/1001/1385
f 1307/949/1396 1308/950/1396 1310/951/1396 1309/952/1396
f 1309/952/1397 1310/951/1397 1312/953/1397 1311/954/1397
f 1311/954/1398 1312/953/1398 1314/951/1398 1313/952/1398
f 1313/952/1399 1314/951/1399 1316/950/1399 1315/949/1399
f 1315/949/1400 1316/950/1400 1318/955/1400 1317/956/1400
f 1317/956/1401 1318/955/1401 1320/957/1401 1319/958/1401
f 1310/951/1402 1308/950/1402 1379/959/1402 1312/953/1402
f 1319/958/1403 1320/957/1403 1322/955/1403 1321/960/1403
f 1321/960/1404 1322/955/1404 1308/950/1404 1307/949/1404
f 1311/961/1405 1313/962/1405 1326/963/1405 1325/964/1405
f 1330/965/1406 1323/966/1406 1331/967/1406 1338/968/1406
f 1317/969/1407 1319/970/1407 1329/971/1407 1328/972/1407
f 1313/962/1408 1315/973/1408 1327/966/1408 1326/963/1408
f 1319/970/1409 1321/969/1409 1330/965/1409 1329/971/1409
f 1309/962/1410 1311/961/1410 1325/964/1410 1324/963/1410
f 1315/973/1411 1317/969/1411 1328/972/1411 1327/966/1411
f 1321/969/1412 1307/973/1412 1323/966/1412 1330/965/1412
f 1307/973/1413 1309/962/1413 1324/963/1413 1323/966/1413
f 1333/974/1414 1334/975/1414 1342/976/1414 1341/977/1414
f 1328/972/1415 1329/971/1415 1337/978/1415 1336/968/1415
f 1326/963/1416 1327/966/1416 1335/967/1416 1334/975/1416
f 1324/963/1417 1325/964/1417 1333/974/1417 1332/975/1417
f 1329/971/1418 1330/965/1418 1338/968/1418 1337/978/1418
f 1327/966/1419 1328/972/1419 1336/968/1419 1335/967/1419
f 1325/964/1420 1326/963/1420 1334/975/1420 1333/974/1420
f 1323/966/1421 1324/963/1421 1332/975/1421 1331/967/1421
f 1345/979/1422 1346/980/1422 1354/981/1422 1353/982/1422
f 1331/967/1423 1332/975/1423 1340/976/1423 1339/983/1423
f 1338/968/1424 1331/967/1424 1339/983/1424 1346/980/1424
f 1336/968/1425 1337/978/1425 1345/979/1425 1344/980/1425
f 1334/975/1426 1335/967/1426 1343/983/1426 1342/976/1426
f 1332/975/1427 1333/974/1427 1341/977/1427 1340/976/1427
f 1337/978/1428 1338/968/1428 1346/980/1428 1345/979/1428
f 1335/967/1429 1336/968/1429 1344/980/1429 1343/983/1429
f 1350/984/1430 1351/985/1430 1359/986/1430 1358/987/1430
f 1343/983/1431 1344/980/1431 1352/981/1431 1351/985/1431
f 1341/977/1432 1342/976/1432 1350/984/1432 1349/988/1432
f 1339/983/1433 1340/976/1433 1348/984/1433 1347/985/1433
f 1346/980/1434 1339/983/1434 1347/985/1434 1354/981/1434
f 1344/980/1435 1345/979/1435 1353/982/1435 1352/981/1435
f 1342/976/1436 1343/983/1436 1351/985/1436 1350/984/1436
f 1340/976/1437 1341/977/1437 1349/988/1437 1348/984/1437
f 1362/989/1438 1355/990/1438 1363/991/1438 1370/992/1438
f 1348/984/1439 1349/988/1439 1357/993/1439 1356/987/1439
f 1353/982/1440 1354/981/1440 1362/989/1440 1361/994/1440
f 1351/985/1441 1352/981/1441 1360/989/1441 1359/986/1441
f 1349/988/1442 1350/984/1442 1358/987/1442 1357/993/1442
f 1347/985/1443 1348/984/1443 1356/987/1443 1355/990/1443
f 1354/981/1444 1347/985/1444 1355/990/1444 1362/989/1444
f 1352/981/1445 1353/982/1445 1361/994/1445 1360/989/1445
f 1367/991/1446 1368/992/1446 1376/995/1446 1375/996/1446
f 1360/989/1447 1361/994/1447 1369/997/1447 1368/992/1447
f 1358/987/1448 1359/986/1448 1367/991/1448 1366/998/1448
f 1356/987/1449 1357/993/1449 1365/999/1449 1364/998/1449
f 1361/994/1450 1362/989/1450 1370/992/1450 1369/997/1450
f 1359/986/1451 1360/989/1451 1368/992/1451 1367/991/1451
f 1357/993/1452 1358/987/1452 1366/998/1452 1365/999/1452
f 1355/990/1453 1356/987/1453 1364/998/1453 1363/991/1453
f 1371/996/1385 1380/996/1385 1377/1000/1385 1378/995/1385
f 1365/999/1454 1366/998/1454 1374/1001/1454 1373/1002/1454
f 1363/991/1455 1364/998/1455 1372/1001/1455 1371/996/1455
f 1370/992/1456 1363/991/1456 1371/996/1456 1378/995/1456
f 1368/992/1457 1369/997/1457 1377/1000/1457 1376/995/1457
f 1366/998/1458 1367/991/1458 1375/996/1458 1374/1001/1458
f 1364/998/1459 1365/999/1459 1373/1002/1459 1372/1001/1459
f 1369/997/1460 1370/992/1460 1378/995/1460 1377/1000/1460
f 1312/953/1461 1379/959/1461 1316/950/1461 1314/951/1461
f 1316/950/1462 1379/959/1462 1320/957/1462 1318/955/1462
f 1379/959/1463 1308/950/1463 1322/955/1463 1320/957/1463
f 1377/1000/1385 1380/996/1385 1375/996/1385 1376/995/1385
f 1380/996/1385 1371/996/1385 1372/1001/1385 1373/1002/1385
f 1375/996/1385 1380/996/1385 1373/1002/1385 1374/1001/1385
f 1381/949/1464 1382/950/1464 1384/951/1464 1383/952/1464
f 1383/952/1465 1384/951/1465 1386/953/1465 1385/954/1465
f 1385/954/1466 1386/953/1466 1388/951/1466 1387/952/1466
f 1387/952/1467 1388/951/1467 1390/950/1467 1389/949/1467
f 1389/949/1468 1390/950/1468 1392/955/1468 1391/956/1468
f 1391/956/1469 1392/955/1469 1394/957/1469 1393/958/1469
f 1384/951/1470 1382/950/1470 1453/959/1470 1386/953/1470
f 1393/958/1471 1394/957/1471 1396/955/1471 1395/960/1471
f 1395/960/1472 1396/955/1472 1382/950/1472 1381/949/1472
f 1385/961/1473 1387/962/1473 1400/963/1473 1399/964/1473
f 1404/965/1474 1397/966/1474 1405/967/1474 1412/968/1474
f 1391/969/1475 1393/970/1475 1403/971/1475 1402/972/1475
f 1387/962/1476 1389/973/1476 1401/966/1476 1400/963/1476
f 1393/970/1477 1395/969/1477 1404/965/1477 1403/971/1477
f 1383/962/1478 1385/961/1478 1399/964/1478 1398/963/1478
f 1389/973/1479 1391/969/1479 1402/972/1479 1401/966/1479
f 1395/969/1480 1381/973/1480 1397/966/1480 1404/965/1480
f 1381/973/1481 1383/962/1481 1398/963/1481 1397/966/1481
f 1407/974/1482 1408/975/1482 1416/976/1482 1415/977/1482
f 1402/972/1483 1403/971/1483 1411/978/1483 1410/968/1483
f 1400/963/1484 1401/966/1484 1409/967/1484 1408/975/1484
f 1398/963/1485 1399/964/1485 1407/974/1485 1406/975/1485
f 1403/971/1486 1404/965/1486 1412/968/1486 1411/978/1486
f 1401/966/1487 1402/972/1487 1410/968/1487 1409/967/1487
f 1399/964/1488 1400/963/1488 1408/975/1488 1407/974/1488
f 1397/966/1489 1398/963/1489 1406/975/1489 1405/967/1489
f 1419/979/1490 1420/980/1490 1428/981/1490 1427/982/1490
f 1405/967/1491 1406/975/1491 1414/976/1491 1413/983/1491
f 1412/968/1492 1405/967/1492 1413/983/1492 1420/980/1492
f 1410/968/1493 1411/978/1493 1419/979/1494 1418/980/1495
f 1408/975/1496 1409/967/1496 1417/983/1496 1416/976/1496
f 1406/975/1497 1407/974/1497 1415/977/1497 1414/976/1497
f 1411/978/1498 1412/968/1498 1420/980/1498 1419/979/1498
f 1409/967/1499 1410/968/1499 1418/980/1499 1417/983/1499
f 1424/984/1500 1425/985/1500 1433/986/1500 1432/987/1500
f 1417/983/1501 1418/980/1501 1426/981/1501 1425/985/1501
f 1415/977/1502 1416/976/1502 1424/984/1502 1423/988/1502
f 1413/983/1503 1414/976/1503 1422/984/1503 1421/985/1503
f 1420/980/1504 1413/983/1504 1421/985/1504 1428/981/1504
f 1418/980/1495 1419/979/1494 1427/982/1505 1426/981/1505
f 1416/976/1506 1417/983/1506 1425/985/1506 1424/984/1506
f 1414/976/1507 1415/977/1507 1423/988/1507 1422/984/1507
f 1436/989/1508 1429/990/1508 1437/991/1508 1444/992/1508
f 1422/984/1509 1423/988/1509 1431/993/1509 1430/987/1509
f 1427/982/1510 1428/981/1510 1436/989/1510 1435/994/1510
f 1425/985/1511 1426/981/1511 1434/989/1511 1433/986/1511
f 1423/988/1512 1424/984/1512 1432/987/1512 1431/993/1512
f 1421/985/1513 1422/984/1513 1430/987/1513 1429/990/1513
f 1428/981/1514 1421/985/1514 1429/990/1514 1436/989/1514
f 1426/981/1515 1427/982/1515 1435/994/1515 1434/989/1515
f 1441/991/1516 1442/992/1516 1450/995/1516 1449/996/1516
f 1434/989/1517 1435/994/1517 1443/997/1517 1442/992/1517
f 1432/987/1518 1433/986/1518 1441/991/1518 1440/998/1518
f 1430/987/1519 1431/993/1519 1439/999/1519 1438/998/1519
f 1435/994/1520 1436/989/1520 1444/992/1520 1443/997/1520
f 1433/986/1521 1434/989/1521 1442/992/1521 1441/991/1521
f 1431/993/1522 1432/987/1522 1440/998/1522 1439/999/1522
f 1429/990/1523 1430/987/1523 1438/998/1523 1437/991/1523
f 1445/996/1385 1454/996/1385 1451/1000/1385 1452/995/1385
f 1439/999/1524 1440/998/1524 1448/1001/1524 1447/1002/1524
f 1437/991/1525 1438/998/1525 1446/1001/1525 1445/996/1525
f 1444/992/1526 1437/991/1526 1445/996/1526 1452/995/1526
f 1442/992/1527 1443/997/1527 1451/1000/1527 1450/995/1527
f 1440/998/1528 1441/991/1528 1449/996/1528 1448/1001/1528
f 1438/998/1529 1439/999/1529 1447/1002/1529 1446/1001/1529
f 1443/997/1530 1444/992/1530 1452/995/1530 1451/1000/1530
f 1386/953/1531 1453/959/1531 1390/950/1531 1388/951/1531
f 1390/950/1532 1453/959/1532 1394/957/1532 1392/955/1532
f 1453/959/1533 1382/950/1533 1396/955/1533 1394/957/1533
f 1451/1000/1385 1454/996/1385 1449/996/1385 1450/995/1385
f 1454/996/1385 1445/996/1385 1446/1001/1385 1447/1002/1385
f 1449/996/1385 1454/996/1385 1447/1002/1385 1448/1001/1385
o Stone_average_01_mossy.001
v 2.388182 0.113832 -1.527139
v 2.373668 0.052419 -1.242856
v 2.193718 0.064206 -1.360097
v 2.247989 0.052419 -1.568930
v 2.357610 0.143505 -1.257156
v 2.192608 0.100135 -1.473015
v 2.305483 0.131778 -1.571517
v 2.480561 0.080921 -1.395216
v 2.369457 0.198334 -1.426509
v 2.247883 0.147681 -1.533290
v 2.218841 0.120713 -1.522266
v 2.365220 0.052419 -1.398795
v 2.343182 0.102008 -1.224275
v 2.203862 0.113011 -1.353337
v 2.214307 0.072558 -1.535060
v 2.392637 0.075056 -1.535554
v 2.323977 0.191481 -1.395355
v 2.398729 0.177305 -1.437615
v 2.455759 0.107980 -1.432593
v 2.245628 0.096126 -1.572878
v 2.299692 0.052419 -1.226810
v 2.466804 0.052419 -1.305696
v 2.353598 0.052419 -1.566799
v 2.283068 0.052419 -1.582188
v 2.208511 0.052419 -1.508558
v 2.440880 0.052419 -1.271256
v 2.484488 0.052419 -1.374382
v 2.255189 0.052419 -1.409465
v 2.219718 0.052419 -1.307881
v 2.186136 0.052419 -1.418171
v 2.446640 0.052419 -1.468676
v 2.414608 0.166410 -1.318489
v 2.217408 0.150490 -1.441826
v 2.439371 0.161260 -1.393020
v 2.369997 0.147772 -1.521844
v 2.297980 0.190884 -1.470012
v 2.308514 0.163425 -1.538362
v 2.228682 0.147813 -1.369082
v 2.322230 0.126557 -1.234635
v 2.376094 0.193944 -1.371625
v 2.327581 0.094551 -1.582268
v 2.277930 0.095538 -1.586602
v 2.188137 0.094897 -1.414804
v 2.438696 0.123810 -1.292432
v 2.474465 0.096359 -1.336241
v 2.247831 0.074924 -1.257185
v 2.328271 0.094878 -1.584331
v 2.389616 0.114811 -1.528489
v 2.276790 0.119245 -1.242157
v 2.236316 0.120126 -1.293022
v 2.306182 0.132861 -1.573298
v 2.371140 0.149133 -1.523138
v 2.457575 0.108811 -1.433513
v 2.482546 0.081714 -1.395732
v 2.440932 0.162790 -1.393259
v 2.369718 0.200514 -1.426627
v 2.216896 0.121429 -1.523002
v 2.212334 0.072976 -1.535936
v 2.455060 0.145218 -1.353472
v 2.440054 0.125100 -1.291280
v 2.358500 0.144637 -1.255494
v 2.202122 0.114242 -1.352795
v 2.215839 0.152029 -1.441748
v 2.376807 0.196018 -1.371467
v 2.323481 0.193616 -1.395175
v 2.309182 0.165138 -1.539568
v 2.227324 0.149485 -1.368639
v 2.322156 0.127845 -1.232855
v 2.415852 0.168042 -1.317699
v 2.448431 0.052789 -1.469899
v 2.282866 0.052085 -1.584352
v 2.247176 0.052154 -1.570955
v 2.244814 0.095860 -1.574904
v 2.184509 0.051025 -1.417676
v 2.192014 0.062935 -1.359535
v 2.304037 0.087081 -1.217565
v 2.246254 0.074619 -1.255682
v 2.299172 0.051892 -1.224740
v 2.343678 0.102409 -1.222170
v 2.374398 0.052102 -1.240806
v 2.441731 0.052188 -1.269241
v 2.217795 0.052257 -1.306827
v 2.190682 0.101124 -1.473400
v 2.297716 0.193050 -1.470284
v 2.277755 0.095461 -1.588793
v 2.186206 0.095947 -1.414735
v 2.394198 0.074729 -1.537067
v 2.354686 0.052302 -1.568707
v 2.476404 0.097343 -1.335911
vn -0.0000 -1.0000 -0.0000
vn 0.5273 0.8300 -0.1819
vn -0.2403 0.7131 -0.6587
vn -0.2617 0.8809 -0.3943
vn -0.3074 0.8835 0.3535
vn 0.0480 -0.9903 0.1301
vn -0.7313 0.2210 0.6453
vn 0.0794 0.9074 0.4127
vn 0.3910 -0.9142 -0.1067
vn 0.2023 0.9710 0.1277
vn -0.6133 0.7336 -0.2927
vn -0.0215 -0.9942 0.1055
vn 0.8010 0.2134 -0.5593
vn 0.3664 -0.9117 0.1858
vn 0.3610 -0.9267 -0.1040
vn -0.5769 0.7263 -0.3737
vn -0.9960 0.0526 -0.0718
vn -0.9652 0.1735 0.1958
vn 0.4079 -0.8722 0.2701
vn 0.6872 0.6186 -0.3808
vn -0.9455 0.2738 -0.1764
vn -0.4496 -0.8189 0.3569
vn 0.4213 0.1961 -0.8855
vn 0.8151 0.1875 0.5481
vn 0.2756 -0.0231 0.9610
vn 0.9684 0.0045 0.2493
vn 0.9828 0.1760 0.0555
vn 0.6124 0.2342 -0.7551
vn -0.8040 0.5929 0.0440
vn -0.9607 -0.1430 -0.2378
vn -0.9523 -0.1036 -0.2870
vn -0.7547 -0.4322 -0.4935
vn -0.8837 0.1211 0.4521
vn -0.9844 0.0369 -0.1722
vn 0.9185 -0.1429 -0.3687
vn 0.3848 0.9085 -0.1632
vn -0.0480 -0.9922 -0.1152
vn 0.2204 -0.7365 0.6395
vn -0.7082 0.6579 -0.2562
vn -0.4923 0.8494 -0.1901
vn -0.4570 -0.8822 -0.1136
vn -0.0413 -0.9792 -0.1985
vn 0.7015 0.5631 -0.4367
vn 0.4167 0.8041 -0.4241
vn 0.9373 -0.3036 0.1709
vn -0.2064 0.9077 0.3653
vn 0.3820 -0.8910 0.2452
vn 0.1216 -0.9850 -0.1224
vn -0.3732 -0.9071 -0.1946
vn -0.2537 0.9549 -0.1544
vn 0.3087 -0.2403 -0.9203
vn -0.3267 0.5770 -0.7485
vn -0.7347 -0.1003 -0.6710
vn -0.6613 0.4748 -0.5807
vn -0.8142 0.2195 -0.5375
vn -0.6311 0.7298 0.2629
vn -0.9918 0.0371 0.1220
vn -0.4077 -0.0522 0.9116
vn -0.3796 0.9198 0.0993
vn -0.2468 -0.1720 -0.9537
vn 0.7696 0.2685 0.5793
vn -0.6373 0.7671 -0.0737
vn -0.4001 -0.8804 0.2546
vn 0.5550 0.7821 -0.2835
vn 0.3108 -0.9086 -0.2791
vn -0.0174 0.9969 -0.0768
vn -0.9271 -0.0163 0.3744
vn 0.0445 -0.9982 -0.0397
vn 0.5217 0.2572 0.8134
vn 0.3321 0.8346 -0.4394
vn 0.8592 0.4485 -0.2462
vn 0.7117 0.5476 -0.4400
vn 0.7314 0.4706 -0.4936
vn 0.1185 0.9277 -0.3541
vn -0.7735 0.6174 0.1430
vn -0.6905 0.6428 0.3317
vn -0.2385 0.9193 0.3130
vn 0.6951 0.6179 0.3676
vn 0.8827 0.4565 -0.1118
vn 0.7923 0.2361 -0.5626
vn 0.8722 0.1583 -0.4629
vn 0.0869 0.3242 -0.9420
vn 0.5397 0.4055 -0.7377
vn 0.4564 0.4825 -0.7476
vn -0.2595 0.4382 0.8606
vn -0.5662 0.1413 0.8121
vn -0.0324 0.3636 0.9310
vn 0.4470 0.4522 0.7718
vn 0.2469 0.5454 0.8010
vn -0.4001 0.9095 0.1127
vn 0.6937 -0.2957 -0.6567
vn 0.3871 -0.1031 0.9163
vn -0.7299 -0.6450 0.2263
vn 0.4326 0.6366 0.6384
vn -0.8171 0.5359 -0.2125
vn 0.3472 0.6620 -0.6643
vn -0.0855 0.9921 0.0919
vn -0.1241 0.9917 0.0351
vn -0.4466 0.8149 0.3695
vn 0.4753 0.8777 0.0603
vn 0.1594 -0.1686 -0.9727
vn 0.5910 0.7943 0.1409
vn -0.3675 -0.1204 -0.9222
vn -0.8775 0.4786 0.0312
vn 0.2021 -0.2265 0.9528
vn -0.7373 0.3250 0.5923
vn -0.5333 -0.0976 0.8403
vn 0.9148 0.4036 -0.0115
vn 0.8009 0.4856 0.3503
vn 0.5963 0.0767 -0.7991
vn -0.8980 0.1904 -0.3966
vn -0.8868 0.0933 0.4527
vn -0.8589 0.1995 0.4717
vn -0.5828 -0.5739 0.5753
vt 0.927341 0.515579
vt 0.954879 0.515579
vt 0.956478 0.515579
vt 0.934054 0.515579
vt 0.952680 0.515578
vt 0.970289 0.515579
vt 0.939331 0.515578
vt 0.961221 0.903481
vt 0.955681 0.968797
vt 0.968913 0.853643
vt 0.932672 0.811468
vt 0.944147 0.860368
vt 0.943573 0.762071
vt 0.942153 0.945658
vt 0.947073 0.947511
vt 0.929037 0.811876
vt 0.946743 0.745855
vt 0.240797 0.528424
vt 0.233435 0.528424
vt 0.233264 0.527638
vt 0.240754 0.527434
vt 0.260320 0.947590
vt 0.268403 0.866041
vt 0.268664 0.870873
vt 0.260470 0.953733
vt 0.964226 0.869641
vt 0.956937 0.955161
vt 0.953439 0.798496
vt 0.262857 0.710315
vt 0.250139 0.653208
vt 0.250283 0.654179
vt 0.263158 0.713214
vt 0.263792 0.595468
vt 0.264120 0.594501
vt 0.256441 0.798201
vt 0.256628 0.801553
vt 0.255599 0.528424
vt 0.255827 0.528077
vt 0.960068 0.585889
vt 0.959225 0.706329
vt 0.972015 0.688155
vt 0.282245 0.612839
vt 0.275126 0.528424
vt 0.275501 0.529518
vt 0.282661 0.615189
vt 0.220453 0.528424
vt 0.227501 0.528424
vt 0.227098 0.527941
vt 0.220112 0.524294
vt 0.249015 0.748004
vt 0.249000 0.751819
vt 0.920985 0.515579
vt 0.921364 0.647516
vt 0.922210 0.663787
vt 0.922420 0.552189
vt 0.924340 0.703779
vt 0.280965 0.658566
vt 0.281372 0.661479
vt 0.229383 0.810960
vt 0.229098 0.815911
vt 0.245501 0.763468
vt 0.246137 0.857199
vt 0.246277 0.862274
vt 0.245648 0.766677
vt 0.220873 0.654234
vt 0.224174 0.707883
vt 0.223809 0.711529
vt 0.220468 0.657344
vt 0.227317 0.730695
vt 0.226366 0.588069
vt 0.225952 0.589308
vt 0.226909 0.732815
vt 0.968786 0.737322
vt 0.969199 0.515579
vt 0.975555 0.652058
vt 0.249382 0.940295
vt 0.249278 0.946618
vt 0.974105 0.515579
vt 0.977452 0.515579
vt 0.976709 0.604105
vt 0.947756 0.646440
vt 0.239718 0.656132
vt 0.239682 0.655904
vt 0.925220 0.515578
vt 0.926317 0.578129
vt 0.932692 0.515578
vt 0.932662 0.585479
vt 0.942477 0.515579
vt 0.243926 0.938528
vt 0.243871 0.944944
vt 0.273917 0.528424
vt 0.253413 0.675295
vt 0.253517 0.676483
vt 0.274095 0.527738
vt 0.259811 0.528424
vt 0.259964 0.527484
vt 0.273458 0.739868
vt 0.273743 0.743688
vt 0.927175 0.727702
vt 0.926904 0.820192
vt 0.221812 0.669748
vt 0.221407 0.672677
vt 0.244286 0.528424
vt 0.244176 0.526863
vt 0.955783 0.811751
vt 0.258927 0.960592
vt 0.259040 0.810839
vt 0.259280 0.814870
vt 0.258982 0.967050
vt 0.233401 0.595078
vt 0.233071 0.594174
vt 0.277039 0.692984
vt 0.277420 0.695443
vt 0.273600 0.850787
vt 0.273928 0.855319
vt 0.938358 0.649507
vt 0.932245 0.651332
vt 0.222045 0.563333
vt 0.221687 0.559567
vt 0.227017 0.818889
vt 0.226687 0.823446
vt 0.232939 0.657872
vt 0.232768 0.657086
vt 0.950708 0.669603
vt 0.230985 0.728956
vt 0.239479 0.726349
vt 0.276893 0.803276
vt 0.245197 0.631085
s 1
usemtl Material.008
f 1483/1003/1534 1466/1004/1534 1456/1005/1534
f 1466/1004/1534 1483/1003/1534 1482/1006/1534
f 1477/1007/1534 1485/1008/1534 1478/1009/1534
f 1472/1010/1535 1463/1011/1535 1488/1012/1535
f 1464/1013/1536 1491/1014/1536 1461/1015/1536
f 1491/1014/1537 1464/1013/1537 1490/1016/1537
f 1471/1017/1538 1492/1018/1538 1493/1019/1538
f 1478/1020/1539 1458/1021/1539 1526/1022/1539 1525/1023/1539
f 1494/1024/1540 1486/1025/1540 1523/1026/1540 1518/1027/1540
f 1486/1028/1541 1494/1029/1541 1459/1030/1541
f 1455/1031/1542 1495/1032/1542 1501/1033/1542 1502/1034/1542
f 1495/1032/1543 1470/1035/1543 1541/1036/1543 1501/1033/1543
f 1486/1025/1544 1459/1037/1544 1515/1038/1544 1523/1026/1544
f 1477/1039/1545 1478/1020/1545 1525/1023/1545 1542/1040/1545
f 1470/1041/1546 1455/1042/1546 1473/1043/1546
f 1462/1044/1547 1485/1045/1547 1524/1046/1547 1508/1047/1547
f 1484/1048/1548 1483/1049/1548 1536/1050/1548 1528/1051/1548
f 1459/1037/1549 1493/1052/1549 1522/1053/1549 1515/1038/1549
f 1484/1054/1550 1497/1055/1550 1460/1056/1550
f 1497/1055/1551 1457/1057/1551 1468/1058/1551
f 1499/1059/1552 1462/1044/1552 1508/1047/1552 1543/1060/1552
f 1493/1052/1553 1492/1061/1553 1521/1062/1553 1522/1053/1553
f 1461/1063/1554 1491/1064/1554 1520/1065/1554 1505/1066/1554
f 1497/1067/1555 1468/1068/1555 1516/1069/1555 1540/1070/1555
f 1465/1071/1556 1469/1072/1556 1512/1073/1556 1511/1074/1556
f 1498/1075/1557 1480/1076/1557 1499/1077/1557
f 1492/1061/1558 1471/1078/1558 1519/1079/1558 1521/1062/1558
f 1499/1077/1559 1476/1080/1559 1481/1081/1559
f 1462/1082/1560 1499/1077/1560 1481/1081/1560
f 1455/1042/1561 1470/1041/1561 1495/1083/1561
f 1496/1084/1562 1461/1063/1562 1505/1066/1562 1539/1085/1562
f 1460/1056/1563 1479/1086/1563 1484/1054/1563
f 1460/1056/1564 1469/1087/1564 1479/1086/1564
f 1479/1086/1565 1469/1087/1565 1458/1088/1565
f 1500/1089/1566 1468/1058/1566 1457/1057/1566
f 1456/1005/1534 1475/1090/1534 1483/1003/1534
f 1491/1064/1567 1490/1091/1567 1538/1092/1567 1520/1065/1567
f 1462/1082/1568 1481/1081/1568 1485/1008/1568
f 1482/1006/1534 1483/1003/1534 1484/1054/1534
f 1478/1009/1534 1485/1008/1534 1476/1080/1534
f 1466/1004/1534 1478/1009/1534 1476/1080/1534
f 1480/1093/1569 1467/1094/1569 1533/1095/1569 1535/1096/1569
f 1479/1086/1534 1458/1088/1534 1478/1009/1534
f 1456/1097/1570 1480/1093/1570 1535/1096/1570 1534/1098/1570
f 1498/1099/1571 1499/1059/1571 1543/1060/1571 1514/1100/1571
f 1465/1101/1572 1487/1102/1572 1464/1013/1572
f 1490/1016/1573 1464/1013/1573 1487/1102/1573
f 1460/1103/1574 1497/1067/1574 1540/1070/1574 1537/1104/1574
f 1475/1105/1575 1456/1097/1575 1534/1098/1575 1532/1106/1575
f 1488/1012/1576 1489/1107/1576 1472/1010/1576
f 1463/1011/1577 1472/1010/1577 1489/1107/1577
f 1463/1108/1578 1489/1109/1578 1506/1110/1578 1510/1111/1578
f 1471/1017/1579 1493/1019/1579 1459/1030/1579 1494/1029/1579
f 1467/1094/1580 1498/1099/1580 1514/1100/1580 1533/1095/1580
f 1483/1049/1581 1475/1105/1581 1532/1106/1581 1536/1050/1581
f 1468/1068/1582 1500/1112/1582 1531/1113/1582 1516/1069/1582
f 1470/1035/1583 1473/1114/1583 1507/1115/1583 1541/1036/1583
f 1488/1116/1584 1463/1108/1584 1510/1111/1584 1509/1117/1584
f 1464/1013/1585 1461/1015/1585 1496/1118/1585 1474/1119/1585
f 1458/1088/1586 1469/1087/1586 1474/1119/1586
f 1464/1013/1587 1474/1119/1587 1465/1101/1587
f 1465/1101/1588 1474/1119/1588 1469/1087/1588
f 1489/1109/1589 1488/1116/1589 1509/1117/1589 1506/1110/1589
f 1457/1057/1590 1497/1055/1590 1484/1054/1590
f 1471/1078/1591 1494/1024/1591 1518/1027/1591 1519/1079/1591
f 1500/1112/1592 1457/1120/1592 1529/1121/1592 1531/1113/1592
f 1490/1091/1593 1487/1122/1593 1517/1123/1593 1538/1092/1593
f 1499/1077/1594 1480/1076/1594 1476/1080/1594
f 1457/1120/1595 1484/1048/1595 1528/1051/1595 1529/1121/1595
f 1469/1072/1596 1460/1103/1596 1537/1104/1596 1512/1073/1596
f 1487/1122/1597 1465/1071/1597 1511/1074/1597 1517/1123/1597
f 1473/1114/1598 1455/1031/1598 1502/1034/1598 1507/1115/1598
f 1474/1124/1599 1496/1084/1599 1539/1085/1599 1527/1125/1599
f 1458/1021/1600 1474/1124/1600 1527/1125/1600 1526/1022/1600
f 1485/1045/1601 1477/1039/1601 1542/1040/1601 1524/1046/1601
f 1498/1075/1602 1467/1126/1602 1480/1076/1602
f 1480/1076/1534 1456/1005/1534 1476/1080/1534
f 1476/1080/1534 1485/1008/1534 1481/1081/1534
f 1482/1006/1534 1478/1009/1534 1466/1004/1534
f 1479/1086/1534 1478/1009/1534 1482/1006/1534
f 1484/1054/1534 1479/1086/1534 1482/1006/1534
f 1476/1080/1534 1456/1005/1534 1466/1004/1534
f 1506/1110/1603 1520/1065/1603 1510/1111/1603
f 1507/1115/1604 1509/1117/1604 1508/1047/1604
f 1507/1115/1605 1506/1110/1605 1509/1117/1605
f 1502/1034/1606 1506/1110/1606 1507/1115/1606
f 1520/1065/1607 1538/1092/1607 1510/1111/1607
f 1516/1069/1608 1521/1062/1608 1517/1123/1608
f 1504/1127/1609 1521/1062/1609 1516/1069/1609
f 1522/1053/1610 1521/1062/1610 1503/1128/1610
f 1513/1129/1611 1523/1026/1611 1514/1100/1611
f 1509/1117/1612 1513/1129/1612 1508/1047/1612
f 1541/1036/1613 1507/1115/1613 1524/1046/1613
f 1524/1046/1614 1507/1115/1614 1508/1047/1614
f 1505/1066/1615 1501/1033/1615 1539/1085/1615
f 1501/1033/1616 1506/1110/1616 1502/1034/1616
f 1501/1033/1617 1505/1066/1617 1506/1110/1617
f 1503/1128/1618 1530/1130/1618 1522/1053/1618
f 1530/1130/1619 1503/1128/1619 1531/1113/1619
f 1522/1053/1620 1530/1130/1620 1533/1095/1620
f 1515/1038/1621 1533/1095/1621 1514/1100/1621
f 1522/1053/1622 1533/1095/1622 1515/1038/1622
f 1519/1079/1623 1538/1092/1623 1517/1123/1623 1521/1062/1623
f 1542/1040/1624 1541/1036/1624 1524/1046/1624
f 1535/1096/1625 1533/1095/1625 1534/1098/1625
f 1529/1121/1626 1528/1051/1626 1536/1050/1626
f 1514/1100/1627 1523/1026/1627 1515/1038/1627
f 1537/1104/1628 1517/1123/1628 1511/1074/1628
f 1506/1110/1629 1505/1066/1629 1520/1065/1629
f 1519/1079/1630 1518/1027/1630 1510/1111/1630
f 1510/1111/1631 1538/1092/1631 1519/1079/1631
f 1504/1127/1632 1503/1128/1632 1521/1062/1632
f 1523/1026/1633 1509/1117/1633 1510/1111/1633 1518/1027/1633
f 1501/1033/1634 1542/1040/1634 1525/1023/1634 1539/1085/1634
f 1523/1026/1635 1513/1129/1635 1509/1117/1635
f 1525/1023/1636 1526/1022/1636 1527/1125/1636 1539/1085/1636
f 1540/1070/1637 1516/1069/1637 1517/1123/1637 1537/1104/1637
f 1532/1106/1638 1534/1098/1638 1533/1095/1638 1530/1130/1638
f 1531/1113/1639 1503/1128/1639 1504/1127/1639
f 1532/1106/1640 1530/1130/1640 1531/1113/1640
f 1513/1129/1641 1543/1060/1641 1508/1047/1641
f 1514/1100/1642 1543/1060/1642 1513/1129/1642
f 1542/1040/1643 1501/1033/1643 1541/1036/1643
f 1511/1074/1644 1512/1073/1644 1537/1104/1644
f 1536/1050/1645 1531/1113/1645 1529/1121/1645
f 1504/1127/1646 1516/1069/1646 1531/1113/1646
f 1531/1113/1647 1536/1050/1647 1532/1106/1647
o Stone_average_01_mossy.002
v 2.796535 0.113832 -0.353700
v 2.695446 0.052419 -0.087602
v 2.560180 0.064206 -0.254426
v 2.675943 0.052419 -0.436512
v 2.684554 0.143505 -0.106141
v 2.593790 0.100135 -0.362232
v 2.731454 0.131778 -0.421324
v 2.843953 0.080921 -0.199787
v 2.747820 0.198334 -0.263678
v 2.664900 0.147681 -0.402626
v 2.633876 0.120713 -0.401050
v 2.735281 0.052419 -0.238604
v 2.660728 0.102008 -0.079277
v 2.567758 0.113011 -0.244878
v 2.633489 0.072558 -0.414618
v 2.803359 0.075056 -0.360340
v 2.694973 0.191481 -0.247991
v 2.779088 0.177305 -0.265261
v 2.831823 0.107980 -0.242973
v 2.674908 0.096126 -0.440995
v 2.620117 0.052419 -0.095041
v 2.803376 0.052419 -0.118814
v 2.775797 0.052419 -0.402062
v 2.713398 0.052419 -0.438361
v 2.619837 0.052419 -0.391176
v 2.768131 0.052419 -0.093995
v 2.841294 0.052419 -0.178753
v 2.633839 0.052419 -0.282538
v 2.568894 0.052419 -0.196749
v 2.570793 0.052419 -0.312023
v 2.834223 0.052419 -0.280113
v 2.757628 0.166410 -0.147014
v 2.607816 0.150490 -0.324935
v 2.804077 0.161260 -0.210342
v 2.777603 0.147772 -0.354243
v 2.693151 0.190884 -0.327024
v 2.724161 0.163425 -0.388839
v 2.596213 0.147813 -0.252243
v 2.643968 0.126557 -0.095570
v 2.737288 0.193944 -0.209407
v 2.755786 0.094551 -0.424772
v 2.709863 0.095538 -0.444139
v 2.571663 0.094897 -0.308204
v 2.772554 0.123810 -0.114819
v 2.820045 0.096359 -0.145531
v 2.580085 0.074924 -0.139870
v 2.757076 0.094878 -0.426523
v 2.798315 0.114811 -0.354544
v 2.603032 0.119245 -0.116679
v 2.580128 0.120126 -0.177512
v 2.732666 0.132861 -0.422805
v 2.779089 0.149133 -0.355124
v 2.833834 0.108811 -0.243291
v 2.846000 0.081714 -0.199668
v 2.805636 0.162790 -0.210090
v 2.748105 0.200514 -0.263710
v 2.632251 0.121429 -0.402348
v 2.631881 0.072976 -0.416058
v 2.806868 0.145218 -0.167888
v 2.773493 0.125100 -0.113306
v 2.684890 0.144637 -0.104285
v 2.565936 0.114242 -0.244896
v 2.606299 0.152029 -0.325343
v 2.737918 0.196018 -0.209038
v 2.694446 0.193616 -0.247972
v 2.725167 0.165138 -0.389782
v 2.594785 0.149485 -0.252238
v 2.643351 0.127845 -0.093897
v 2.758570 0.168042 -0.145879
v 2.836302 0.052789 -0.280727
v 2.713871 0.052085 -0.440483
v 2.675791 0.052154 -0.438690
v 2.674755 0.095860 -0.443173
v 2.569092 0.051025 -0.312051
v 2.558386 0.062935 -0.254415
v 2.621413 0.087081 -0.084909
v 2.578123 0.074619 -0.138925
v 2.618986 0.051892 -0.093231
v 2.660554 0.102409 -0.077122
v 2.695512 0.052102 -0.085427
v 2.768323 0.052188 -0.091817
v 2.566740 0.052257 -0.196337
v 2.592074 0.101124 -0.363189
v 2.692983 0.193050 -0.327364
v 2.710369 0.095461 -0.446278
v 2.569805 0.095947 -0.308732
v 2.805310 0.074729 -0.361301
v 2.777418 0.052302 -0.403544
v 2.821789 0.097343 -0.144622
vn -0.0000 -1.0000 -0.0000
vn 0.5576 0.8300 -0.0112
vn -0.0264 0.7131 -0.7006
vn -0.1281 0.8809 -0.4556
vn -0.4011 0.8835 0.2421
vn 0.0058 -0.9903 0.1385
vn -0.8941 0.2210 0.3896
vn -0.0511 0.9074 0.4171
vn 0.4049 -0.9142 0.0185
vn 0.1533 0.9710 0.1836
vn -0.4938 0.7336 -0.4668
vn -0.0528 -0.9942 0.0938
vn 0.9340 0.2134 -0.2864
vn 0.2917 -0.9117 0.2893
vn 0.3755 -0.9267 0.0119
vn -0.4344 0.7263 -0.5328
vn -0.9259 0.0526 -0.3741
vn -0.9787 0.1735 -0.1100
vn 0.3053 -0.8722 0.3823
vn 0.7709 0.6186 -0.1515
vn -0.8457 0.2738 -0.4581
vn -0.5374 -0.8189 0.2016
vn 0.6728 0.1961 -0.7134
vn 0.6075 0.1875 0.7719
vn -0.0327 -0.0231 0.9992
vn 0.8451 0.0045 0.5346
vn 0.9183 0.1760 0.3546
vn 0.8146 0.2342 -0.5306
vn -0.7787 0.5929 -0.2050
vn -0.8413 -0.1430 -0.5213
vn -0.8182 -0.1036 -0.5655
vn -0.5668 -0.4322 -0.7014
vn -0.9798 0.1211 0.1589
vn -0.8840 0.0369 -0.4661
vn 0.9873 -0.1429 -0.0689
vn 0.4163 0.9085 -0.0372
vn -0.0103 -0.9922 -0.1244
vn 0.0134 -0.7365 0.6763
vn -0.5953 0.6579 -0.4612
vn -0.4102 0.8494 -0.3321
vn -0.4001 -0.8822 -0.2484
vn 0.0216 -0.9792 -0.2016
vn 0.8017 0.5631 -0.2003
vn 0.5268 0.8041 -0.2757
vn 0.8396 -0.3036 0.4505
vn -0.3086 0.9077 0.2843
vn 0.2883 -0.8910 0.3506
vn 0.1533 -0.9850 -0.0792
vn -0.2955 -0.9071 -0.2998
vn -0.1940 0.9549 -0.2249
vn 0.5763 -0.2403 -0.7811
vn -0.0811 0.5770 -0.8127
vn -0.4932 -0.1003 -0.8641
vn -0.4511 0.4748 -0.7557
vn -0.6098 0.2195 -0.7615
vn -0.6813 0.7298 0.0565
vn -0.9814 0.0371 -0.1884
vn -0.6679 -0.0522 0.7424
vn -0.3918 0.9198 -0.0221
vn 0.0579 -0.1720 -0.9834
vn 0.5546 0.2685 0.7876
vn -0.5839 0.7671 -0.2658
vn -0.4589 -0.8804 0.1195
vn 0.6152 0.7821 -0.0994
vn 0.3815 -0.9086 -0.1702
vn 0.0070 0.9969 -0.0785
vn -0.9973 -0.0163 0.0717
vn 0.0545 -0.9982 -0.0241
vn 0.2468 0.2572 0.9343
vn 0.4510 0.8346 -0.3163
vn 0.8933 0.4485 0.0295
vn 0.8124 0.5476 -0.2003
vn 0.8476 0.4706 -0.2452
vn 0.2215 0.9277 -0.3006
vn -0.7801 0.6174 -0.1014
vn -0.7589 0.6428 0.1037
vn -0.3230 0.9193 0.2247
vn 0.5486 0.6179 0.5632
vn 0.8744 0.4565 0.1645
vn 0.9268 0.2361 -0.2922
vn 0.9722 0.1583 -0.1728
vn 0.3719 0.3242 -0.8698
vn 0.7402 0.4055 -0.5364
vn 0.6639 0.4825 -0.5714
vn -0.5112 0.4382 0.7394
vn -0.7882 0.1413 0.5990
vn -0.3167 0.3636 0.8761
vn 0.1885 0.4522 0.8718
vn -0.0109 0.5454 0.8381
vn -0.4154 0.9095 -0.0156
vn 0.8618 -0.2957 -0.4120
vn 0.0871 -0.1031 0.9909
vn -0.7641 -0.6450 -0.0087
vn 0.2157 0.6366 0.7404
vn -0.7124 0.5359 -0.4531
vn 0.5343 0.6620 -0.5257
vn -0.1096 0.9921 0.0612
vn -0.1289 0.9917 -0.0047
vn -0.5385 0.8149 0.2145
vn 0.4338 0.8777 0.2034
vn 0.4503 -0.1686 -0.8768
vn 0.5192 0.7943 0.3156
vn -0.0666 -0.1204 -0.9905
vn -0.8446 0.4786 -0.2397
vn -0.1002 -0.2265 0.9688
vn -0.8835 0.3250 0.3373
vn -0.7655 -0.0976 0.6360
vn 0.8742 0.4036 0.2699
vn 0.6547 0.4856 0.5793
vn 0.8128 0.0767 -0.5774
vn -0.7329 0.1904 -0.6532
vn -0.9829 0.0933 0.1585
vn -0.9622 0.1995 0.1852
vn -0.7313 -0.5739 0.3685
vt 0.927341 0.515579
vt 0.954879 0.515579
vt 0.956478 0.515579
vt 0.934054 0.515579
vt 0.952680 0.515578
vt 0.970289 0.515579
vt 0.939331 0.515578
vt 0.961221 0.903481
vt 0.955681 0.968797
vt 0.968913 0.853643
vt 0.932672 0.811468
vt 0.944147 0.860368
vt 0.943573 0.762071
vt 0.942153 0.945658
vt 0.947073 0.947511
vt 0.929037 0.811876
vt 0.946743 0.745855
vt 0.240797 0.528424
vt 0.233435 0.528424
vt 0.233264 0.527638
vt 0.240754 0.527434
vt 0.260320 0.947590
vt 0.268403 0.866041
vt 0.268664 0.870873
vt 0.260470 0.953733
vt 0.964226 0.869641
vt 0.956937 0.955161
vt 0.953439 0.798496
vt 0.262857 0.710315
vt 0.250139 0.653208
vt 0.250283 0.654179
vt 0.263158 0.713214
vt 0.263792 0.595468
vt 0.264120 0.594501
vt 0.256441 0.798201
vt 0.256628 0.801553
vt 0.255599 0.528424
vt 0.255827 0.528077
vt 0.960068 0.585889
vt 0.959225 0.706329
vt 0.972015 0.688155
vt 0.282245 0.612839
vt 0.275126 0.528424
vt 0.275501 0.529518
vt 0.282661 0.615189
vt 0.220453 0.528424
vt 0.227501 0.528424
vt 0.227098 0.527941
vt 0.220112 0.524294
vt 0.249015 0.748004
vt 0.249000 0.751819
vt 0.920985 0.515579
vt 0.921364 0.647516
vt 0.922210 0.663787
vt 0.922420 0.552189
vt 0.924340 0.703779
vt 0.280965 0.658566
vt 0.281372 0.661479
vt 0.229383 0.810960
vt 0.229098 0.815911
vt 0.245501 0.763468
vt 0.246137 0.857199
vt 0.246277 0.862274
vt 0.245648 0.766677
vt 0.220873 0.654234
vt 0.224174 0.707883
vt 0.223809 0.711529
vt 0.220468 0.657344
vt 0.227317 0.730695
vt 0.226366 0.588069
vt 0.225952 0.589308
vt 0.226909 0.732815
vt 0.968786 0.737322
vt 0.969199 0.515579
vt 0.975555 0.652058
vt 0.249382 0.940295
vt 0.249278 0.946618
vt 0.974105 0.515579
vt 0.977452 0.515579
vt 0.976709 0.604105
vt 0.947756 0.646440
vt 0.239718 0.656132
vt 0.239682 0.655904
vt 0.925220 0.515578
vt 0.926317 0.578129
vt 0.932692 0.515578
vt 0.932662 0.585479
vt 0.942477 0.515579
vt 0.243926 0.938528
vt 0.243871 0.944944
vt 0.273917 0.528424
vt 0.253413 0.675295
vt 0.253517 0.676483
vt 0.274095 0.527738
vt 0.259811 0.528424
vt 0.259964 0.527484
vt 0.273458 0.739868
vt 0.273743 0.743688
vt 0.927175 0.727702
vt 0.926904 0.820192
vt 0.221812 0.669748
vt 0.221407 0.672677
vt 0.244286 0.528424
vt 0.244176 0.526863
vt 0.955783 0.811751
vt 0.258927 0.960592
vt 0.259040 0.810839
vt 0.259280 0.814870
vt 0.258982 0.967050
vt 0.233401 0.595078
vt 0.233071 0.594174
vt 0.277039 0.692984
vt 0.277420 0.695443
vt 0.273600 0.850787
vt 0.273928 0.855319
vt 0.938358 0.649507
vt 0.932245 0.651332
vt 0.222045 0.563333
vt 0.221687 0.559567
vt 0.227017 0.818889
vt 0.226687 0.823446
vt 0.232939 0.657872
vt 0.232768 0.657086
vt 0.950708 0.669603
vt 0.230985 0.728956
vt 0.239479 0.726349
vt 0.276893 0.803276
vt 0.245197 0.631085
s 1
usemtl Material.007
f 1572/1131/1648 1555/1132/1648 1545/1133/1648
f 1555/1132/1648 1572/1131/1648 1571/1134/1648
f 1566/1135/1648 1574/1136/1648 1567/1137/1648
f 1561/1138/1649 1552/1139/1649 1577/1140/1649
f 1553/1141/1650 1580/1142/1650 1550/1143/1650
f 1580/1142/1651 1553/1141/1651 1579/1144/1651
f 1560/1145/1652 1581/1146/1652 1582/1147/1652
f 1567/1148/1653 1547/1149/1653 1615/1150/1653 1614/1151/1653
f 1583/1152/1654 1575/1153/1654 1612/1154/1654 1607/1155/1654
f 1575/1156/1655 1583/1157/1655 1548/1158/1655
f 1544/1159/1656 1584/1160/1656 1590/1161/1656 1591/1162/1656
f 1584/1160/1657 1559/1163/1657 1630/1164/1657 1590/1161/1657
f 1575/1153/1658 1548/1165/1658 1604/1166/1658 1612/1154/1658
f 1566/1167/1659 1567/1148/1659 1614/1151/1659 1631/1168/1659
f 1559/1169/1660 1544/1170/1660 1562/1171/1660
f 1551/1172/1661 1574/1173/1661 1613/1174/1661 1597/1175/1661
f 1573/1176/1662 1572/1177/1662 1625/1178/1662 1617/1179/1662
f 1548/1165/1663 1582/1180/1663 1611/1181/1663 1604/1166/1663
f 1573/1182/1664 1586/1183/1664 1549/1184/1664
f 1586/1183/1665 1546/1185/1665 1557/1186/1665
f 1588/1187/1666 1551/1172/1666 1597/1175/1666 1632/1188/1666
f 1582/1180/1667 1581/1189/1667 1610/1190/1667 1611/1181/1667
f 1550/1191/1668 1580/1192/1668 1609/1193/1668 1594/1194/1668
f 1586/1195/1669 1557/1196/1669 1605/1197/1669 1629/1198/1669
f 1554/1199/1670 1558/1200/1670 1601/1201/1670 1600/1202/1670
f 1587/1203/1671 1569/1204/1671 1588/1205/1671
f 1581/1189/1672 1560/1206/1672 1608/1207/1672 1610/1190/1672
f 1588/1205/1673 1565/1208/1673 1570/1209/1673
f 1551/1210/1674 1588/1205/1674 1570/1209/1674
f 1544/1170/1675 1559/1169/1675 1584/1211/1675
f 1585/1212/1676 1550/1191/1676 1594/1194/1676 1628/1213/1676
f 1549/1184/1677 1568/1214/1677 1573/1182/1677
f 1549/1184/1678 1558/1215/1678 1568/1214/1678
f 1568/1214/1679 1558/1215/1679 1547/1216/1679
f 1589/1217/1680 1557/1186/1680 1546/1185/1680
f 1545/1133/1648 1564/1218/1648 1572/1131/1648
f 1580/1192/1681 1579/1219/1681 1627/1220/1681 1609/1193/1681
f 1551/1210/1682 1570/1209/1682 1574/1136/1682
f 1571/1134/1648 1572/1131/1648 1573/1182/1648
f 1567/1137/1648 1574/1136/1648 1565/1208/1648
f 1555/1132/1648 1567/1137/1648 1565/1208/1648
f 1569/1221/1683 1556/1222/1683 1622/1223/1683 1624/1224/1683
f 1568/1214/1648 1547/1216/1648 1567/1137/1648
f 1545/1225/1684 1569/1221/1684 1624/1224/1684 1623/1226/1684
f 1587/1227/1685 1588/1187/1685 1632/1188/1685 1603/1228/1685
f 1554/1229/1686 1576/1230/1686 1553/1141/1686
f 1579/1144/1687 1553/1141/1687 1576/1230/1687
f 1549/1231/1688 1586/1195/1688 1629/1198/1688 1626/1232/1688
f 1564/1233/1689 1545/1225/1689 1623/1226/1689 1621/1234/1689
f 1577/1140/1690 1578/1235/1690 1561/1138/1690
f 1552/1139/1691 1561/1138/1691 1578/1235/1691
f 1552/1236/1692 1578/1237/1692 1595/1238/1692 1599/1239/1692
f 1560/1145/1693 1582/1147/1693 1548/1158/1693 1583/1157/1693
f 1556/1222/1694 1587/1227/1694 1603/1228/1694 1622/1223/1694
f 1572/1177/1695 1564/1233/1695 1621/1234/1695 1625/1178/1695
f 1557/1196/1696 1589/1240/1696 1620/1241/1696 1605/1197/1696
f 1559/1163/1697 1562/1242/1697 1596/1243/1697 1630/1164/1697
f 1577/1244/1698 1552/1236/1698 1599/1239/1698 1598/1245/1698
f 1553/1141/1699 1550/1143/1699 1585/1246/1699 1563/1247/1699
f 1547/1216/1700 1558/1215/1700 1563/1247/1700
f 1553/1141/1701 1563/1247/1701 1554/1229/1701
f 1554/1229/1702 1563/1247/1702 1558/1215/1702
f 1578/1237/1703 1577/1244/1703 1598/1245/1703 1595/1238/1703
f 1546/1185/1704 1586/1183/1704 1573/1182/1704
f 1560/1206/1705 1583/1152/1705 1607/1155/1705 1608/1207/1705
f 1589/1240/1706 1546/1248/1706 1618/1249/1706 1620/1241/1706
f 1579/1219/1707 1576/1250/1707 1606/1251/1707 1627/1220/1707
f 1588/1205/1708 1569/1204/1708 1565/1208/1708
f 1546/1248/1709 1573/1176/1709 1617/1179/1709 1618/1249/1709
f 1558/1200/1710 1549/1231/1710 1626/1232/1710 1601/1201/1710
f 1576/1250/1711 1554/1199/1711 1600/1202/1711 1606/1251/1711
f 1562/1242/1712 1544/1159/1712 1591/1162/1712 1596/1243/1712
f 1563/1252/1713 1585/1212/1713 1628/1213/1713 1616/1253/1713
f 1547/1149/1714 1563/1252/1714 1616/1253/1714 1615/1150/1714
f 1574/1173/1715 1566/1167/1715 1631/1168/1715 1613/1174/1715
f 1587/1203/1716 1556/1254/1716 1569/1204/1716
f 1569/1204/1648 1545/1133/1648 1565/1208/1648
f 1565/1208/1648 1574/1136/1648 1570/1209/1648
f 1571/1134/1648 1567/1137/1648 1555/1132/1648
f 1568/1214/1648 1567/1137/1648 1571/1134/1648
f 1573/1182/1648 1568/1214/1648 1571/1134/1648
f 1565/1208/1648 1545/1133/1648 1555/1132/1648
f 1595/1238/1717 1609/1193/1717 1599/1239/1717
f 1596/1243/1718 1598/1245/1718 1597/1175/1718
f 1596/1243/1719 1595/1238/1719 1598/1245/1719
f 1591/1162/1720 1595/1238/1720 1596/1243/1720
f 1609/1193/1721 1627/1220/1721 1599/1239/1721
f 1605/1197/1722 1610/1190/1722 1606/1251/1722
f 1593/1255/1723 1610/1190/1723 1605/1197/1723
f 1611/1181/1724 1610/1190/1724 1592/1256/1724
f 1602/1257/1725 1612/1154/1725 1603/1228/1725
f 1598/1245/1726 1602/1257/1726 1597/1175/1726
f 1630/1164/1727 1596/1243/1727 1613/1174/1727
f 1613/1174/1728 1596/1243/1728 1597/1175/1728
f 1594/1194/1729 1590/1161/1729 1628/1213/1729
f 1590/1161/1730 1595/1238/1730 1591/1162/1730
f 1590/1161/1731 1594/1194/1731 1595/1238/1731
f 1592/1256/1732 1619/1258/1732 1611/1181/1732
f 1619/1258/1733 1592/1256/1733 1620/1241/1733
f 1611/1181/1734 1619/1258/1734 1622/1223/1734
f 1604/1166/1735 1622/1223/1735 1603/1228/1735
f 1611/1181/1736 1622/1223/1736 1604/1166/1736
f 1608/1207/1737 1627/1220/1737 1606/1251/1737 1610/1190/1737
f 1631/1168/1738 1630/1164/1738 1613/1174/1738
f 1624/1224/1739 1622/1223/1739 1623/1226/1739
f 1618/1249/1740 1617/1179/1740 1625/1178/1740
f 1603/1228/1741 1612/1154/1741 1604/1166/1741
f 1626/1232/1742 1606/1251/1742 1600/1202/1742
f 1595/1238/1743 1594/1194/1743 1609/1193/1743
f 1608/1207/1744 1607/1155/1744 1599/1239/1744
f 1599/1239/1745 1627/1220/1745 1608/1207/1745
f 1593/1255/1746 1592/1256/1746 1610/1190/1746
f 1612/1154/1747 1598/1245/1747 1599/1239/1747 1607/1155/1747
f 1590/1161/1748 1631/1168/1748 1614/1151/1748 1628/1213/1748
f 1612/1154/1749 1602/1257/1749 1598/1245/1749
f 1614/1151/1750 1615/1150/1750 1616/1253/1750 1628/1213/1750
f 1629/1198/1751 1605/1197/1751 1606/1251/1751 1626/1232/1751
f 1621/1234/1752 1623/1226/1752 1622/1223/1752 1619/1258/1752
f 1620/1241/1753 1592/1256/1753 1593/1255/1753
f 1621/1234/1754 1619/1258/1754 1620/1241/1754
f 1602/1257/1755 1632/1188/1755 1597/1175/1755
f 1603/1228/1756 1632/1188/1756 1602/1257/1756
f 1631/1168/1757 1590/1161/1757 1630/1164/1757
f 1600/1202/1758 1601/1201/1758 1626/1232/1758
f 1625/1178/1759 1620/1241/1759 1618/1249/1759
f 1593/1255/1760 1605/1197/1760 1620/1241/1760
f 1620/1241/1761 1625/1178/1761 1621/1234/1761
o Stone_group_average.001
v 1.698411 0.198642 2.225927
v 1.609856 0.076120 2.731066
v 1.324103 0.091286 2.570413
v 1.377383 0.081016 2.293142
v 1.510508 0.238722 2.668225
v 1.318261 0.142864 2.423855
v 1.406914 0.202058 2.681380
v 1.363189 0.175787 2.638492
v 1.532111 0.243481 2.251014
v 1.825327 0.117427 2.443703
v 1.610814 0.357772 2.463614
v 1.440204 0.274328 2.323909
v 1.364805 0.188907 2.357480
v 1.613181 0.081168 2.485678
v 1.509272 0.182483 2.727254
v 1.318063 0.160865 2.570445
v 1.333794 0.103478 2.342684
v 1.671989 0.141886 2.225760
v 1.473229 0.346679 2.441775
v 1.705719 0.304472 2.407190
v 1.821464 0.173732 2.353473
v 1.395851 0.157073 2.296630
v 1.490445 0.119413 2.720393
v 1.770794 0.080664 2.644165
v 1.568227 0.085756 2.221995
v 1.436768 0.082685 2.261468
v 1.331455 0.078595 2.373215
v 1.723203 0.090498 2.698367
v 1.804708 0.084226 2.497811
v 1.436791 0.078093 2.487258
v 1.376258 0.073983 2.637954
v 1.318745 0.075941 2.492914
v 1.764092 0.087435 2.305616
v 1.685092 0.269776 2.603030
v 1.351938 0.241187 2.446634
v 1.766789 0.271724 2.465177
v 1.675101 0.256090 2.251253
v 1.486677 0.334374 2.368738
v 1.553946 0.300071 2.299980
v 1.342564 0.222401 2.532186
v 1.454451 0.220239 2.687064
v 1.573406 0.350522 2.536574
v 1.789259 0.225709 2.532289
v 1.542586 0.183461 2.217309
v 1.452015 0.173392 2.261039
v 1.308928 0.136044 2.494923
v 1.463823 0.166717 2.717980
v 1.727123 0.189202 2.655530
v 1.801167 0.126589 2.584710
v 1.419111 0.117341 2.696503
v 1.317068 0.138937 2.744102
v 1.428038 0.072696 2.745155
v 1.336505 0.070327 2.783970
v 1.301138 0.072347 2.654677
v 1.286373 0.070744 2.720975
v 1.352117 0.073583 2.637147
v 1.320250 0.106631 2.757817
v 1.294692 0.110400 2.710433
v 1.328770 0.108739 2.657597
v 1.414403 0.101137 2.687964
v 1.388019 0.099592 2.753888
v 1.361853 0.128007 2.756482
v 1.328460 0.137262 2.724446
v 1.398425 0.124631 2.727713
v 1.377352 0.132178 2.578227
v 1.046200 0.069177 2.593617
v 1.128076 0.076547 2.330873
v 1.327916 0.078302 2.383978
v 1.061136 0.161866 2.525062
v 1.274405 0.100490 2.300005
v 1.018328 0.125987 2.428022
v 1.051066 0.121529 2.363779
v 1.358712 0.144170 2.483577
v 1.225136 0.104554 2.650247
v 1.221162 0.230460 2.525367
v 1.305790 0.147461 2.420462
v 1.304792 0.118905 2.354335
v 1.192691 0.072581 2.550522
v 1.037048 0.116708 2.534748
v 1.129385 0.112905 2.314790
v 1.309562 0.082256 2.336312
v 1.376982 0.096428 2.569967
v 1.159520 0.167879 2.407413
v 1.263777 0.206572 2.569317
v 1.295126 0.131273 2.648495
v 1.332114 0.102912 2.399431
v 1.022789 0.070735 2.497143
v 1.122969 0.069326 2.651410
v 1.372290 0.076441 2.513089
v 1.346009 0.077650 2.431343
v 1.294321 0.078873 2.327411
v 1.085296 0.068791 2.645733
v 1.194902 0.070614 2.649100
v 1.187132 0.075105 2.421703
v 1.055786 0.073633 2.382694
v 1.210123 0.077657 2.315777
v 1.318205 0.073277 2.622786
v 1.095370 0.200030 2.603658
v 1.237286 0.142250 2.317940
v 1.206462 0.195762 2.611075
v 1.362399 0.164316 2.558183
v 1.253497 0.171636 2.423710
v 1.333812 0.176865 2.485737
v 1.158062 0.141309 2.315467
v 1.049843 0.139636 2.475267
v 1.138695 0.221794 2.526816
v 1.150066 0.178313 2.628285
v 1.377031 0.112671 2.493136
v 1.352086 0.107158 2.442371
v 1.212515 0.095869 2.295816
v 1.027514 0.101876 2.482097
v 1.087919 0.146875 2.633973
v 1.143572 0.121352 2.645709
v 1.004805 0.087239 2.423121
vn 0.0172 -0.9996 -0.0203
vn 0.1761 0.9075 -0.3812
vn 0.9295 0.3295 0.1658
vn 0.4831 0.8754 -0.0144
vn 0.6243 0.7128 -0.3197
vn 0.6666 0.5101 -0.5435
vn 0.1022 0.9265 -0.3622
vn -0.2952 0.6878 -0.6632
vn -0.2952 0.7077 -0.6419
vn -0.4943 0.7875 0.3681
vn -0.9338 0.3569 -0.0240
vn -0.7526 0.5368 0.3814
vn -0.3720 0.8847 0.2811
vn 0.1232 0.7266 0.6759
vn 0.6002 0.6323 0.4899
vn 0.9301 0.3617 -0.0634
vn 0.6510 -0.0119 -0.7590
vn 0.8631 -0.4111 -0.2935
vn 0.6555 -0.3031 -0.6916
vn -0.4360 0.3816 -0.8151
vn 0.0109 0.4071 -0.9133
vn -0.0412 0.4837 -0.8742
vn -0.9775 -0.1549 -0.1432
vn -0.9854 -0.0856 0.1473
vn -0.2722 0.4451 0.8531
vn -0.5030 0.0812 0.8605
vn -0.3215 0.4308 0.8432
vn 0.2014 0.7071 0.6779
vn -0.0070 0.7241 0.6897
vn 0.7671 0.2295 0.5991
vn -0.6564 0.7517 -0.0637
vn 0.9172 -0.3422 0.2042
vn 0.9398 -0.2905 0.1799
vn 0.0575 -0.0238 -0.9981
vn 0.0549 -0.0322 -0.9980
vn 0.0570 -0.0255 -0.9980
vn 0.3297 -0.5585 -0.7611
vn -0.9872 -0.1180 -0.1074
vn -0.9854 -0.0870 -0.1464
vn -0.7554 -0.4784 -0.4478
vn -0.7899 -0.0688 0.6094
vn -0.2879 -0.6125 0.7362
vn 0.2374 0.2581 0.9365
vn 0.7007 -0.6954 -0.1597
vn -0.5317 -0.8230 0.1997
vn 0.1832 0.6020 0.7772
vn -0.8612 0.3736 -0.3447
vn -0.8610 0.3746 -0.3439
vn -0.7581 0.5089 -0.4078
vn -0.6495 0.7086 -0.2758
vn -0.0575 0.6658 -0.7439
vn -0.0887 0.9946 0.0534
vn 0.6728 0.6588 -0.3365
vn 0.3014 0.8923 -0.3360
vn -0.0515 0.9832 -0.1751
vn -0.3369 0.8272 0.4498
vn -0.7242 0.5688 0.3899
vn 0.4513 0.8433 0.2918
vn -0.3482 -0.0446 -0.9363
vn 0.5520 0.7623 0.3379
vn -0.5133 0.1194 -0.8499
vn -0.5126 0.4100 -0.7545
vn -0.6891 0.1993 -0.6967
vn -0.7124 0.4031 -0.5744
vn -0.7374 0.3660 -0.5677
vn -0.9317 0.3602 -0.0455
vn -0.9814 -0.1637 0.1003
vn -0.1311 -0.0685 0.9890
vn -0.7074 0.0242 0.7064
vn -0.3117 -0.1274 0.9416
vn 0.7451 0.2868 0.6022
vn 0.9683 0.1973 0.1531
vn 0.7857 0.3603 0.5029
vn 0.0544 -0.0336 -0.9980
vn -0.8613 0.3725 -0.3456
vn -0.7950 -0.0321 0.6057
vn -0.7970 -0.1954 0.5714
vn -0.2055 -0.7085 0.6751
vn 0.2798 0.3728 0.8847
vn 0.2180 -0.9086 0.3563
vn 0.1985 0.9703 0.1385
vn 0.5731 0.4663 0.6739
vn 0.9284 0.0026 0.3716
vn 0.1768 0.9841 0.0186
vn 0.1791 0.8768 -0.4462
vn 0.2154 0.8985 -0.3824
vn -0.4933 0.7992 -0.3433
vn -0.4899 0.7984 -0.3500
vn -0.4930 0.7991 -0.3440
vn -0.4891 0.7982 -0.3515
vn -0.8701 0.1175 0.4787
vn -0.1618 0.3721 0.9140
vn 0.0535 -0.0418 0.9977
vn 0.5771 0.7777 0.2492
vn 0.3099 0.6234 -0.7179
vn -0.6883 0.5597 -0.4615
vn -0.8296 0.2993 0.4713
vn 0.1090 0.6127 0.7828
vn 0.6445 -0.6122 -0.4581
vn -0.3157 0.3116 -0.8962
vn -0.9663 0.1465 -0.2117
vn -0.7784 0.0982 0.6201
vn 0.3709 0.2627 0.8907
vn 0.4263 0.9045 -0.0115
vn -0.1187 0.3712 0.9209
vn 0.1111 0.9144 0.3893
vn 0.3376 0.7745 0.5349
vn 0.5092 0.6134 0.6037
vn 0.2662 0.8686 -0.4179
vn 0.6599 0.5373 -0.5253
vn 0.3367 0.7959 -0.5031
vn -0.3839 0.8887 -0.2507
vn 0.0313 -0.0078 -0.9995
vn -0.4348 0.4575 -0.7757
vn -0.2154 0.9671 -0.1357
vn -0.6054 0.7870 -0.1184
vn -0.1789 0.5062 0.8437
vn 0.1455 0.4154 0.8979
vn 0.6791 -0.0542 0.7320
vn 0.1559 -0.3478 0.9245
vn 0.6403 -0.1792 0.7469
vn 0.8266 0.3461 -0.4438
vn 0.9232 0.3739 -0.0892
vn 0.8735 0.4574 -0.1667
vn 0.1018 -0.7432 -0.6613
vn 0.1003 -0.7410 -0.6640
vn 0.1007 -0.7415 -0.6633
vn -0.2792 -0.3800 -0.8818
vn -0.7715 0.5220 0.3638
vn -0.9166 0.2828 0.2827
vn -0.9163 0.2841 0.2823
vn -0.9175 0.2780 0.2843
vn -0.8598 0.5106 0.0119
vn -0.8239 0.4976 0.2711
vn -0.8831 0.4691 -0.0091
vn -0.1367 0.1520 0.9789
vn 0.0034 0.9621 -0.2726
vn 0.0302 0.0971 0.9948
vn -0.0528 0.0133 0.9985
vn 0.9999 -0.0100 -0.0015
vn 0.5351 -0.8099 0.2404
vn 0.1020 -0.7436 -0.6607
vn 0.5236 -0.4415 -0.7287
vn 0.3227 -0.9249 -0.2010
vn -0.5867 -0.3098 -0.7482
vn -0.6862 0.5101 0.5186
vn 0.2082 -0.2177 0.9536
vn 0.0043 -0.9987 -0.0502
vn -0.9224 0.2807 0.2655
vn 0.5157 0.6814 -0.5194
vn 0.4709 0.8073 -0.3557
vn 0.3846 0.8725 -0.3014
vn 0.7729 0.6019 -0.2007
vn -0.1020 0.8998 -0.4241
vn 0.3573 0.6597 0.6612
vn 0.4017 0.9097 0.1050
vn 0.0498 0.8713 -0.4883
vn -0.5003 0.7787 -0.3786
vn -0.2649 0.9432 -0.2004
vn -0.0313 0.9476 0.3180
vn 0.9164 -0.1980 -0.3478
vn -0.0175 0.7303 0.6829
vn 0.9212 0.0154 -0.3889
vn 0.6939 0.5352 -0.4817
vn 0.9331 0.0631 -0.3540
vn 0.7716 0.5796 -0.2619
vn 0.8575 0.3126 -0.4087
vn -0.0520 0.4525 -0.8903
vn -0.1147 -0.7270 -0.6770
vn -0.9699 0.1354 0.2022
vn -0.8265 0.3447 -0.4451
vn -0.9178 0.2768 0.2847
vn -0.1492 0.1659 0.9748
vn 0.0069 0.2918 0.9565
vn -0.0639 0.2986 0.9522
vn 0.9888 -0.1460 -0.0303
vn 0.7536 0.3664 -0.5457
vn -0.5765 0.1965 -0.7931
vn -0.4902 -0.5327 -0.6899
vn -0.3460 -0.9301 -0.1233
vn -0.8973 0.0951 0.4311
vt 0.932006 0.646048
vt 0.957313 0.646048
vt 0.955153 0.646049
vt 0.941710 0.646048
vt 0.963025 0.646048
vt 0.975366 0.646048
vt 0.951749 0.646048
vt 0.972459 0.825689
vt 0.963112 0.862283
vt 0.967915 0.968122
vt 0.979668 0.763837
vt 0.974843 0.895647
vt 0.976626 0.712874
vt 0.973794 0.915713
vt 0.973542 0.760317
vt 0.955388 0.874653
vt 0.951465 0.826697
vt 0.961036 0.794088
vt 0.952244 0.871590
vt 0.933027 0.823544
vt 0.947862 0.789972
vt 0.929138 0.758789
vt 0.937520 0.829017
vt 0.932119 0.769800
vt 0.939676 0.768232
vt 0.964747 0.907915
vt 0.962993 0.956084
vt 0.953702 0.834149
vt 0.971844 0.862287
vt 0.965116 0.801546
vt 0.970850 0.688167
vt 0.962179 0.724441
vt 0.954179 0.726278
vt 0.931347 0.646048
vt 0.930653 0.725085
vt 0.934539 0.734832
vt 0.929516 0.667980
vt 0.945146 0.710325
vt 0.935417 0.687922
vt 0.950860 0.739855
vt 0.963070 0.646049
vt 0.970577 0.749083
vt 0.967056 0.646048
vt 0.973174 0.646048
vt 0.937331 0.646048
vt 0.939274 0.683519
vt 0.945089 0.646048
vt 0.945069 0.646049
vt 0.942745 0.773120
vt 0.948041 0.727372
vt 0.974386 0.519603
vt 0.945685 0.519603
vt 0.925981 0.519603
vt 0.947209 0.519603
vt 0.978327 0.519603
vt 0.972716 0.818401
vt 0.965257 0.818402
vt 0.960184 0.868851
vt 0.979802 0.703589
vt 0.959690 0.703590
vt 0.943786 0.855985
vt 0.928676 0.703589
vt 0.940372 0.703589
vt 0.967238 0.703589
s 1
usemtl Material.005
f 1663/1259/1762 1646/1260/1762 1634/1261/1762
f 1646/1260/1762 1663/1259/1762 1662/1262/1762
f 1657/1263/1762 1665/1264/1762 1658/1265/1762
f 1669/1266/1763 1671/1267/1763 1643/1268/1763
f 1653/1269/1764 1668/1270/1764 1642/1271/1764
f 1652/1272/1765 1643/1268/1765 1668/1270/1765
f 1653/1269/1766 1669/1266/1766 1668/1270/1766
f 1633/1273/1767 1669/1266/1767 1653/1269/1767
f 1671/1267/1768 1670/1274/1768 1643/1268/1768
f 1644/1275/1769 1671/1267/1769 1641/1276/1769
f 1671/1267/1770 1644/1275/1770 1670/1274/1770
f 1651/1277/1771 1672/1278/1771 1673/1279/1771
f 1648/1280/1772 1672/1278/1772 1667/1281/1772
f 1640/1282/1773 1672/1278/1773 1648/1280/1773
f 1673/1279/1774 1672/1278/1774 1639/1283/1774
f 1666/1284/1775 1674/1285/1775 1637/1286/1775
f 1675/1287/1776 1666/1284/1776 1680/1288/1776
f 1668/1270/1777 1675/1287/1777 1642/1271/1777
f 1650/1289/1778 1653/1269/1778 1665/1264/1778
f 1665/1264/1779 1653/1269/1779 1642/1271/1779
f 1650/1289/1780 1633/1273/1780 1653/1269/1780
f 1641/1276/1781 1676/1290/1781 1677/1291/1781
f 1676/1290/1782 1669/1266/1782 1633/1273/1782
f 1676/1290/1783 1641/1276/1783 1669/1266/1783
f 1664/1292/1784 1678/1293/1784 1638/1294/1784
f 1678/1293/1785 1635/1295/1785 1648/1280/1785
f 1639/1283/1786 1679/1296/1786 1673/1279/1786
f 1679/1296/1787 1639/1283/1787 1682/1297/1787
f 1673/1279/1788 1679/1296/1788 1647/1298/1788
f 1637/1286/1789 1647/1298/1789 1680/1288/1789
f 1673/1279/1790 1647/1298/1790 1637/1286/1790
f 1680/1288/1791 1660/1299/1791 1681/1300/1791
f 1651/1277/1792 1670/1274/1792 1667/1281/1792 1672/1278/1792
f 1681/1300/1793 1656/1301/1793 1661/1302/1793
f 1642/1271/1794 1681/1300/1794 1661/1302/1794
f 1633/1273/1795 1650/1289/1796 1676/1290/1797
f 1657/1263/1798 1650/1289/1798 1665/1264/1798
f 1638/1294/1799 1659/1303/1799 1664/1292/1799
f 1638/1294/1800 1649/1304/1800 1659/1303/1800
f 1659/1303/1801 1649/1304/1801 1636/1305/1801
f 1682/1297/1802 1648/1280/1802 1635/1295/1802
f 1634/1261/1803 1655/1306/1803 1663/1259/1803
f 1660/1299/1804 1647/1298/1804 1634/1261/1804
f 1642/1271/1805 1661/1302/1805 1665/1264/1805
f 1662/1262/1762 1663/1259/1762 1664/1292/1762
f 1658/1265/1762 1665/1264/1762 1656/1301/1762
f 1646/1260/1762 1658/1265/1762 1656/1301/1762
f 1635/1295/1806 1664/1292/1806 1663/1259/1806
f 1659/1303/1762 1636/1305/1762 1658/1265/1762
f 1680/1288/1807 1666/1284/1807 1637/1286/1807
f 1638/1294/1808 1667/1281/1809 1645/1307/1808
f 1645/1307/1810 1667/1281/1810 1644/1275/1810
f 1670/1274/1811 1644/1275/1811 1667/1281/1811
f 1669/1266/1812 1641/1276/1812 1671/1267/1812
f 1651/1277/1813 1674/1285/1813 1643/1268/1813
f 1668/1270/1814 1669/1266/1814 1652/1272/1814
f 1643/1268/1815 1652/1272/1815 1669/1266/1815
f 1643/1268/1816 1670/1274/1816 1651/1277/1816
f 1651/1277/1817 1673/1279/1817 1637/1286/1817 1674/1285/1817
f 1640/1282/1818 1639/1283/1818 1672/1278/1818
f 1666/1284/1819 1668/1270/1819 1643/1268/1819 1674/1285/1819
f 1676/1290/1820 1657/1263/1820 1658/1265/1820 1677/1291/1820
f 1666/1284/1821 1675/1287/1821 1668/1270/1821
f 1658/1265/1822 1636/1305/1822 1654/1308/1822 1677/1291/1822
f 1644/1275/1823 1641/1276/1823 1677/1291/1823 1654/1308/1823
f 1636/1305/1824 1649/1304/1824 1654/1308/1824
f 1644/1275/1825 1654/1308/1825 1645/1307/1825
f 1645/1307/1826 1654/1308/1826 1649/1304/1826
f 1678/1293/1827 1648/1280/1827 1667/1281/1827 1638/1294/1827
f 1635/1295/1828 1678/1293/1828 1664/1292/1828
f 1655/1306/1829 1634/1261/1829 1647/1298/1829 1679/1296/1829
f 1682/1297/1830 1639/1283/1830 1640/1282/1830
f 1655/1306/1831 1679/1296/1831 1682/1297/1831
f 1681/1300/1832 1660/1299/1832 1656/1301/1832
f 1675/1287/1833 1681/1300/1833 1642/1271/1833
f 1680/1288/1834 1681/1300/1834 1675/1287/1834
f 1657/1263/1835 1676/1290/1797 1650/1289/1796
f 1645/1307/1808 1649/1304/1836 1638/1294/1808
f 1663/1259/1837 1682/1297/1837 1635/1295/1837
f 1640/1282/1838 1648/1280/1838 1682/1297/1838
f 1682/1297/1839 1663/1259/1839 1655/1306/1839
f 1680/1288/1840 1647/1298/1840 1660/1299/1840
f 1660/1299/1841 1634/1261/1841 1656/1301/1841
f 1656/1301/1762 1665/1264/1762 1661/1302/1762
f 1662/1262/1762 1658/1265/1762 1646/1260/1762
f 1659/1303/1762 1658/1265/1762 1662/1262/1762
f 1664/1292/1762 1659/1303/1762 1662/1262/1762
f 1656/1301/1762 1634/1261/1762 1646/1260/1762
f 1685/1309/1762 1687/1310/1762 1686/1311/1762
f 1685/1309/1762 1686/1311/1762 1688/1312/1762
f 1685/1309/1762 1688/1312/1762 1684/1313/1762
f 1694/1314/1842 1696/1315/1842 1683/1316/1842
f 1694/1314/1843 1693/1317/1843 1696/1315/1843
f 1693/1317/1844 1692/1318/1844 1696/1315/1844
f 1696/1315/1845 1695/1319/1845 1683/1316/1845
f 1696/1315/1846 1692/1318/1846 1695/1319/1846
f 1692/1318/1847 1691/1320/1847 1695/1319/1847
f 1691/1320/1848 1690/1321/1849 1695/1319/1850
f 1695/1319/1850 1690/1321/1849 1683/1316/1851
f 1690/1321/1852 1689/1322/1852 1683/1316/1852
f 1683/1316/1853 1689/1322/1853 1694/1314/1853
f 1689/1322/1854 1693/1317/1854 1694/1314/1854
f 1684/1313/1855 1692/1318/1855 1693/1317/1855
f 1688/1312/1856 1691/1320/1856 1692/1318/1856
f 1686/1311/1857 1690/1321/1857 1691/1320/1857
f 1687/1310/1858 1689/1322/1858 1690/1321/1858
f 1685/1309/1859 1693/1317/1859 1689/1322/1859
f 1684/1313/1860 1688/1312/1860 1692/1318/1860
f 1688/1312/1861 1686/1311/1861 1691/1320/1861
f 1686/1311/1862 1687/1310/1862 1690/1321/1862
f 1687/1310/1863 1685/1309/1863 1689/1322/1863
f 1685/1309/1864 1684/1313/1864 1693/1317/1864
f 1727/1259/1762 1710/1260/1762 1698/1261/1762
f 1710/1260/1762 1727/1259/1762 1726/1262/1762
f 1721/1263/1762 1729/1264/1762 1722/1265/1762
f 1733/1266/1865 1735/1267/1865 1707/1268/1865
f 1717/1269/1866 1732/1270/1866 1706/1271/1866
f 1716/1272/1867 1707/1268/1867 1732/1270/1867
f 1717/1269/1868 1733/1266/1868 1732/1270/1868
f 1697/1273/1869 1733/1266/1869 1717/1269/1869
f 1735/1267/1870 1734/1274/1870 1707/1268/1870
f 1708/1275/1871 1735/1267/1871 1705/1276/1871
f 1735/1267/1872 1708/1275/1872 1734/1274/1872
f 1715/1277/1873 1736/1278/1873 1737/1279/1873
f 1712/1280/1874 1736/1278/1874 1731/1281/1874
f 1704/1282/1875 1736/1278/1875 1712/1280/1875
f 1737/1279/1876 1736/1278/1876 1703/1283/1876
f 1730/1284/1877 1738/1285/1877 1701/1286/1877
f 1739/1287/1878 1730/1284/1878 1744/1288/1878
f 1732/1270/1879 1739/1287/1879 1706/1271/1879
f 1714/1289/1880 1717/1269/1880 1729/1264/1880
f 1729/1264/1881 1717/1269/1881 1706/1271/1881
f 1714/1289/1882 1697/1273/1882 1717/1269/1882
f 1705/1276/1883 1740/1290/1883 1741/1291/1883
f 1740/1290/1884 1733/1266/1884 1697/1273/1884
f 1740/1290/1885 1705/1276/1885 1733/1266/1885
f 1728/1292/1886 1742/1293/1887 1702/1294/1888
f 1742/1293/1889 1699/1295/1889 1712/1280/1889
f 1703/1283/1890 1743/1296/1890 1737/1279/1890
f 1743/1296/1891 1703/1283/1892 1746/1297/1893
f 1737/1279/1894 1743/1296/1894 1711/1298/1894
f 1701/1286/1895 1711/1298/1895 1744/1288/1895
f 1737/1279/1896 1711/1298/1896 1701/1286/1896
f 1744/1288/1897 1724/1299/1897 1745/1300/1897
f 1715/1277/1898 1734/1274/1898 1731/1281/1898 1736/1278/1898
f 1745/1300/1899 1720/1301/1899 1725/1302/1899
f 1706/1271/1900 1745/1300/1900 1725/1302/1900
f 1697/1273/1901 1714/1289/1901 1740/1290/1901
f 1721/1263/1902 1714/1289/1902 1729/1264/1902
f 1702/1294/1888 1723/1303/1903 1728/1292/1886
f 1702/1294/1904 1713/1304/1904 1723/1303/1904
f 1723/1303/1905 1713/1304/1905 1700/1305/1905
f 1746/1297/1906 1712/1280/1906 1699/1295/1906
f 1698/1261/1762 1719/1306/1762 1727/1259/1762
f 1724/1299/1907 1711/1298/1907 1698/1261/1907
f 1706/1271/1908 1725/1302/1908 1729/1264/1908
f 1726/1262/1762 1727/1259/1762 1728/1292/1762
f 1722/1265/1762 1729/1264/1762 1720/1301/1762
f 1710/1260/1762 1722/1265/1762 1720/1301/1762
f 1699/1295/1909 1728/1292/1909 1727/1259/1909
f 1723/1303/1762 1700/1305/1762 1722/1265/1762
f 1744/1288/1910 1730/1284/1910 1701/1286/1910
f 1702/1294/1911 1731/1281/1911 1709/1307/1911
f 1709/1307/1912 1731/1281/1912 1708/1275/1912
f 1734/1274/1913 1708/1275/1913 1731/1281/1913
f 1733/1266/1914 1705/1276/1914 1735/1267/1914
f 1715/1277/1915 1738/1285/1915 1707/1268/1915
f 1732/1270/1916 1733/1266/1916 1716/1272/1916
f 1707/1268/1917 1716/1272/1917 1733/1266/1917
f 1707/1268/1918 1734/1274/1918 1715/1277/1918
f 1715/1277/1919 1737/1279/1919 1701/1286/1919 1738/1285/1919
f 1704/1282/1920 1703/1283/1920 1736/1278/1920
f 1730/1284/1921 1732/1270/1921 1707/1268/1921 1738/1285/1921
f 1740/1290/1922 1721/1263/1922 1722/1265/1922 1741/1291/1922
f 1730/1284/1923 1739/1287/1923 1732/1270/1923
f 1722/1265/1924 1700/1305/1924 1718/1308/1924 1741/1291/1924
f 1708/1275/1925 1705/1276/1925 1741/1291/1925 1718/1308/1925
f 1700/1305/1926 1713/1304/1926 1718/1308/1926
f 1708/1275/1927 1718/1308/1927 1709/1307/1927
f 1709/1307/1928 1718/1308/1928 1713/1304/1928
f 1742/1293/1929 1712/1280/1929 1731/1281/1929 1702/1294/1929
f 1699/1295/1930 1742/1293/1930 1728/1292/1930
f 1719/1306/1931 1698/1261/1931 1711/1298/1931 1743/1296/1931
f 1746/1297/1932 1703/1283/1932 1704/1282/1932
f 1719/1306/1933 1743/1296/1891 1746/1297/1893
f 1745/1300/1934 1724/1299/1934 1720/1301/1934
f 1739/1287/1935 1745/1300/1935 1706/1271/1935
f 1744/1288/1936 1745/1300/1936 1739/1287/1936
f 1721/1263/1937 1740/1290/1937 1714/1289/1937
f 1709/1307/1938 1713/1304/1938 1702/1294/1938
f 1727/1259/1939 1746/1297/1939 1699/1295/1939
f 1704/1282/1940 1712/1280/1940 1746/1297/1940
f 1746/1297/1941 1727/1259/1941 1719/1306/1941
f 1744/1288/1942 1711/1298/1942 1724/1299/1942
f 1724/1299/1762 1698/1261/1762 1720/1301/1762
f 1720/1301/1762 1729/1264/1762 1725/1302/1762
f 1726/1262/1762 1722/1265/1762 1710/1260/1762
f 1723/1303/1762 1722/1265/1762 1726/1262/1762
f 1728/1292/1762 1723/1303/1762 1726/1262/1762
f 1720/1301/1762 1698/1261/1762 1710/1260/1762
o Mushroom_big_group_brown.001
v 2.735627 0.145767 0.049064
v 2.744489 0.143988 0.040448
v 2.712672 0.150122 0.044790
v 2.723474 0.148110 0.050723
v 2.709531 0.150499 0.021249
v 2.707346 0.151034 0.033532
v 2.764574 0.190093 0.009712
v 2.756723 0.192446 0.059403
v 2.706987 0.192446 0.067319
v 2.684098 0.190093 0.022520
v 2.719689 0.188638 -0.013084
v 2.726210 0.217188 0.027889
v 2.709685 0.163724 0.031660
v 2.711344 0.163724 0.021136
v 2.724025 0.163724 0.045978
v 2.714529 0.163724 0.041149
v 2.742073 0.163724 0.036765
v 2.734545 0.163724 0.044304
v 2.738888 0.163724 0.016752
v 2.743732 0.163724 0.026241
v 2.718871 0.163724 0.013597
v 2.729392 0.163724 0.011923
v 2.734046 0.167110 -0.017046
v 2.704812 0.167110 -0.012393
v 2.773882 0.169348 0.022685
v 2.760428 0.167965 -0.003647
v 2.748348 0.171587 0.072820
v 2.769268 0.170732 0.051893
v 2.692731 0.170732 0.064074
v 2.719114 0.171587 0.077472
v 2.683892 0.167965 0.008534
v 2.679277 0.169348 0.037742
v 2.744862 0.192880 -0.007286
v 2.766630 0.195118 0.035320
v 2.732782 0.196501 0.069180
v 2.690094 0.195118 0.047501
v 2.697560 0.192880 0.000242
v 2.748695 0.209661 0.016797
v 2.722312 0.208806 0.003398
v 2.744080 0.211045 0.046004
v 2.714846 0.211045 0.050657
v 2.701393 0.209661 0.024325
v 2.741347 0.144366 0.016907
v 2.746674 0.143453 0.028165
v 2.718392 0.148721 0.012633
v 2.730545 0.146378 0.010975
v 2.721694 0.121776 0.051906
v 2.730550 0.119623 0.043249
v 2.698615 0.127091 0.047467
v 2.709496 0.124629 0.053517
v 2.695337 0.127592 0.023671
v 2.693207 0.128223 0.036067
v 2.727273 0.120123 0.019453
v 2.732681 0.118991 0.030853
v 2.704193 0.125439 0.015014
v 2.716391 0.122586 0.013403
v 2.705111 0.102492 0.046295
v 2.710667 0.102492 0.040732
v 2.690338 0.102492 0.043967
v 2.697347 0.102492 0.047531
v 2.687988 0.102492 0.029197
v 2.686764 0.102492 0.036964
v 2.708316 0.102492 0.025962
v 2.711891 0.102492 0.032965
v 2.693543 0.102492 0.023634
v 2.701308 0.102492 0.022398
v 2.699939 0.102492 0.031081
v 2.698700 0.102492 0.038944
v 2.651993 0.178215 0.133284
v 2.668109 0.180055 0.117290
v 2.609211 0.180055 0.126663
v 2.629497 0.178215 0.136864
v 2.602466 0.186011 0.084278
v 2.598887 0.183033 0.106577
v 2.704502 0.262297 0.066557
v 2.690180 0.266590 0.157205
v 2.599450 0.266590 0.171645
v 2.557695 0.262297 0.089921
v 2.622621 0.259643 0.024973
v 2.634516 0.311725 0.099716
v 2.604371 0.214193 0.106595
v 2.607397 0.214193 0.087398
v 2.630530 0.214193 0.132715
v 2.613207 0.214193 0.123905
v 2.663455 0.214193 0.115908
v 2.649723 0.214193 0.129660
v 2.657644 0.214193 0.079401
v 2.666480 0.214193 0.096710
v 2.621129 0.214193 0.073645
v 2.640321 0.214193 0.070590
v 2.648811 0.220371 0.017744
v 2.595481 0.220371 0.026232
v 2.721482 0.224454 0.090223
v 2.696939 0.221931 0.042186
v 2.674902 0.228537 0.181681
v 2.713065 0.226978 0.143505
v 2.573443 0.226978 0.165726
v 2.621572 0.228537 0.190168
v 2.557318 0.221931 0.064407
v 2.548901 0.224454 0.117690
v 2.668542 0.267381 0.035548
v 2.708252 0.271464 0.113272
v 2.646505 0.273988 0.175041
v 2.568632 0.271464 0.135493
v 2.582252 0.267381 0.049281
v 2.675534 0.297994 0.079481
v 2.627406 0.296435 0.055039
v 2.667116 0.300518 0.132763
v 2.613787 0.300518 0.141250
v 2.589244 0.297994 0.093215
v 2.661363 0.186011 0.074904
v 2.671688 0.183033 0.094990
v 2.618582 0.187852 0.068283
v 2.641078 0.187852 0.064703
v 2.665611 0.130742 0.117105
v 2.682043 0.133827 0.101016
v 2.622470 0.133827 0.110498
v 2.642856 0.130742 0.120726
v 2.616076 0.143810 0.067911
v 2.612241 0.138818 0.090324
v 2.675649 0.143810 0.058430
v 2.685877 0.138818 0.078605
v 2.632510 0.146895 0.051820
v 2.655265 0.146895 0.048199
v 2.678951 0.102492 0.080695
v 2.689085 0.102492 0.070545
v 2.652001 0.102492 0.076447
v 2.664786 0.102492 0.082949
v 2.647713 0.102492 0.049504
v 2.645480 0.102492 0.063672
v 2.684797 0.102492 0.043602
v 2.691319 0.102492 0.056377
v 2.657848 0.102492 0.039354
v 2.672012 0.102492 0.037100
v 2.669516 0.102492 0.052940
v 2.667255 0.102492 0.067283
v 2.673323 0.173960 -0.000148
v 2.686485 0.172112 -0.013149
v 2.638415 0.172112 -0.005498
v 2.654963 0.173960 0.002774
v 2.632937 0.166131 -0.039920
v 2.630002 0.169122 -0.021806
v 2.715638 0.232919 -0.058005
v 2.703950 0.236423 0.015979
v 2.629899 0.236423 0.027765
v 2.595821 0.232919 -0.038935
v 2.648810 0.230753 -0.091944
v 2.658519 0.273260 -0.030941
v 2.633915 0.193658 -0.025327
v 2.636385 0.193658 -0.040995
v 2.655265 0.193658 -0.004009
v 2.641127 0.193658 -0.011199
v 2.682137 0.193658 -0.017726
v 2.670930 0.193658 -0.006502
v 2.677395 0.193658 -0.047522
v 2.684607 0.193658 -0.033394
v 2.647593 0.193658 -0.052219
v 2.663257 0.193658 -0.054712
v 2.670186 0.198700 -0.097844
v 2.626660 0.198700 -0.090916
v 2.729497 0.202033 -0.038689
v 2.709466 0.199973 -0.077895
v 2.691480 0.205365 0.035955
v 2.722627 0.204092 0.004798
v 2.608674 0.204092 0.022934
v 2.647954 0.205365 0.042883
v 2.595513 0.199973 -0.059759
v 2.588643 0.202033 -0.016272
v 2.686290 0.237068 -0.083313
v 2.718700 0.240401 -0.019877
v 2.668303 0.242460 0.030537
v 2.604747 0.240401 -0.001741
v 2.615863 0.237068 -0.072104
v 2.691996 0.262054 -0.047456
v 2.652716 0.260781 -0.067405
v 2.685126 0.264113 -0.003970
v 2.641600 0.264113 0.002958
v 2.621570 0.262054 -0.036247
v 2.681007 0.166131 -0.047571
v 2.689420 0.169122 -0.031263
v 2.646098 0.164283 -0.052921
v 2.664459 0.164283 -0.055844
v 2.676907 0.138980 0.021692
v 2.690226 0.136903 0.008579
v 2.641605 0.136903 0.016317
v 2.658336 0.138980 0.024647
v 2.636083 0.130181 -0.018379
v 2.633105 0.133542 -0.000118
v 2.684704 0.130181 -0.026117
v 2.693203 0.133542 -0.009683
v 2.649401 0.128104 -0.031492
v 2.667972 0.128104 -0.034448
v 2.674766 0.102492 0.030823
v 2.683038 0.102492 0.022539
v 2.652771 0.102492 0.027356
v 2.663206 0.102492 0.032663
v 2.649271 0.102492 0.005366
v 2.647449 0.102492 0.016930
v 2.679538 0.102492 0.000549
v 2.684860 0.102492 0.010976
v 2.657543 0.102492 -0.002918
v 2.669104 0.102492 -0.004757
v 2.667066 0.102492 0.008171
v 2.665221 0.102492 0.019877
vn 0.6311 -0.7649 0.1290
vn -0.1748 -0.2816 -0.9435
vn -0.4704 0.0265 0.8821
vn -0.6976 0.0509 -0.7147
vn 0.0879 -0.3246 0.9417
vn 0.4958 -0.6299 0.5978
vn 0.3172 -0.5910 -0.7417
vn 0.5740 -0.7510 -0.3264
vn -0.8686 0.2314 0.4382
vn -0.9567 0.2385 -0.1666
vn -0.1370 -0.0187 -0.9904
vn 0.4047 -0.3263 -0.8543
vn 0.1403 0.0350 0.9895
vn -0.6271 0.3112 -0.7141
vn -0.3998 0.3411 0.8508
vn 0.5513 0.6408 -0.5343
vn 0.6448 0.6841 0.3411
vn -0.1599 0.6953 0.7007
vn -0.7506 0.6590 0.0476
vn -0.3111 0.6253 -0.7157
vn -0.2417 0.9292 -0.2796
vn -0.4356 0.7696 -0.4669
vn -0.6899 0.6408 -0.3367
vn -0.3024 0.9474 0.1047
vn -0.5469 0.8029 0.2372
vn -0.5070 0.6841 0.5244
vn 0.0447 0.9587 0.2810
vn 0.0892 0.8235 0.5602
vn 0.3695 0.6953 0.6165
vn 0.3200 0.9474 0.0057
vn 0.5935 0.8029 0.0557
vn 0.7283 0.6590 -0.1878
vn 0.1430 0.9292 -0.3408
vn 0.2692 0.7696 -0.5791
vn 0.0735 0.6253 -0.7769
vn -0.4534 0.2863 -0.8441
vn -0.6964 0.1483 -0.7022
vn -0.8322 0.3018 -0.4651
vn -0.9305 0.3312 0.1567
vn -0.8764 0.2023 0.4371
vn -0.6868 0.3563 0.6335
vn -0.1252 0.3745 0.9188
vn 0.1527 0.2356 0.9598
vn 0.4042 0.3745 0.8345
vn 0.8496 0.3563 0.3890
vn 0.9688 0.2023 0.1435
vn 0.9331 0.3312 -0.1399
vn 0.6467 0.3018 -0.7005
vn 0.4440 0.1483 -0.8837
vn 0.1690 0.2863 -0.9431
vn -0.9809 0.1104 -0.1602
vn 0.7708 -0.4882 -0.4093
vn 0.8631 -0.4743 0.1734
vn -0.4509 0.1649 0.8772
vn -0.8456 0.5054 -0.1717
vn -0.7575 0.5120 0.4050
vn 0.7009 0.1649 0.6939
vn 0.6365 -0.2832 0.7174
vn -0.9753 0.1434 -0.1677
vn 0.8827 0.1104 -0.4568
vn 0.1673 0.2711 0.9479
vn -0.1396 0.0556 -0.9887
vn -0.1567 0.0767 -0.9847
vn -0.4275 0.2818 0.8590
vn 0.9750 0.1531 0.1607
vn -0.6956 0.0780 -0.7142
vn 0.6970 0.2177 0.6832
vn 0.4725 0.0655 -0.8789
vn -0.8697 0.2303 0.4365
vn 0.8952 0.0992 -0.4345
vn -0.1689 -0.9856 0.0076
vn -0.0894 -0.9711 0.2215
vn -0.1087 -0.9909 -0.0789
vn 0.1555 -0.9704 0.1846
vn -0.1680 -0.9780 0.1236
vn 0.0394 -0.9680 0.2478
vn 0.1663 -0.9850 -0.0469
vn 0.2020 -0.9772 0.0659
vn -0.0190 -0.9927 -0.1191
vn 0.0798 -0.9906 -0.1107
vn -0.0000 -1.0000 -0.0000
vn 0.9842 0.0492 0.1700
vn -0.1545 0.1844 -0.9706
vn -0.3114 -0.8290 0.4646
vn -0.6777 -0.1950 -0.7091
vn 0.1007 -0.7679 0.6327
vn 0.6513 -0.4571 0.6057
vn 0.4446 0.3797 -0.8113
vn 0.8570 0.3441 -0.3835
vn -0.6215 -0.7571 0.2013
vn -0.8067 -0.5526 -0.2092
vn -0.1486 0.3249 -0.9340
vn 0.4428 0.4574 -0.7711
vn 0.1509 -0.2798 0.9481
vn -0.7048 0.0461 -0.7079
vn -0.4494 -0.4026 0.7975
vn 0.8426 0.4103 -0.3489
vn 0.9540 0.2250 0.1983
vn -0.9545 -0.2231 -0.1980
vn -0.8522 -0.3798 0.3599
vn 0.7044 -0.0383 0.7087
vn -0.9736 0.1784 -0.1422
vn 0.1562 0.1087 0.9817
vn -0.1536 0.2113 -0.9653
vn -0.4433 0.1193 0.8884
vn 0.9752 0.1464 0.1657
vn -0.6975 0.2026 -0.6873
vn 0.6972 0.1193 0.7069
vn 0.4497 0.2026 -0.8699
vn -0.8756 0.1464 0.4603
vn 0.8814 0.1784 -0.4374
vn 0.9750 -0.1400 0.1727
vn -0.1030 -0.7551 -0.6475
vn -0.4528 0.1345 0.8814
vn -0.5426 -0.6889 -0.4806
vn 0.1529 0.2315 0.9608
vn 0.7040 0.1345 0.6973
vn 0.3666 -0.6889 -0.6253
vn 0.8064 -0.4722 -0.3559
vn -0.8732 -0.1400 0.4668
vn -0.8771 -0.4722 -0.0880
vn -0.1348 -0.5141 -0.8471
vn 0.4438 -0.4245 -0.7892
vn 0.1328 0.5347 0.8346
vn -0.6669 -0.4245 -0.6124
vn -0.4414 0.4441 0.7797
vn 0.8890 -0.1641 -0.4274
vn 0.9752 0.1813 0.1269
vn -0.9778 -0.1641 -0.1303
vn -0.8876 0.1813 0.4233
vn 0.6616 0.4441 0.6042
vn -0.9781 0.1235 -0.1674
vn 0.1489 0.3199 0.9357
vn -0.1571 0.0316 -0.9871
vn -0.4446 0.2891 0.8478
vn 0.9677 0.2122 0.1360
vn -0.7017 0.0563 -0.7102
vn 0.6858 0.2891 0.6679
vn 0.4466 0.0563 -0.8930
vn -0.8777 0.2122 0.4297
vn 0.8778 0.1235 -0.4628
vt 0.853740 0.660574
vt 0.847372 0.660574
vt 0.850122 0.527714
vt 0.854087 0.527714
vt 0.864044 0.660574
vt 0.860501 0.527714
vt 0.843436 0.660574
vt 0.847672 0.527714
vt 0.860108 0.660574
vt 0.858051 0.527714
vt 0.853966 0.527714
vt 0.864122 0.809297
vt 0.860231 0.809297
vt 0.843748 0.809297
vt 0.847639 0.809297
vt 0.658852 0.731562
vt 0.671329 0.766386
vt 0.655400 0.910494
vt 0.628555 0.731562
vt 0.642514 0.766386
vt 0.637592 0.910494
vt 0.624706 0.766386
vt 0.642514 0.766386
vt 0.677577 0.731559
vt 0.666407 0.910493
vt 0.650478 0.976732
vt 0.679293 0.533209
vt 0.668287 0.533209
vt 0.650478 0.533209
vt 0.632670 0.533209
vt 0.621664 0.533209
vt 0.632670 0.533209
vt 0.650478 0.533209
vt 0.668287 0.533209
vt 0.853935 0.809297
vt 0.854954 0.912991
vt 0.860325 0.912991
vt 0.846263 0.912991
vt 0.863645 0.912991
vt 0.849582 0.912991
vt 0.854055 0.952674
vt 0.868980 0.952674
vt 0.829905 0.952674
vt 0.839129 0.952674
vt 0.878204 0.952674
vt 0.856069 0.527714
vt 0.852056 0.527714
s 1
usemtl Material.016
f 1800/1323/1943 1794/1324/1943 1804/1325/1943 1810/1326/1943
f 1801/1327/1944 1802/1327/1944 1812/1328/1944 1811/1328/1944
f 1796/1329/1945 1795/1324/1945 1805/1325/1945 1806/1330/1945
f 1797/1331/1946 1801/1327/1946 1811/1328/1946 1807/1332/1946
f 1793/1329/1947 1796/1329/1947 1806/1330/1947 1803/1330/1947
f 1794/1324/1948 1793/1329/1948 1803/1330/1948 1804/1325/1948
f 1802/1327/1949 1799/1331/1949 1809/1332/1949 1812/1328/1949
f 1799/1331/1950 1800/1323/1950 1810/1326/1950 1809/1332/1950
f 1795/1324/1951 1798/1323/1951 1808/1333/1951 1805/1325/1951
f 1798/1323/1952 1797/1331/1952 1807/1332/1952 1808/1326/1952
f 1791/1334/1953 1792/1334/1953 1802/1327/1953 1801/1327/1953
f 1792/1334/1954 1789/1335/1954 1799/1331/1954 1802/1327/1954
f 1747/1336/1955 1750/1336/1955 1796/1329/1955 1793/1329/1955
f 1751/1335/1956 1791/1334/1956 1801/1327/1956 1797/1331/1956
f 1750/1336/1957 1749/1337/1957 1795/1324/1957 1796/1329/1957
f 1753/1338/1958 1779/1339/1958 1784/1340/1958
f 1754/1341/1959 1780/1342/1959 1786/1343/1959
f 1755/1341/1960 1781/1344/1960 1787/1343/1960
f 1756/1338/1961 1782/1345/1961 1788/1340/1961
f 1757/1346/1962 1783/1339/1962 1785/1347/1962
f 1785/1347/1963 1788/1340/1963 1758/1348/1963
f 1785/1347/1964 1783/1339/1964 1788/1340/1964
f 1783/1339/1965 1756/1338/1965 1788/1340/1965
f 1788/1340/1966 1787/1343/1966 1758/1348/1966
f 1788/1340/1967 1782/1345/1967 1787/1343/1967
f 1782/1345/1968 1755/1341/1968 1787/1343/1968
f 1787/1343/1969 1786/1343/1969 1758/1348/1969
f 1787/1343/1970 1781/1344/1970 1786/1343/1970
f 1781/1344/1971 1754/1341/1971 1786/1343/1971
f 1786/1343/1972 1784/1340/1972 1758/1348/1972
f 1786/1343/1973 1780/1342/1973 1784/1340/1973
f 1780/1342/1974 1753/1338/1974 1784/1340/1974
f 1784/1340/1975 1785/1347/1975 1758/1348/1975
f 1784/1340/1976 1779/1339/1976 1785/1347/1976
f 1779/1339/1977 1757/1346/1977 1785/1347/1977
f 1770/1349/1978 1783/1339/1978 1757/1346/1978
f 1770/1349/1979 1777/1350/1979 1783/1339/1979
f 1777/1350/1980 1756/1338/1980 1783/1339/1980
f 1778/1351/1981 1782/1345/1981 1756/1338/1981
f 1778/1351/1982 1775/1352/1982 1782/1345/1982
f 1775/1352/1983 1755/1341/1983 1782/1345/1983
f 1776/1353/1984 1781/1344/1984 1755/1341/1984
f 1776/1353/1985 1773/1353/1985 1781/1344/1985
f 1773/1353/1986 1754/1341/1986 1781/1344/1986
f 1774/1354/1987 1780/1342/1987 1754/1341/1987
f 1774/1354/1988 1771/1355/1988 1780/1342/1988
f 1771/1355/1989 1753/1338/1989 1780/1342/1989
f 1772/1356/1990 1779/1339/1990 1753/1338/1990
f 1772/1356/1991 1769/1349/1991 1779/1339/1991
f 1769/1349/1992 1757/1346/1992 1779/1339/1992
f 1777/1350/1993 1778/1351/1993 1756/1338/1993
f 1789/1335/1994 1790/1357/1994 1800/1323/1994 1799/1331/1994
f 1790/1357/1995 1748/1337/1995 1794/1324/1995 1800/1323/1995
f 1775/1352/1996 1776/1353/1996 1755/1341/1996
f 1752/1357/1997 1751/1335/1997 1797/1331/1997 1798/1323/1997
f 1749/1337/1998 1752/1357/1998 1798/1323/1998 1795/1324/1998
f 1773/1353/1999 1774/1354/1999 1754/1341/1999
f 1748/1337/2000 1747/1336/2000 1793/1329/2000 1794/1324/2000
f 1759/1358/2001 1760/1359/2001 1751/1335/2001 1752/1357/2001
f 1771/1355/2002 1772/1356/2002 1753/1338/2002
f 1764/1360/2003 1761/1360/2003 1750/1336/2003 1747/1336/2003
f 1767/1361/2004 1768/1361/2004 1792/1334/2004 1791/1334/2004
f 1769/1349/2005 1770/1349/2005 1757/1346/2005
f 1761/1360/2006 1762/1362/2006 1749/1337/2006 1750/1336/2006
f 1766/1358/2007 1763/1362/2007 1748/1337/2007 1790/1357/2007
f 1760/1359/2008 1767/1361/2008 1791/1334/2008 1751/1335/2008
f 1763/1362/2009 1764/1360/2009 1747/1336/2009 1748/1337/2009
f 1768/1361/2010 1765/1359/2010 1789/1335/2010 1792/1334/2010
f 1762/1362/2011 1759/1358/2011 1752/1357/2011 1749/1337/2011
f 1765/1359/2012 1766/1358/2012 1790/1357/2012 1789/1335/2012
f 1778/1363/2013 1777/1364/2013 1760/1359/2013 1759/1358/2013
f 1776/1365/2014 1775/1366/2014 1762/1362/2014 1761/1360/2014
f 1777/1364/2015 1770/1367/2015 1767/1361/2015 1760/1359/2015
f 1774/1366/2016 1773/1365/2016 1764/1360/2016 1763/1362/2016
f 1775/1366/2017 1778/1363/2017 1759/1358/2017 1762/1362/2017
f 1773/1365/2018 1776/1365/2018 1761/1360/2018 1764/1360/2018
f 1772/1364/2019 1771/1363/2019 1766/1358/2019 1765/1359/2019
f 1771/1363/2020 1774/1366/2020 1763/1362/2020 1766/1358/2020
f 1770/1367/2021 1769/1367/2021 1768/1361/2021 1767/1361/2021
f 1769/1367/2022 1772/1364/2022 1765/1359/2022 1768/1361/2022
f 1812/1328/2023 1809/1332/2023 1810/1326/2023 1813/1368/2023
f 1806/1330/2023 1805/1325/2023 1808/1333/2023 1814/1369/2023
f 1813/1368/2023 1810/1326/2023 1804/1325/2023 1814/1369/2023
f 1813/1368/2023 1807/1332/2023 1811/1328/2023 1812/1328/2023
f 1814/1369/2023 1808/1326/2023 1807/1332/2023 1813/1368/2023
f 1814/1369/2023 1804/1325/2023 1803/1330/2023 1806/1330/2023
f 1868/1323/2024 1862/1324/2024 1872/1325/2024 1878/1326/2024
f 1869/1327/2025 1870/1327/2025 1880/1328/2025 1879/1328/2025
f 1864/1329/2026 1863/1324/2026 1873/1325/2026 1874/1330/2026
f 1865/1331/2027 1869/1327/2027 1879/1328/2027 1875/1332/2027
f 1861/1329/2028 1864/1329/2028 1874/1330/2028 1871/1330/2028
f 1862/1324/2029 1861/1329/2029 1871/1330/2029 1872/1325/2029
f 1870/1327/2030 1867/1331/2030 1877/1332/2030 1880/1328/2030
f 1867/1331/2031 1868/1323/2031 1878/1326/2031 1877/1332/2031
f 1863/1324/2032 1866/1323/2032 1876/1333/2032 1873/1325/2032
f 1866/1323/2033 1865/1331/2033 1875/1332/2033 1876/1326/2033
f 1859/1334/2034 1860/1334/2034 1870/1327/2034 1869/1327/2034
f 1860/1334/2035 1857/1335/2035 1867/1331/2035 1870/1327/2035
f 1815/1336/2036 1818/1336/2036 1864/1329/2036 1861/1329/2036
f 1819/1335/2037 1859/1334/2037 1869/1327/2037 1865/1331/2037
f 1818/1336/2038 1817/1337/2038 1863/1324/2038 1864/1329/2038
f 1821/1338/1958 1847/1339/1958 1852/1340/1958
f 1822/1341/1959 1848/1342/1959 1854/1343/1959
f 1823/1341/1960 1849/1344/1960 1855/1343/1960
f 1824/1338/1961 1850/1345/1961 1856/1340/1961
f 1825/1346/1962 1851/1339/1962 1853/1347/1962
f 1853/1347/1963 1856/1340/1963 1826/1348/1963
f 1853/1347/1964 1851/1339/1964 1856/1340/1964
f 1851/1339/1965 1824/1338/1965 1856/1340/1965
f 1856/1340/1966 1855/1343/1966 1826/1348/1966
f 1856/1340/1967 1850/1345/1967 1855/1343/1967
f 1850/1345/1968 1823/1341/1968 1855/1343/1968
f 1855/1343/1969 1854/1343/1969 1826/1348/1969
f 1855/1343/1970 1849/1344/1970 1854/1343/1970
f 1849/1344/1971 1822/1341/1971 1854/1343/1971
f 1854/1343/1972 1852/1340/1972 1826/1348/1972
f 1854/1343/1973 1848/1342/1973 1852/1340/1973
f 1848/1342/1974 1821/1338/1974 1852/1340/1974
f 1852/1340/1975 1853/1347/1975 1826/1348/1975
f 1852/1340/1976 1847/1339/1976 1853/1347/1976
f 1847/1339/1977 1825/1346/1977 1853/1347/1977
f 1838/1349/1978 1851/1339/1978 1825/1346/1978
f 1838/1349/1979 1845/1350/1979 1851/1339/1979
f 1845/1350/1980 1824/1338/1980 1851/1339/1980
f 1846/1351/1981 1850/1345/1981 1824/1338/1981
f 1846/1351/1982 1843/1352/1982 1850/1345/1982
f 1843/1352/1983 1823/1341/1983 1850/1345/1983
f 1844/1353/1984 1849/1344/1984 1823/1341/1984
f 1844/1353/1985 1841/1353/1985 1849/1344/1985
f 1841/1353/1986 1822/1341/1986 1849/1344/1986
f 1842/1354/1987 1848/1342/1987 1822/1341/1987
f 1842/1354/1988 1839/1355/1988 1848/1342/1988
f 1839/1355/1989 1821/1338/1989 1848/1342/1989
f 1840/1356/1990 1847/1339/1990 1821/1338/1990
f 1840/1356/1991 1837/1349/1991 1847/1339/1991
f 1837/1349/1992 1825/1346/1992 1847/1339/1992
f 1845/1350/1993 1846/1351/1993 1824/1338/1993
f 1857/1335/2039 1858/1357/2039 1868/1323/2039 1867/1331/2039
f 1858/1357/2040 1816/1337/2040 1862/1324/2040 1868/1323/2040
f 1843/1352/1996 1844/1353/1996 1823/1341/1996
f 1820/1357/2041 1819/1335/2041 1865/1331/2041 1866/1323/2041
f 1817/1337/2042 1820/1357/2042 1866/1323/2042 1863/1324/2042
f 1841/1353/1999 1842/1354/1999 1822/1341/1999
f 1816/1337/2043 1815/1336/2043 1861/1329/2043 1862/1324/2043
f 1827/1358/2044 1828/1359/2044 1819/1335/2044 1820/1357/2044
f 1839/1355/2002 1840/1356/2002 1821/1338/2002
f 1832/1360/2045 1829/1360/2045 1818/1336/2045 1815/1336/2045
f 1835/1361/2046 1836/1361/2046 1860/1334/2046 1859/1334/2046
f 1837/1349/2005 1838/1349/2005 1825/1346/2005
f 1829/1360/2047 1830/1362/2047 1817/1337/2047 1818/1336/2047
f 1834/1358/2048 1831/1362/2048 1816/1337/2048 1858/1357/2048
f 1828/1359/2049 1835/1361/2049 1859/1334/2049 1819/1335/2049
f 1831/1362/2050 1832/1360/2050 1815/1336/2050 1816/1337/2050
f 1836/1361/2051 1833/1359/2051 1857/1335/2051 1860/1334/2051
f 1830/1362/2052 1827/1358/2052 1820/1357/2052 1817/1337/2052
f 1833/1359/2053 1834/1358/2053 1858/1357/2053 1857/1335/2053
f 1846/1363/2013 1845/1364/2013 1828/1359/2013 1827/1358/2013
f 1844/1365/2014 1843/1366/2014 1830/1362/2014 1829/1360/2014
f 1845/1364/2015 1838/1367/2015 1835/1361/2015 1828/1359/2015
f 1842/1366/2016 1841/1365/2016 1832/1360/2016 1831/1362/2016
f 1843/1366/2017 1846/1363/2017 1827/1358/2017 1830/1362/2017
f 1841/1365/2018 1844/1365/2018 1829/1360/2018 1832/1360/2018
f 1840/1364/2019 1839/1363/2019 1834/1358/2019 1833/1359/2019
f 1839/1363/2020 1842/1366/2020 1831/1362/2020 1834/1358/2020
f 1838/1367/2021 1837/1367/2021 1836/1361/2021 1835/1361/2021
f 1837/1367/2022 1840/1364/2022 1833/1359/2022 1836/1361/2022
f 1880/1328/2023 1877/1332/2023 1878/1326/2023 1881/1368/2023
f 1874/1330/2023 1873/1325/2023 1876/1333/2023 1882/1369/2023
f 1881/1368/2023 1878/1326/2023 1872/1325/2023 1882/1369/2023
f 1881/1368/2023 1875/1332/2023 1879/1328/2023 1880/1328/2023
f 1882/1369/2023 1876/1326/2023 1875/1332/2023 1881/1368/2023
f 1882/1369/2023 1872/1325/2023 1871/1330/2023 1874/1330/2023
f 1936/1323/2054 1930/1324/2054 1940/1325/2054 1946/1326/2054
f 1937/1327/2055 1938/1327/2055 1948/1328/2055 1947/1328/2055
f 1932/1329/2056 1931/1324/2056 1941/1325/2056 1942/1330/2056
f 1933/1331/2057 1937/1327/2057 1947/1328/2057 1943/1332/2057
f 1929/1329/2058 1932/1329/2058 1942/1330/2058 1939/1330/2058
f 1930/1324/2059 1929/1329/2059 1939/1330/2059 1940/1325/2059
f 1938/1327/2060 1935/1331/2060 1945/1332/2060 1948/1328/2060
f 1935/1331/2061 1936/1323/2061 1946/1326/2061 1945/1332/2061
f 1931/1324/2062 1934/1323/2062 1944/1333/2062 1941/1325/2062
f 1934/1323/2063 1933/1331/2063 1943/1332/2063 1944/1326/2063
f 1927/1334/2064 1928/1334/2064 1938/1327/2064 1937/1327/2064
f 1928/1334/2065 1925/1335/2065 1935/1331/2065 1938/1327/2065
f 1883/1336/2066 1886/1336/2066 1932/1329/2066 1929/1329/2066
f 1887/1335/2067 1927/1334/2067 1937/1327/2067 1933/1331/2067
f 1886/1336/2068 1885/1337/2068 1931/1324/2068 1932/1329/2068
f 1889/1338/1958 1915/1339/1958 1920/1340/1958
f 1890/1341/1959 1916/1342/1959 1922/1343/1959
f 1891/1341/1960 1917/1344/1960 1923/1343/1960
f 1892/1338/1961 1918/1345/1961 1924/1340/1961
f 1893/1346/1962 1919/1339/1962 1921/1347/1962
f 1921/1347/1963 1924/1340/1963 1894/1348/1963
f 1921/1347/1964 1919/1339/1964 1924/1340/1964
f 1919/1339/1965 1892/1338/1965 1924/1340/1965
f 1924/1340/1966 1923/1343/1966 1894/1348/1966
f 1924/1340/1967 1918/1345/1967 1923/1343/1967
f 1918/1345/1968 1891/1341/1968 1923/1343/1968
f 1923/1343/1969 1922/1343/1969 1894/1348/1969
f 1923/1343/1970 1917/1344/1970 1922/1343/1970
f 1917/1344/1971 1890/1341/1971 1922/1343/1971
f 1922/1343/1972 1920/1340/1972 1894/1348/1972
f 1922/1343/1973 1916/1342/1973 1920/1340/1973
f 1916/1342/1974 1889/1338/1974 1920/1340/1974
f 1920/1340/1975 1921/1347/1975 1894/1348/1975
f 1920/1340/1976 1915/1339/1976 1921/1347/1976
f 1915/1339/1977 1893/1346/1977 1921/1347/1977
f 1906/1349/1978 1919/1339/1978 1893/1346/1978
f 1906/1349/1979 1913/1350/1979 1919/1339/1979
f 1913/1350/1980 1892/1338/1980 1919/1339/1980
f 1914/1351/1981 1918/1345/1981 1892/1338/1981
f 1914/1351/1982 1911/1352/1982 1918/1345/1982
f 1911/1352/1983 1891/1341/1983 1918/1345/1983
f 1912/1353/1984 1917/1344/1984 1891/1341/1984
f 1912/1353/1985 1909/1353/1985 1917/1344/1985
f 1909/1353/1986 1890/1341/1986 1917/1344/1986
f 1910/1354/1987 1916/1342/1987 1890/1341/1987
f 1910/1354/1988 1907/1355/1988 1916/1342/1988
f 1907/1355/1989 1889/1338/1989 1916/1342/1989
f 1908/1356/1990 1915/1339/1990 1889/1338/1990
f 1908/1356/1991 1905/1349/1991 1915/1339/1991
f 1905/1349/1992 1893/1346/1992 1915/1339/1992
f 1913/1350/1993 1914/1351/1993 1892/1338/1993
f 1925/1335/2069 1926/1357/2069 1936/1323/2069 1935/1331/2069
f 1926/1357/2070 1884/1337/2070 1930/1324/2070 1936/1323/2070
f 1911/1352/1996 1912/1353/1996 1891/1341/1996
f 1888/1357/2071 1887/1335/2071 1933/1331/2071 1934/1323/2071
f 1885/1337/2072 1888/1357/2072 1934/1323/2072 1931/1324/2072
f 1909/1353/1999 1910/1354/1999 1890/1341/1999
f 1884/1337/2073 1883/1336/2073 1929/1329/2073 1930/1324/2073
f 1895/1358/2074 1896/1359/2074 1887/1335/2074 1888/1357/2074
f 1907/1355/2002 1908/1356/2002 1889/1338/2002
f 1900/1360/2075 1897/1360/2075 1886/1336/2075 1883/1336/2075
f 1903/1361/2076 1904/1361/2076 1928/1334/2076 1927/1334/2076
f 1905/1349/2005 1906/1349/2005 1893/1346/2005
f 1897/1360/2077 1898/1362/2077 1885/1337/2077 1886/1336/2077
f 1902/1358/2078 1899/1362/2078 1884/1337/2078 1926/1357/2078
f 1896/1359/2079 1903/1361/2079 1927/1334/2079 1887/1335/2079
f 1899/1362/2080 1900/1360/2080 1883/1336/2080 1884/1337/2080
f 1904/1361/2081 1901/1359/2081 1925/1335/2081 1928/1334/2081
f 1898/1362/2082 1895/1358/2082 1888/1357/2082 1885/1337/2082
f 1901/1359/2083 1902/1358/2083 1926/1357/2083 1925/1335/2083
f 1914/1363/2013 1913/1364/2013 1896/1359/2013 1895/1358/2013
f 1912/1365/2014 1911/1366/2014 1898/1362/2014 1897/1360/2014
f 1913/1364/2015 1906/1367/2015 1903/1361/2015 1896/1359/2015
f 1910/1366/2016 1909/1365/2016 1900/1360/2016 1899/1362/2016
f 1911/1366/2017 1914/1363/2017 1895/1358/2017 1898/1362/2017
f 1909/1365/2018 1912/1365/2018 1897/1360/2018 1900/1360/2018
f 1908/1364/2019 1907/1363/2019 1902/1358/2019 1901/1359/2019
f 1907/1363/2020 1910/1366/2020 1899/1362/2020 1902/1358/2020
f 1906/1367/2021 1905/1367/2021 1904/1361/2021 1903/1361/2021
f 1905/1367/2022 1908/1364/2022 1901/1359/2022 1904/1361/2022
f 1948/1328/2023 1945/1332/2023 1946/1326/2023 1949/1368/2023
f 1942/1330/2023 1941/1325/2023 1944/1333/2023 1950/1369/2023
f 1949/1368/2023 1946/1326/2023 1940/1325/2023 1950/1369/2023
f 1949/1368/2023 1943/1332/2023 1947/1328/2023 1948/1328/2023
f 1950/1369/2023 1944/1326/2023 1943/1332/2023 1949/1368/2023
f 1950/1369/2023 1940/1325/2023 1939/1330/2023 1942/1330/2023
o Mushroom_big_brown.001
v 2.587116 0.129736 -0.629271
v 2.595503 0.129736 -0.617727
v 2.595503 0.129736 -0.655082
v 2.587116 0.129736 -0.643539
v 2.622643 0.129736 -0.655082
v 2.609072 0.129736 -0.659491
v 2.626177 0.178696 -0.590222
v 2.571515 0.181385 -0.608004
v 2.571515 0.181385 -0.665548
v 2.626177 0.178696 -0.683331
v 2.659961 0.177034 -0.636776
v 2.612556 0.209655 -0.636776
v 2.611269 0.148566 -0.656101
v 2.622846 0.148566 -0.652339
v 2.592537 0.148566 -0.642491
v 2.599692 0.148566 -0.652339
v 2.599692 0.148566 -0.620470
v 2.592537 0.148566 -0.630318
v 2.622846 0.148566 -0.620470
v 2.611269 0.148566 -0.616709
v 2.630001 0.148566 -0.642491
v 2.630001 0.148566 -0.630318
v 2.661854 0.152436 -0.619865
v 2.661854 0.152436 -0.653688
v 2.609867 0.154993 -0.582048
v 2.641997 0.153412 -0.592500
v 2.557880 0.157550 -0.619865
v 2.577737 0.156573 -0.592500
v 2.577737 0.156573 -0.681053
v 2.557880 0.157550 -0.653688
v 2.641997 0.153412 -0.681053
v 2.609867 0.154993 -0.691505
v 2.648899 0.181880 -0.609412
v 2.596911 0.184438 -0.592500
v 2.564782 0.186018 -0.636776
v 2.596911 0.184438 -0.681052
v 2.648899 0.181880 -0.664140
v 2.621034 0.201055 -0.609412
v 2.640892 0.200078 -0.636776
v 2.588905 0.202635 -0.619865
v 2.588905 0.202635 -0.653688
v 2.621034 0.201055 -0.664140
v 2.622643 0.129736 -0.617727
v 2.609072 0.129736 -0.613318
v 2.631029 0.129736 -0.643539
v 2.631029 0.129736 -0.629271
v 2.586444 0.102729 -0.629189
v 2.594927 0.102729 -0.617513
v 2.594927 0.102729 -0.655296
v 2.586444 0.102729 -0.643620
v 2.622377 0.102729 -0.655296
v 2.608652 0.102729 -0.659756
v 2.622377 0.102729 -0.617513
v 2.608652 0.102729 -0.613054
v 2.630860 0.102729 -0.643620
v 2.630860 0.102729 -0.629189
v 2.595575 0.078602 -0.631913
v 2.600856 0.078602 -0.624645
v 2.600856 0.078602 -0.648165
v 2.595575 0.078602 -0.640896
v 2.617944 0.078602 -0.648165
v 2.609400 0.078602 -0.650941
v 2.617944 0.078602 -0.624645
v 2.609400 0.078602 -0.621869
v 2.623224 0.078602 -0.640896
v 2.623224 0.078602 -0.631913
v 2.613672 0.078602 -0.635017
v 2.605022 0.078602 -0.637827
vn -0.2910 -0.3363 0.8957
vn 0.9534 -0.3017 -0.0000
vn -0.7581 -0.3491 -0.5508
vn 0.7700 -0.3069 -0.5594
vn -0.9353 -0.3540 -0.0000
vn -0.7581 -0.3491 0.5508
vn 0.7700 -0.3069 0.5594
vn 0.2928 -0.3201 0.9010
vn -0.2910 -0.3363 -0.8957
vn 0.2928 -0.3201 -0.9010
vn 1.0000 -0.0062 -0.0000
vn 0.8090 -0.0033 0.5878
vn -0.9997 0.0249 -0.0000
vn 0.8090 -0.0033 -0.5878
vn -0.8088 0.0219 -0.5876
vn 0.4410 0.6408 0.6284
vn -0.4382 0.6841 0.5831
vn -0.6669 0.6953 -0.2680
vn 0.0710 0.6590 -0.7488
vn 0.7557 0.6253 -0.1947
vn 0.3141 0.9292 -0.1947
vn 0.5296 0.7696 -0.3568
vn 0.4410 0.6408 -0.6284
vn -0.0559 0.9474 -0.3151
vn -0.1483 0.8029 -0.5773
vn -0.4382 0.6841 -0.5831
vn -0.2845 0.9587 -0.0000
vn -0.5673 0.8235 -0.0000
vn -0.6669 0.6953 0.2680
vn -0.0559 0.9474 0.3151
vn -0.1483 0.8029 0.5773
vn 0.0710 0.6590 0.7488
vn 0.3141 0.9292 0.1947
vn 0.5296 0.7696 0.3568
vn 0.7557 0.6253 0.1947
vn 0.9049 0.2863 -0.3151
vn 0.8029 0.1483 -0.5773
vn 0.5901 0.3018 -0.7488
vn -0.0085 0.3312 -0.9435
vn -0.2939 0.2023 -0.9342
vn -0.5177 0.3563 -0.7779
vn -0.8877 0.3745 -0.2680
vn -0.9718 0.2356 -0.0000
vn -0.8877 0.3745 0.2680
vn -0.5177 0.3563 0.7779
vn -0.2939 0.2023 0.9342
vn -0.0085 0.3312 0.9435
vn 0.5901 0.3018 0.7488
vn 0.8029 0.1483 0.5773
vn 0.9049 0.2863 0.3151
vn 0.3124 0.1104 -0.9435
vn 0.3090 0.0045 0.9510
vn -0.3090 0.0141 0.9510
vn -0.7955 0.1649 -0.5831
vn 0.3090 0.0045 -0.9510
vn -0.3090 0.0141 -0.9510
vn -0.7955 0.1649 0.5831
vn -0.8088 0.0219 0.5876
vn 0.3062 0.1340 -0.9425
vn 0.3124 0.1104 0.9435
vn -0.9610 0.2766 -0.0000
vn 0.9985 0.0545 -0.0000
vn 0.9971 0.0767 -0.0000
vn -0.7819 0.2567 -0.5681
vn -0.3026 0.2030 0.9313
vn 0.8066 0.0767 -0.5861
vn -0.7819 0.2567 0.5681
vn 0.8066 0.0767 0.5861
vn -0.3026 0.2030 -0.9313
vn 0.3062 0.1340 0.9425
vn 0.0190 -0.9856 -0.1680
vn -0.2047 -0.9711 -0.1231
vn 0.0950 -0.9909 -0.0950
vn -0.2067 -0.9704 0.1246
vn -0.0956 -0.9780 -0.1853
vn -0.2509 -0.9680 -0.0000
vn 0.0202 -0.9850 0.1716
vn -0.0968 -0.9772 0.1891
vn 0.1206 -0.9927 -0.0000
vn 0.0968 -0.9906 0.0963
vn -0.0000 -1.0000 -0.0000
vt 0.849791 0.647477
vt 0.842560 0.647477
vt 0.845684 0.518834
vt 0.850185 0.518834
vt 0.861491 0.647477
vt 0.857468 0.518834
vt 0.838091 0.647477
vt 0.842902 0.518834
vt 0.857022 0.647477
vt 0.854686 0.518834
vt 0.850048 0.518834
vt 0.861580 0.791479
vt 0.857162 0.791479
vt 0.838445 0.791479
vt 0.842863 0.791479
vt 0.652435 0.725137
vt 0.664081 0.760802
vt 0.649213 0.908386
vt 0.624156 0.725137
vt 0.637185 0.760802
vt 0.632591 0.908386
vt 0.620563 0.760802
vt 0.637185 0.760802
vt 0.669913 0.725135
vt 0.659486 0.908385
vt 0.644619 0.976223
vt 0.671514 0.522000
vt 0.661241 0.522000
vt 0.644619 0.522000
vt 0.627997 0.522000
vt 0.617723 0.522000
vt 0.627997 0.522000
vt 0.644619 0.522000
vt 0.661241 0.522000
vt 0.850012 0.791479
vt 0.851169 0.891881
vt 0.857269 0.891881
vt 0.841301 0.891881
vt 0.861038 0.891881
vt 0.845070 0.891881
vt 0.850148 0.930304
vt 0.867096 0.930304
vt 0.822727 0.930304
vt 0.833201 0.930304
vt 0.877570 0.930304
vt 0.852435 0.518834
vt 0.847879 0.518834
s 1
usemtl Material.015
f 2004/1370/2084 1998/1371/2084 2008/1372/2084 2014/1373/2084
f 2005/1374/2085 2006/1374/2085 2016/1375/2085 2015/1375/2085
f 2000/1376/2086 1999/1371/2086 2009/1372/2086 2010/1377/2086
f 2001/1378/2087 2005/1374/2087 2015/1375/2087 2011/1379/2087
f 1997/1376/2088 2000/1376/2088 2010/1377/2088 2007/1377/2088
f 1998/1371/2089 1997/1376/2089 2007/1377/2089 2008/1372/2089
f 2006/1374/2090 2003/1378/2090 2013/1379/2090 2016/1375/2090
f 2003/1378/2091 2004/1370/2091 2014/1373/2091 2013/1379/2091
f 1999/1371/2092 2002/1370/2092 2012/1380/2092 2009/1372/2092
f 2002/1370/2093 2001/1378/2093 2011/1379/2093 2012/1373/2093
f 1995/1381/2094 1996/1381/2094 2006/1374/2094 2005/1374/2094
f 1996/1381/2095 1993/1382/2095 2003/1378/2095 2006/1374/2095
f 1951/1383/2096 1954/1383/2096 2000/1376/2096 1997/1376/2096
f 1955/1382/2097 1995/1381/2097 2005/1374/2097 2001/1378/2097
f 1954/1383/2098 1953/1384/2098 1999/1371/2098 2000/1376/2098
f 1957/1385/2099 1983/1386/2099 1988/1387/2099
f 1958/1388/2100 1984/1389/2100 1990/1390/2100
f 1959/1388/2101 1985/1391/2101 1991/1390/2101
f 1960/1385/2102 1986/1392/2102 1992/1387/2102
f 1961/1393/2103 1987/1386/2103 1989/1394/2103
f 1989/1394/2104 1992/1387/2104 1962/1395/2104
f 1989/1394/2105 1987/1386/2105 1992/1387/2105
f 1987/1386/2106 1960/1385/2106 1992/1387/2106
f 1992/1387/2107 1991/1390/2107 1962/1395/2107
f 1992/1387/2108 1986/1392/2108 1991/1390/2108
f 1986/1392/2109 1959/1388/2109 1991/1390/2109
f 1991/1390/2110 1990/1390/2110 1962/1395/2110
f 1991/1390/2111 1985/1391/2111 1990/1390/2111
f 1985/1391/2112 1958/1388/2112 1990/1390/2112
f 1990/1390/2113 1988/1387/2113 1962/1395/2113
f 1990/1390/2114 1984/1389/2114 1988/1387/2114
f 1984/1389/2115 1957/1385/2115 1988/1387/2115
f 1988/1387/2116 1989/1394/2116 1962/1395/2116
f 1988/1387/2117 1983/1386/2117 1989/1394/2117
f 1983/1386/2118 1961/1393/2118 1989/1394/2118
f 1974/1396/2119 1987/1386/2119 1961/1393/2119
f 1974/1396/2120 1981/1397/2120 1987/1386/2120
f 1981/1397/2121 1960/1385/2121 1987/1386/2121
f 1982/1398/2122 1986/1392/2122 1960/1385/2122
f 1982/1398/2123 1979/1399/2123 1986/1392/2123
f 1979/1399/2124 1959/1388/2124 1986/1392/2124
f 1980/1400/2125 1985/1391/2125 1959/1388/2125
f 1980/1400/2126 1977/1400/2126 1985/1391/2126
f 1977/1400/2127 1958/1388/2127 1985/1391/2127
f 1978/1401/2128 1984/1389/2128 1958/1388/2128
f 1978/1401/2129 1975/1402/2129 1984/1389/2129
f 1975/1402/2130 1957/1385/2130 1984/1389/2130
f 1976/1403/2131 1983/1386/2131 1957/1385/2131
f 1976/1403/2132 1973/1396/2132 1983/1386/2132
f 1973/1396/2133 1961/1393/2133 1983/1386/2133
f 1981/1397/2134 1982/1398/2134 1960/1385/2134
f 1993/1382/2135 1994/1404/2135 2004/1370/2135 2003/1378/2135
f 1994/1404/2136 1952/1384/2136 1998/1371/2136 2004/1370/2136
f 1979/1399/2137 1980/1400/2137 1959/1388/2137
f 1956/1404/2138 1955/1382/2138 2001/1378/2138 2002/1370/2138
f 1953/1384/2139 1956/1404/2139 2002/1370/2139 1999/1371/2139
f 1977/1400/2140 1978/1401/2140 1958/1388/2140
f 1952/1384/2141 1951/1383/2141 1997/1376/2141 1998/1371/2141
f 1963/1405/2142 1964/1406/2142 1955/1382/2142 1956/1404/2142
f 1975/1402/2143 1976/1403/2143 1957/1385/2143
f 1968/1407/2144 1965/1407/2144 1954/1383/2144 1951/1383/2144
f 1971/1408/2145 1972/1408/2145 1996/1381/2145 1995/1381/2145
f 1973/1396/2146 1974/1396/2146 1961/1393/2146
f 1965/1407/2147 1966/1409/2147 1953/1384/2147 1954/1383/2147
f 1970/1405/2148 1967/1409/2148 1952/1384/2148 1994/1404/2148
f 1964/1406/2149 1971/1408/2149 1995/1381/2149 1955/1382/2149
f 1967/1409/2150 1968/1407/2150 1951/1383/2150 1952/1384/2150
f 1972/1408/2151 1969/1406/2151 1993/1382/2151 1996/1381/2151
f 1966/1409/2152 1963/1405/2152 1956/1404/2152 1953/1384/2152
f 1969/1406/2153 1970/1405/2153 1994/1404/2153 1993/1382/2153
f 1982/1410/2154 1981/1411/2154 1964/1406/2154 1963/1405/2154
f 1980/1412/2155 1979/1413/2155 1966/1409/2155 1965/1407/2155
f 1981/1411/2156 1974/1414/2156 1971/1408/2156 1964/1406/2156
f 1978/1413/2157 1977/1412/2157 1968/1407/2157 1967/1409/2157
f 1979/1413/2158 1982/1410/2158 1963/1405/2158 1966/1409/2158
f 1977/1412/2159 1980/1412/2159 1965/1407/2159 1968/1407/2159
f 1976/1411/2160 1975/1410/2160 1970/1405/2160 1969/1406/2160
f 1975/1410/2161 1978/1413/2161 1967/1409/2161 1970/1405/2161
f 1974/1414/2162 1973/1414/2162 1972/1408/2162 1971/1408/2162
f 1973/1414/2163 1976/1411/2163 1969/1406/2163 1972/1408/2163
f 2016/1375/2164 2013/1379/2164 2014/1373/2164 2017/1415/2164
f 2010/1377/2164 2009/1372/2164 2012/1380/2164 2018/1416/2164
f 2017/1415/2164 2014/1373/2164 2008/1372/2164 2018/1416/2164
f 2017/1415/2164 2011/1379/2164 2015/1375/2164 2016/1375/2164
f 2018/1416/2164 2012/1373/2164 2011/1379/2164 2017/1415/2164
f 2018/1416/2164 2008/1372/2164 2007/1377/2164 2010/1377/2164
o Grass_bush_low_01.001
v 2.380845 0.001699 -3.135419
v 2.531868 0.001699 -2.925033
v 2.422559 0.001699 -3.145334
v 2.550418 0.001699 -2.971522
v 2.301407 0.312448 -2.989633
v 2.268713 0.305969 -2.988976
v 2.371858 0.284874 -2.807444
v 2.388998 0.295367 -2.839159
v 2.086858 0.344686 -2.785089
v 2.068843 0.324837 -2.787769
v 2.127499 0.332332 -2.662091
v 2.136632 0.351245 -2.680714
v 1.719061 0.112533 -2.543597
v 2.755135 0.077194 -3.997869
v 2.605721 0.277828 -3.644850
v 2.602414 0.256469 -3.665706
v 2.724885 0.266900 -3.595435
v 2.708316 0.285697 -3.587111
v 2.489079 0.300676 -3.316800
v 2.484768 0.289993 -3.353247
v 2.677005 0.311470 -3.262537
v 2.650169 0.318066 -3.242835
v 2.413443 0.001699 -3.128256
v 2.401650 0.001699 -3.177831
v 2.650655 0.001699 -3.091149
v 2.585865 0.001699 -3.216356
v 2.337217 0.001699 -3.046126
v 2.596319 0.001699 -3.167574
v 2.390816 0.001699 -3.023342
v 2.447970 0.363272 -3.353993
v 2.448053 0.355734 -3.392042
v 2.234211 0.331189 -3.276760
v 2.270659 0.343398 -3.256000
v 2.271168 0.519301 -3.646882
v 2.274752 0.503446 -3.667769
v 2.127036 0.455738 -3.602791
v 2.148463 0.482137 -3.591685
v 2.039967 0.221794 -4.058024
v 1.416654 0.119077 -3.232537
v 1.864574 0.405157 -3.072263
v 1.840652 0.379659 -3.064637
v 1.901294 0.392429 -3.221186
v 1.914048 0.414737 -3.203203
v 2.189704 0.357178 -3.044342
v 2.147638 0.344476 -3.032741
v 2.219796 0.370012 -3.274955
v 2.247765 0.377854 -3.246944
v 2.456722 0.001699 -2.950044
v 2.501429 0.001699 -3.207381
v 2.400565 0.001699 -2.927296
v 2.457814 0.001699 -3.235513
v 3.510024 0.236551 -3.465118
v 3.030405 0.491470 -3.390737
v 3.042503 0.464935 -3.411799
v 3.101417 0.514811 -3.260451
v 3.080572 0.530294 -3.264962
v 2.703142 0.345589 -3.315798
v 2.725599 0.333302 -3.351544
v 2.832219 0.358005 -3.131522
v 2.793966 0.365591 -3.133258
v 2.464766 0.001699 -3.190095
v 2.600857 0.001699 -2.977199
v 2.490004 0.001699 -3.242997
v 2.650360 0.001699 -2.985590
v 3.533767 0.064919 -2.568427
v 3.085990 0.311762 -2.882369
v 3.109281 0.283425 -2.886352
v 3.032316 0.338500 -2.748368
v 3.022779 0.355620 -2.766794
v 2.779933 0.336245 -3.057423
v 2.820655 0.324280 -3.062740
v 2.721767 0.348323 -2.846420
v 2.699359 0.355703 -2.876179
v 2.570430 0.001699 -3.176718
v 2.495152 0.001699 -2.942718
v 2.625739 0.001699 -3.190585
v 2.532127 0.001699 -2.910802
v 2.734963 0.049988 -2.276043
v 2.651175 0.228251 -2.592999
v 2.663385 0.208715 -2.578192
v 2.535065 0.218852 -2.576732
v 2.544201 0.235937 -2.590893
v 2.586592 0.272206 -2.858230
v 2.606779 0.259010 -2.831676
v 2.414399 0.279963 -2.814043
v 2.426326 0.287980 -2.841850
v 2.607505 0.001699 -3.069144
v 2.412195 0.001699 -3.027733
v 2.639606 0.001699 -3.035760
v 2.404628 0.001699 -2.988789
v 2.359783 0.001699 -3.145013
v 2.618874 0.001699 -3.002413
v 2.397903 0.001699 -3.175741
v 2.634102 0.001699 -3.057452
v 2.294203 0.390228 -2.996974
v 2.260828 0.379078 -2.980223
v 2.456386 0.345605 -2.843826
v 2.458460 0.361905 -2.884941
v 2.198196 0.500602 -2.753096
v 2.178311 0.489817 -2.747001
v 2.300555 0.442556 -2.646302
v 2.300812 0.462432 -2.669987
v 2.076706 0.454243 -2.287147
v 2.584648 0.001699 -3.178854
v 2.439292 0.001699 -2.990744
v 2.604330 0.001699 -3.144771
v 2.485055 0.001699 -2.986644
v 2.437438 0.329485 -3.238108
v 2.428269 0.322852 -3.266690
v 2.295711 0.306715 -3.128272
v 2.328108 0.314753 -3.121531
v 2.278874 0.458424 -3.366421
v 2.276498 0.450776 -3.382970
v 2.181375 0.434548 -3.298357
v 2.200154 0.447240 -3.295217
v 1.906714 0.341555 -3.485257
v 2.623470 0.001699 -2.986006
v 2.586368 0.001699 -2.965092
v 2.416606 0.001699 -3.095938
v 2.692594 0.356670 -3.122301
v 2.723625 0.351061 -3.131900
v 2.575339 0.331278 -3.276898
v 2.567679 0.341148 -3.241917
v 2.772886 0.492455 -3.370361
v 2.790820 0.483567 -3.372746
v 2.700333 0.464514 -3.476630
v 2.696725 0.479278 -3.456344
v 3.022457 0.371565 -3.720967
v 2.400594 0.001699 -2.964113
v 2.598772 0.001699 -3.147790
v 2.384910 0.001699 -3.006009
v 2.548235 0.001699 -3.160954
v 2.555839 0.363659 -2.913695
v 2.560766 0.355024 -2.879935
v 2.735294 0.330946 -3.010297
v 2.700235 0.343812 -3.023921
v 2.717516 0.482252 -2.722712
v 2.717082 0.472828 -2.703714
v 2.839567 0.427325 -2.780765
v 2.819101 0.445498 -2.787800
v 2.997482 0.441320 -2.504776
vn -0.0000 -1.0000 -0.0000
vn -0.1292 -0.9913 0.0241
vn 0.7116 0.5444 -0.4441
vn -0.7229 -0.5327 0.4401
vn 0.8552 0.2905 0.4293
vn -0.1626 0.3847 -0.9086
vn -0.2088 0.7355 0.6445
vn 0.5030 0.6058 0.6164
vn -0.3856 0.7805 -0.4921
vn 0.1536 0.9872 -0.0420
vn -0.6590 0.6494 -0.3795
vn -0.4500 0.8787 0.1594
vn 0.4345 -0.8881 -0.1498
vn -0.1594 -0.8975 0.4111
vn 0.1740 0.8860 -0.4299
vn 0.6546 0.7016 -0.2815
vn -0.0482 0.9944 -0.0942
vn 0.4946 0.8689 -0.0213
vn -0.6550 0.6933 -0.3006
vn -0.5032 0.6424 -0.5781
vn 0.7615 0.2812 0.5840
vn -0.9329 0.3347 0.1331
vn 0.3407 -0.5175 -0.7849
vn -0.3224 0.5262 0.7869
vn 0.0346 -0.9911 0.1288
vn -0.0191 -0.9142 -0.4047
vn 0.4149 0.5774 0.7031
vn -0.4101 -0.5685 -0.7132
vn -0.4419 0.4054 0.8002
vn 0.9417 0.3062 -0.1391
vn -0.7155 0.6675 -0.2062
vn -0.6540 0.5972 0.4643
vn 0.7952 0.5790 -0.1803
vn 0.0362 0.9113 0.4101
vn 0.0386 0.7991 -0.6000
vn -0.4170 0.8315 -0.3672
vn 0.4234 -0.8361 0.3487
vn 0.4858 -0.8661 0.1175
vn -0.5013 0.8559 -0.1268
vn -0.3822 0.7025 -0.6004
vn 0.1297 0.9829 0.1310
vn -0.0052 0.8384 -0.5450
vn -0.0203 0.4773 0.8785
vn -0.5902 0.6826 0.4310
vn 0.5695 0.2947 -0.7673
vn 0.2474 0.4322 0.8672
vn -0.7837 -0.5841 -0.2113
vn 0.7804 0.5921 0.2010
vn -0.0954 -0.9874 -0.1266
vn -0.3605 -0.8351 0.4155
vn 0.3785 0.8311 -0.4075
vn 0.5851 0.8080 0.0696
vn -0.4428 0.8961 0.0315
vn 0.1076 0.5072 0.8551
vn -0.4076 0.6192 -0.6711
vn 0.2469 0.6690 -0.7011
vn 0.1003 0.3399 0.9351
vn -0.7884 0.3875 -0.4779
vn 0.7244 -0.5784 -0.3752
vn -0.7146 0.5871 0.3804
vn 0.4377 -0.8990 -0.0146
vn -0.4966 -0.8653 0.0684
vn 0.5080 0.8600 -0.0485
vn 0.1999 0.7673 0.6094
vn 0.1091 0.9816 -0.1566
vn -0.1603 0.8328 0.5298
vn 0.3955 0.7504 -0.5297
vn 0.6536 0.6017 -0.4591
vn -0.6812 0.2547 0.6864
vn -0.1278 0.4171 -0.8998
vn 0.7757 -0.5397 0.3271
vn -0.7732 0.5498 -0.3160
vn -0.1489 -0.9782 0.1445
vn -0.0754 -0.8900 -0.4497
vn 0.0724 0.8774 0.4743
vn -0.3453 0.7014 0.6235
vn 0.0967 0.9841 0.1488
vn -0.3236 0.8747 0.3608
vn 0.7417 0.6687 -0.0518
vn 0.7979 0.5905 0.1212
vn -0.9465 0.2012 -0.2523
vn 0.7114 0.4777 -0.5155
vn 0.0951 -0.5721 0.8146
vn -0.1061 0.5762 -0.8104
vn -0.1057 -0.9773 -0.1837
vn -0.3890 -0.8954 0.2165
vn 0.4553 0.5117 -0.7286
vn -0.4799 -0.4978 0.7224
vn 0.9156 0.3355 0.2216
vn -0.5634 0.2094 -0.7992
vn 0.7344 0.5159 0.4409
vn 0.7741 0.5405 0.3296
vn -0.5055 0.6950 -0.5113
vn 0.3764 0.9030 -0.2070
vn -0.4858 0.8732 -0.0398
vn 0.2311 0.9604 0.1558
vn -0.2612 -0.9563 -0.1317
vn -0.3202 -0.8347 -0.4480
vn 0.6408 0.5237 0.5613
vn -0.6412 -0.5127 -0.5710
vn -0.1629 0.3305 0.9296
vn 0.8521 0.3059 -0.4247
vn -0.5489 0.6986 0.4590
vn -0.3770 0.5909 0.7132
vn 0.7475 0.5540 -0.3665
vn 0.3152 0.8448 0.4323
vn -0.1578 0.9048 -0.3955
vn -0.2576 0.9569 -0.1344
vn 0.2555 -0.9613 0.1029
vn 0.4549 -0.8363 -0.3060
vn -0.5771 0.4968 0.6482
vn 0.5904 -0.4839 -0.6460
vn -0.9213 0.3402 -0.1884
vn 0.4126 0.2554 0.8744
vn -0.2333 0.7660 -0.5990
vn -0.8856 0.3294 -0.3274
vn 0.3574 0.7691 0.5299
vn -0.4336 0.8476 0.3058
vn 0.4449 0.8956 0.0079
vn 0.1153 0.9615 -0.2495
vn -0.0867 -0.9638 0.2523
vn 0.0837 -0.9024 0.4226
vn -0.5560 0.4768 -0.6809
vn 0.5527 -0.4649 0.6916
vn 0.3224 0.2363 -0.9166
vn -0.8951 0.3445 0.2832
vn 0.6791 0.6026 -0.4191
vn 0.5550 0.6358 -0.5364
vn -0.7551 0.5979 0.2690
vn -0.0849 0.9072 -0.4121
vn -0.2071 0.8783 0.4310
vn 0.2530 0.9565 -0.1453
vn -0.2381 -0.9535 0.1846
vt 0.144028 0.521946
vt 0.148395 0.521946
vt 0.180608 0.521946
vt 0.182545 0.521946
vt 0.149429 0.740087
vt 0.179224 0.724964
vt 0.159502 0.887743
vt 0.140489 0.893429
vt 0.153508 0.744732
vt 0.178470 0.732487
vt 0.158942 0.894219
vt 0.114815 0.974317
vt 0.143017 0.898605
s 1
usemtl Material.003
f 2019/1417/2165 2021/1418/2165 2022/1419/2165 2020/1420/2165
f 2024/1421/2166 2025/1422/2166 2029/1423/2166 2028/1424/2166
f 2022/1419/2167 2021/1418/2167 2023/1425/2167 2026/1426/2167
f 2019/1417/2168 2020/1420/2168 2025/1422/2168 2024/1421/2168
f 2020/1420/2169 2022/1419/2169 2026/1426/2169 2025/1422/2169
f 2021/1418/2170 2019/1417/2170 2024/1421/2170 2023/1425/2170
f 2029/1423/2171 2030/1427/2171 2031/1428/2171
f 2025/1422/2172 2026/1426/2172 2030/1427/2172 2029/1423/2172
f 2023/1425/2173 2024/1421/2173 2028/1424/2173 2027/1429/2173
f 2026/1426/2174 2023/1425/2174 2027/1429/2174 2030/1427/2174
f 2027/1429/2175 2028/1424/2175 2031/1428/2175
f 2030/1427/2176 2027/1429/2176 2031/1428/2176
f 2028/1424/2177 2029/1423/2177 2031/1428/2177
f 2035/1424/2178 2034/1423/2178 2032/1428/2178
f 2033/1427/2179 2036/1429/2179 2032/1428/2179
f 2036/1429/2180 2035/1424/2180 2032/1428/2180
f 2037/1426/2181 2040/1425/2181 2036/1429/2181 2033/1427/2181
f 2040/1425/2182 2039/1421/2182 2035/1424/2182 2036/1429/2182
f 2038/1422/2183 2037/1426/2183 2033/1427/2183 2034/1423/2183
f 2034/1423/2184 2033/1427/2184 2032/1428/2184
f 2112/1418/2185 2043/1417/2185 2039/1421/2185 2040/1425/2185
f 2042/1420/2186 2041/1419/2186 2037/1426/2186 2038/1422/2186
f 2043/1417/2187 2042/1420/2187 2038/1422/2187 2039/1421/2187
f 2041/1419/2188 2112/1418/2188 2040/1425/2188 2037/1426/2188
f 2039/1421/2189 2038/1422/2189 2034/1423/2189 2035/1424/2189
f 2043/1417/2165 2112/1418/2165 2041/1419/2165 2042/1420/2165
f 2044/1417/2165 2046/1418/2165 2047/1419/2165 2045/1420/2165
f 2049/1421/2190 2050/1422/2190 2054/1423/2190 2053/1424/2190
f 2047/1419/2191 2046/1418/2191 2048/1425/2191 2051/1426/2191
f 2044/1417/2192 2045/1420/2192 2050/1422/2192 2049/1421/2192
f 2045/1420/2193 2047/1419/2193 2051/1426/2193 2050/1422/2193
f 2046/1418/2194 2044/1417/2194 2049/1421/2194 2048/1425/2194
f 2054/1423/2195 2055/1427/2195 2056/1428/2195
f 2050/1422/2196 2051/1426/2196 2055/1427/2196 2054/1423/2196
f 2048/1425/2197 2049/1421/2197 2053/1424/2197 2052/1429/2197
f 2051/1426/2198 2048/1425/2198 2052/1429/2198 2055/1427/2198
f 2052/1429/2199 2053/1424/2199 2056/1428/2199
f 2055/1427/2200 2052/1429/2200 2056/1428/2200
f 2053/1424/2201 2054/1423/2201 2056/1428/2201
f 2060/1424/2202 2059/1423/2202 2057/1428/2202
f 2058/1427/2203 2061/1429/2203 2057/1428/2203
f 2061/1429/2204 2060/1424/2204 2057/1428/2204
f 2062/1426/2205 2065/1425/2205 2061/1429/2205 2058/1427/2205
f 2065/1425/2206 2064/1421/2206 2060/1424/2206 2061/1429/2206
f 2063/1422/2207 2062/1426/2207 2058/1427/2207 2059/1423/2207
f 2059/1423/2208 2058/1427/2208 2057/1428/2208
f 2067/1418/2209 2069/1417/2209 2064/1421/2209 2065/1425/2209
f 2068/1420/2210 2066/1419/2210 2062/1426/2210 2063/1422/2210
f 2069/1417/2211 2068/1420/2211 2063/1422/2211 2064/1421/2211
f 2066/1419/2212 2067/1418/2212 2065/1425/2212 2062/1426/2212
f 2064/1421/2213 2063/1422/2213 2059/1423/2213 2060/1424/2213
f 2069/1417/2165 2067/1418/2165 2066/1419/2165 2068/1420/2165
f 2073/1424/2214 2072/1423/2214 2070/1428/2214
f 2071/1427/2215 2074/1429/2215 2070/1428/2215
f 2074/1429/2216 2073/1424/2216 2070/1428/2216
f 2075/1426/2217 2078/1425/2217 2074/1429/2217 2071/1427/2217
f 2078/1425/2218 2077/1421/2218 2073/1424/2218 2074/1429/2218
f 2076/1422/2219 2075/1426/2219 2071/1427/2219 2072/1423/2219
f 2072/1423/2220 2071/1427/2220 2070/1428/2220
f 2080/1418/2221 2082/1417/2221 2077/1421/2221 2078/1425/2221
f 2081/1420/2222 2079/1419/2222 2075/1426/2222 2076/1422/2222
f 2082/1417/2223 2081/1420/2223 2076/1422/2223 2077/1421/2223
f 2079/1419/2224 2080/1418/2224 2078/1425/2224 2075/1426/2224
f 2077/1421/2225 2076/1422/2225 2072/1423/2225 2073/1424/2225
f 2082/1417/2165 2080/1418/2165 2079/1419/2165 2081/1420/2165
f 2086/1424/2226 2085/1423/2226 2083/1428/2226
f 2084/1427/2227 2087/1429/2227 2083/1428/2227
f 2087/1429/2228 2086/1424/2228 2083/1428/2228
f 2088/1426/2229 2091/1425/2229 2087/1429/2229 2084/1427/2229
f 2091/1425/2230 2090/1421/2230 2086/1424/2230 2087/1429/2230
f 2089/1422/2231 2088/1426/2231 2084/1427/2231 2085/1423/2231
f 2085/1423/2232 2084/1427/2232 2083/1428/2232
f 2093/1418/2233 2095/1417/2233 2090/1421/2233 2091/1425/2233
f 2094/1420/2234 2092/1419/2234 2088/1426/2234 2089/1422/2234
f 2095/1417/2235 2094/1420/2235 2089/1422/2235 2090/1421/2235
f 2092/1419/2236 2093/1418/2236 2091/1425/2236 2088/1426/2236
f 2090/1421/2237 2089/1422/2237 2085/1423/2237 2086/1424/2237
f 2095/1417/2165 2093/1418/2165 2092/1419/2165 2094/1420/2165
f 2099/1424/2238 2098/1423/2238 2096/1428/2238
f 2097/1427/2239 2100/1429/2239 2096/1428/2239
f 2100/1429/2240 2099/1424/2240 2096/1428/2240
f 2101/1426/2241 2104/1425/2241 2100/1429/2241 2097/1427/2241
f 2104/1425/2242 2103/1421/2242 2099/1424/2242 2100/1429/2242
f 2102/1422/2243 2101/1426/2243 2097/1427/2243 2098/1423/2243
f 2098/1423/2244 2097/1427/2244 2096/1428/2244
f 2106/1418/2245 2108/1417/2245 2103/1421/2245 2104/1425/2245
f 2107/1420/2246 2105/1419/2246 2101/1426/2246 2102/1422/2246
f 2108/1417/2247 2107/1420/2247 2102/1422/2247 2103/1421/2247
f 2105/1419/2248 2106/1418/2248 2104/1425/2248 2101/1426/2248
f 2103/1421/2249 2102/1422/2249 2098/1423/2249 2099/1424/2249
f 2108/1417/2165 2106/1418/2165 2105/1419/2165 2107/1420/2165
f 2109/1417/2165 2111/1418/2165 2112/1419/2165 2110/1420/2165
f 2114/1421/2250 2115/1422/2250 2119/1423/2250 2118/1424/2250
f 2112/1419/2251 2111/1418/2251 2113/1425/2251 2116/1426/2251
f 2109/1417/2252 2110/1420/2252 2115/1422/2252 2114/1421/2252
f 2110/1420/2253 2112/1419/2253 2116/1426/2253 2115/1422/2253
f 2111/1418/2254 2109/1417/2254 2114/1421/2254 2113/1425/2254
f 2119/1423/2255 2120/1427/2255 2121/1428/2255
f 2115/1422/2256 2116/1426/2256 2120/1427/2256 2119/1423/2256
f 2113/1425/2257 2114/1421/2257 2118/1424/2257 2117/1429/2257
f 2116/1426/2258 2113/1425/2258 2117/1429/2258 2120/1427/2258
f 2117/1429/2259 2118/1424/2259 2121/1428/2259
f 2120/1427/2260 2117/1429/2260 2121/1428/2260
f 2118/1424/2261 2119/1423/2261 2121/1428/2261
f 2122/1417/2165 2124/1418/2165 2125/1419/2165 2123/1420/2165
f 2127/1421/2262 2128/1422/2262 2132/1423/2262 2131/1424/2262
f 2125/1419/2263 2124/1418/2263 2126/1425/2263 2129/1426/2263
f 2122/1417/2264 2123/1420/2264 2128/1422/2264 2127/1421/2264
f 2123/1420/2265 2125/1419/2265 2129/1426/2265 2128/1422/2265
f 2124/1418/2266 2122/1417/2266 2127/1421/2266 2126/1425/2266
f 2132/1423/2267 2133/1427/2267 2134/1428/2267
f 2128/1422/2268 2129/1426/2268 2133/1427/2268 2132/1423/2268
f 2126/1425/2269 2127/1421/2269 2131/1424/2269 2130/1429/2269
f 2129/1426/2270 2126/1425/2270 2130/1429/2270 2133/1427/2270
f 2130/1429/2271 2131/1424/2271 2134/1428/2271
f 2133/1427/2272 2130/1429/2272 2134/1428/2272
f 2131/1424/2273 2132/1423/2273 2134/1428/2273
f 2135/1417/2165 2136/1418/2165 2137/1419/2165 2021/1420/2165
f 2139/1421/2274 2140/1422/2274 2144/1423/2274 2143/1424/2274
f 2137/1419/2275 2136/1418/2275 2138/1425/2275 2141/1426/2275
f 2135/1417/2276 2021/1420/2276 2140/1422/2276 2139/1421/2276
f 2021/1420/2277 2137/1419/2277 2141/1426/2277 2140/1422/2277
f 2136/1418/2278 2135/1417/2278 2139/1421/2278 2138/1425/2278
f 2144/1423/2279 2145/1427/2279 2146/1428/2279
f 2140/1422/2280 2141/1426/2280 2145/1427/2280 2144/1423/2280
f 2138/1425/2281 2139/1421/2281 2143/1424/2281 2142/1429/2281
f 2141/1426/2282 2138/1425/2282 2142/1429/2282 2145/1427/2282
f 2142/1429/2283 2143/1424/2283 2146/1428/2283
f 2145/1427/2284 2142/1429/2284 2146/1428/2284
f 2143/1424/2285 2144/1423/2285 2146/1428/2285
f 2147/1417/2165 2149/1418/2165 2150/1419/2165 2148/1420/2165
f 2152/1421/2286 2153/1422/2286 2157/1423/2286 2156/1424/2286
f 2150/1419/2287 2149/1418/2287 2151/1425/2287 2154/1426/2287
f 2147/1417/2288 2148/1420/2288 2153/1422/2288 2152/1421/2288
f 2148/1420/2289 2150/1419/2289 2154/1426/2289 2153/1422/2289
f 2149/1418/2290 2147/1417/2290 2152/1421/2290 2151/1425/2290
f 2157/1423/2291 2158/1427/2291 2159/1428/2291
f 2153/1422/2292 2154/1426/2292 2158/1427/2292 2157/1423/2292
f 2151/1425/2293 2152/1421/2293 2156/1424/2293 2155/1429/2293
f 2154/1426/2294 2151/1425/2294 2155/1429/2294 2158/1427/2294
f 2155/1429/2295 2156/1424/2295 2159/1428/2295
f 2158/1427/2296 2155/1429/2296 2159/1428/2296
f 2156/1424/2297 2157/1423/2297 2159/1428/2297
o Stone_average_01_mossy.003
v 2.490766 0.141821 -2.871225
v 2.476252 0.080409 -2.586942
v 2.296302 0.092195 -2.704183
v 2.350574 0.080409 -2.913015
v 2.460194 0.171494 -2.601242
v 2.295192 0.128124 -2.817101
v 2.408067 0.159767 -2.915603
v 2.583146 0.108910 -2.739302
v 2.472041 0.226323 -2.770594
v 2.350467 0.175671 -2.877375
v 2.321425 0.148702 -2.866351
v 2.467804 0.080409 -2.742881
v 2.445766 0.129997 -2.568361
v 2.306446 0.141000 -2.697422
v 2.316891 0.100547 -2.879145
v 2.495221 0.103045 -2.879639
v 2.426561 0.219470 -2.739441
v 2.501313 0.205294 -2.781700
v 2.558343 0.135970 -2.776678
v 2.348212 0.124115 -2.916964
v 2.402277 0.080409 -2.570896
v 2.569388 0.080409 -2.649782
v 2.456182 0.080409 -2.910885
v 2.385652 0.080409 -2.926274
v 2.311095 0.080409 -2.852644
v 2.543464 0.080409 -2.615342
v 2.587073 0.080409 -2.718468
v 2.357774 0.080409 -2.753550
v 2.322303 0.080409 -2.651967
v 2.288720 0.080409 -2.762257
v 2.549225 0.080409 -2.812762
v 2.517192 0.194400 -2.662575
v 2.319992 0.178479 -2.785911
v 2.541955 0.189249 -2.737105
v 2.472581 0.175762 -2.865930
v 2.400564 0.218873 -2.814098
v 2.411098 0.191414 -2.882448
v 2.331266 0.175802 -2.713167
v 2.424814 0.154546 -2.578721
v 2.478678 0.221933 -2.715711
v 2.430166 0.122540 -2.926354
v 2.380514 0.123527 -2.930687
v 2.290721 0.122886 -2.758889
v 2.541280 0.151799 -2.636518
v 2.577049 0.124349 -2.680326
v 2.350415 0.102913 -2.601270
v 2.430855 0.122868 -2.928416
v 2.492200 0.142800 -2.872575
v 2.379374 0.147235 -2.586243
v 2.338900 0.148115 -2.637107
v 2.408766 0.160851 -2.917384
v 2.473725 0.177123 -2.867224
v 2.560159 0.136800 -2.777599
v 2.585130 0.109704 -2.739818
v 2.543516 0.190779 -2.737345
v 2.472302 0.228503 -2.770713
v 2.319480 0.149418 -2.867088
v 2.314919 0.100965 -2.880022
v 2.557645 0.173208 -2.697558
v 2.542638 0.153089 -2.635365
v 2.461084 0.172626 -2.599579
v 2.304706 0.142231 -2.696881
v 2.318423 0.180018 -2.785834
v 2.479391 0.224007 -2.715553
v 2.426065 0.221605 -2.739261
v 2.411766 0.193127 -2.883654
v 2.329908 0.177474 -2.712724
v 2.424740 0.155834 -2.576940
v 2.518436 0.196031 -2.661784
v 2.551015 0.080778 -2.813984
v 2.385451 0.080074 -2.928438
v 2.349760 0.080143 -2.915041
v 2.347399 0.123850 -2.918990
v 2.287093 0.079014 -2.761761
v 2.294598 0.090924 -2.703621
v 2.406621 0.115071 -2.561651
v 2.348839 0.102608 -2.599768
v 2.401756 0.079881 -2.568825
v 2.446262 0.130398 -2.566256
v 2.476983 0.080092 -2.584892
v 2.544315 0.080177 -2.613327
v 2.320379 0.080246 -2.650913
v 2.293266 0.129113 -2.817485
v 2.400300 0.221040 -2.814369
v 2.380339 0.123450 -2.932878
v 2.288790 0.123936 -2.758821
v 2.496783 0.102719 -2.881153
v 2.457270 0.080292 -2.912792
v 2.578988 0.125333 -2.679996
vn -0.0000 -1.0000 -0.0000
vn 0.5273 0.8300 -0.1819
vn -0.2403 0.7131 -0.6587
vn -0.2617 0.8809 -0.3943
vn -0.3074 0.8835 0.3535
vn 0.0480 -0.9903 0.1301
vn -0.7313 0.2210 0.6453
vn 0.0794 0.9074 0.4127
vn 0.3910 -0.9142 -0.1067
vn 0.2023 0.9710 0.1277
vn -0.6133 0.7336 -0.2927
vn -0.0215 -0.9942 0.1055
vn 0.8010 0.2134 -0.5593
vn 0.3664 -0.9117 0.1858
vn 0.3610 -0.9267 -0.1040
vn -0.5769 0.7263 -0.3737
vn -0.9960 0.0526 -0.0718
vn -0.9652 0.1735 0.1958
vn 0.4079 -0.8722 0.2701
vn 0.6872 0.6186 -0.3808
vn -0.9455 0.2738 -0.1764
vn -0.4496 -0.8189 0.3569
vn 0.4213 0.1961 -0.8855
vn 0.8151 0.1875 0.5481
vn 0.2756 -0.0231 0.9610
vn 0.9684 0.0045 0.2493
vn 0.9828 0.1760 0.0555
vn 0.6124 0.2342 -0.7551
vn -0.8040 0.5929 0.0440
vn -0.9607 -0.1430 -0.2378
vn -0.9523 -0.1036 -0.2870
vn -0.7547 -0.4322 -0.4935
vn -0.8837 0.1211 0.4521
vn -0.9844 0.0369 -0.1722
vn 0.9185 -0.1429 -0.3687
vn 0.3848 0.9085 -0.1632
vn -0.0480 -0.9922 -0.1152
vn 0.2204 -0.7365 0.6395
vn -0.7082 0.6579 -0.2562
vn -0.4923 0.8494 -0.1901
vn -0.4570 -0.8822 -0.1136
vn -0.0413 -0.9792 -0.1985
vn 0.7015 0.5631 -0.4367
vn 0.4167 0.8041 -0.4241
vn 0.9373 -0.3036 0.1709
vn -0.2064 0.9077 0.3653
vn 0.3820 -0.8910 0.2452
vn 0.1216 -0.9850 -0.1224
vn -0.3732 -0.9071 -0.1946
vn -0.2537 0.9549 -0.1544
vn 0.3087 -0.2403 -0.9203
vn -0.3267 0.5770 -0.7485
vn -0.7347 -0.1003 -0.6710
vn -0.6613 0.4748 -0.5807
vn -0.8142 0.2195 -0.5375
vn -0.6311 0.7298 0.2629
vn -0.9918 0.0371 0.1220
vn -0.4077 -0.0522 0.9116
vn -0.3796 0.9198 0.0993
vn -0.2468 -0.1720 -0.9537
vn 0.7696 0.2685 0.5793
vn -0.6373 0.7671 -0.0737
vn -0.4001 -0.8804 0.2546
vn 0.5550 0.7821 -0.2835
vn 0.3108 -0.9086 -0.2791
vn -0.0174 0.9969 -0.0768
vn -0.9271 -0.0163 0.3744
vn 0.0445 -0.9982 -0.0397
vn 0.5217 0.2572 0.8134
vn 0.3321 0.8346 -0.4394
vn 0.8592 0.4485 -0.2462
vn 0.7117 0.5476 -0.4400
vn 0.7314 0.4706 -0.4936
vn 0.1185 0.9277 -0.3541
vn -0.7735 0.6174 0.1430
vn -0.6905 0.6428 0.3317
vn -0.2385 0.9193 0.3130
vn 0.6951 0.6179 0.3676
vn 0.8827 0.4565 -0.1118
vn 0.7923 0.2361 -0.5626
vn 0.8722 0.1583 -0.4629
vn 0.0869 0.3242 -0.9420
vn 0.5397 0.4055 -0.7377
vn 0.4564 0.4825 -0.7476
vn -0.2595 0.4382 0.8606
vn -0.5662 0.1413 0.8121
vn -0.0324 0.3636 0.9310
vn 0.4470 0.4522 0.7718
vn 0.2469 0.5454 0.8010
vn -0.4001 0.9095 0.1127
vn 0.6937 -0.2957 -0.6567
vn 0.3871 -0.1031 0.9163
vn -0.7299 -0.6450 0.2263
vn 0.4326 0.6366 0.6384
vn -0.8171 0.5359 -0.2125
vn 0.3472 0.6620 -0.6643
vn -0.0855 0.9921 0.0919
vn -0.1241 0.9917 0.0351
vn -0.4466 0.8149 0.3695
vn 0.4753 0.8777 0.0603
vn 0.1594 -0.1686 -0.9727
vn 0.5910 0.7943 0.1409
vn -0.3675 -0.1204 -0.9222
vn -0.8775 0.4786 0.0312
vn 0.2021 -0.2265 0.9528
vn -0.7373 0.3250 0.5923
vn -0.5333 -0.0976 0.8403
vn 0.9148 0.4036 -0.0115
vn 0.8009 0.4856 0.3503
vn 0.5963 0.0767 -0.7991
vn -0.8980 0.1904 -0.3966
vn -0.8868 0.0933 0.4527
vn -0.8589 0.1995 0.4717
vn -0.5828 -0.5739 0.5753
vt 0.927341 0.515579
vt 0.954879 0.515579
vt 0.956478 0.515579
vt 0.934054 0.515579
vt 0.952680 0.515578
vt 0.970289 0.515579
vt 0.939331 0.515578
vt 0.961221 0.903481
vt 0.955681 0.968797
vt 0.968913 0.853643
vt 0.932672 0.811468
vt 0.944147 0.860368
vt 0.943573 0.762071
vt 0.942153 0.945658
vt 0.947073 0.947511
vt 0.929037 0.811876
vt 0.946743 0.745855
vt 0.240797 0.528424
vt 0.233435 0.528424
vt 0.233264 0.527638
vt 0.240754 0.527434
vt 0.260320 0.947590
vt 0.268403 0.866041
vt 0.268664 0.870873
vt 0.260470 0.953733
vt 0.964226 0.869641
vt 0.956937 0.955161
vt 0.953439 0.798496
vt 0.262857 0.710315
vt 0.250139 0.653208
vt 0.250283 0.654179
vt 0.263158 0.713214
vt 0.263792 0.595468
vt 0.264120 0.594501
vt 0.256441 0.798201
vt 0.256628 0.801553
vt 0.255599 0.528424
vt 0.255827 0.528077
vt 0.960068 0.585889
vt 0.959225 0.706329
vt 0.972015 0.688155
vt 0.282245 0.612839
vt 0.275126 0.528424
vt 0.275501 0.529518
vt 0.282661 0.615189
vt 0.220453 0.528424
vt 0.227501 0.528424
vt 0.227098 0.527941
vt 0.220112 0.524294
vt 0.249015 0.748004
vt 0.249000 0.751819
vt 0.920985 0.515579
vt 0.921364 0.647516
vt 0.922210 0.663787
vt 0.922420 0.552189
vt 0.924340 0.703779
vt 0.280965 0.658566
vt 0.281372 0.661479
vt 0.229383 0.810960
vt 0.229098 0.815911
vt 0.245501 0.763468
vt 0.246137 0.857199
vt 0.246277 0.862274
vt 0.245648 0.766677
vt 0.220873 0.654234
vt 0.224174 0.707883
vt 0.223809 0.711529
vt 0.220468 0.657344
vt 0.227317 0.730695
vt 0.226366 0.588069
vt 0.225952 0.589308
vt 0.226909 0.732815
vt 0.968786 0.737322
vt 0.969199 0.515579
vt 0.975555 0.652058
vt 0.249382 0.940295
vt 0.249278 0.946618
vt 0.974105 0.515579
vt 0.977452 0.515579
vt 0.976709 0.604105
vt 0.947756 0.646440
vt 0.239718 0.656132
vt 0.239682 0.655904
vt 0.925220 0.515578
vt 0.926317 0.578129
vt 0.932692 0.515578
vt 0.932662 0.585479
vt 0.942477 0.515579
vt 0.243926 0.938528
vt 0.243871 0.944944
vt 0.273917 0.528424
vt 0.253413 0.675295
vt 0.253517 0.676483
vt 0.274095 0.527738
vt 0.259811 0.528424
vt 0.259964 0.527484
vt 0.273458 0.739868
vt 0.273743 0.743688
vt 0.927175 0.727702
vt 0.926904 0.820192
vt 0.221812 0.669748
vt 0.221407 0.672677
vt 0.244286 0.528424
vt 0.244176 0.526863
vt 0.955783 0.811751
vt 0.258927 0.960592
vt 0.259040 0.810839
vt 0.259280 0.814870
vt 0.258982 0.967050
vt 0.233401 0.595078
vt 0.233071 0.594174
vt 0.277039 0.692984
vt 0.277420 0.695443
vt 0.273600 0.850787
vt 0.273928 0.855319
vt 0.938358 0.649507
vt 0.932245 0.651332
vt 0.222045 0.563333
vt 0.221687 0.559567
vt 0.227017 0.818889
vt 0.226687 0.823446
vt 0.232939 0.657872
vt 0.232768 0.657086
vt 0.950708 0.669603
vt 0.230985 0.728956
vt 0.239479 0.726349
vt 0.276893 0.803276
vt 0.245197 0.631085
s 1
usemtl Material.010
f 2188/1430/2298 2171/1431/2298 2161/1432/2298
f 2171/1431/2298 2188/1430/2298 2187/1433/2298
f 2182/1434/2298 2190/1435/2298 2183/1436/2298
f 2177/1437/2299 2168/1438/2299 2193/1439/2299
f 2169/1440/2300 2196/1441/2300 2166/1442/2300
f 2196/1441/2301 2169/1440/2301 2195/1443/2301
f 2176/1444/2302 2197/1445/2302 2198/1446/2302
f 2183/1447/2303 2163/1448/2303 2231/1449/2303 2230/1450/2303
f 2199/1451/2304 2191/1452/2304 2228/1453/2304 2223/1454/2304
f 2191/1455/2305 2199/1456/2305 2164/1457/2305
f 2160/1458/2306 2200/1459/2306 2206/1460/2306 2207/1461/2306
f 2200/1459/2307 2175/1462/2307 2246/1463/2307 2206/1460/2307
f 2191/1452/2308 2164/1464/2308 2220/1465/2308 2228/1453/2308
f 2182/1466/2309 2183/1447/2309 2230/1450/2309 2247/1467/2309
f 2175/1468/2310 2160/1469/2310 2178/1470/2310
f 2167/1471/2311 2190/1472/2311 2229/1473/2311 2213/1474/2311
f 2189/1475/2312 2188/1476/2312 2241/1477/2312 2233/1478/2312
f 2164/1464/2313 2198/1479/2313 2227/1480/2313 2220/1465/2313
f 2189/1481/2314 2202/1482/2314 2165/1483/2314
f 2202/1482/2315 2162/1484/2315 2173/1485/2315
f 2204/1486/2316 2167/1471/2316 2213/1474/2316 2248/1487/2316
f 2198/1479/2317 2197/1488/2317 2226/1489/2317 2227/1480/2317
f 2166/1490/2318 2196/1491/2318 2225/1492/2318 2210/1493/2318
f 2202/1494/2319 2173/1495/2319 2221/1496/2319 2245/1497/2319
f 2170/1498/2320 2174/1499/2320 2217/1500/2320 2216/1501/2320
f 2203/1502/2321 2185/1503/2321 2204/1504/2321
f 2197/1488/2322 2176/1505/2322 2224/1506/2322 2226/1489/2322
f 2204/1504/2323 2181/1507/2323 2186/1508/2323
f 2167/1509/2324 2204/1504/2324 2186/1508/2324
f 2160/1469/2325 2175/1468/2325 2200/1510/2325
f 2201/1511/2326 2166/1490/2326 2210/1493/2326 2244/1512/2326
f 2165/1483/2327 2184/1513/2327 2189/1481/2327
f 2165/1483/2328 2174/1514/2328 2184/1513/2328
f 2184/1513/2329 2174/1514/2329 2163/1515/2329
f 2205/1516/2330 2173/1485/2330 2162/1484/2330
f 2161/1432/2298 2180/1517/2298 2188/1430/2298
f 2196/1491/2331 2195/1518/2331 2243/1519/2331 2225/1492/2331
f 2167/1509/2332 2186/1508/2332 2190/1435/2332
f 2187/1433/2298 2188/1430/2298 2189/1481/2298
f 2183/1436/2298 2190/1435/2298 2181/1507/2298
f 2171/1431/2298 2183/1436/2298 2181/1507/2298
f 2185/1520/2333 2172/1521/2333 2238/1522/2333 2240/1523/2333
f 2184/1513/2298 2163/1515/2298 2183/1436/2298
f 2161/1524/2334 2185/1520/2334 2240/1523/2334 2239/1525/2334
f 2203/1526/2335 2204/1486/2335 2248/1487/2335 2219/1527/2335
f 2170/1528/2336 2192/1529/2336 2169/1440/2336
f 2195/1443/2337 2169/1440/2337 2192/1529/2337
f 2165/1530/2338 2202/1494/2338 2245/1497/2338 2242/1531/2338
f 2180/1532/2339 2161/1524/2339 2239/1525/2339 2237/1533/2339
f 2193/1439/2340 2194/1534/2340 2177/1437/2340
f 2168/1438/2341 2177/1437/2341 2194/1534/2341
f 2168/1535/2342 2194/1536/2342 2211/1537/2342 2215/1538/2342
f 2176/1444/2343 2198/1446/2343 2164/1457/2343 2199/1456/2343
f 2172/1521/2344 2203/1526/2344 2219/1527/2344 2238/1522/2344
f 2188/1476/2345 2180/1532/2345 2237/1533/2345 2241/1477/2345
f 2173/1495/2346 2205/1539/2346 2236/1540/2346 2221/1496/2346
f 2175/1462/2347 2178/1541/2347 2212/1542/2347 2246/1463/2347
f 2193/1543/2348 2168/1535/2348 2215/1538/2348 2214/1544/2348
f 2169/1440/2349 2166/1442/2349 2201/1545/2349 2179/1546/2349
f 2163/1515/2350 2174/1514/2350 2179/1546/2350
f 2169/1440/2351 2179/1546/2351 2170/1528/2351
f 2170/1528/2352 2179/1546/2352 2174/1514/2352
f 2194/1536/2353 2193/1543/2353 2214/1544/2353 2211/1537/2353
f 2162/1484/2354 2202/1482/2354 2189/1481/2354
f 2176/1505/2355 2199/1451/2355 2223/1454/2355 2224/1506/2355
f 2205/1539/2356 2162/1547/2356 2234/1548/2356 2236/1540/2356
f 2195/1518/2357 2192/1549/2357 2222/1550/2357 2243/1519/2357
f 2204/1504/2358 2185/1503/2358 2181/1507/2358
f 2162/1547/2359 2189/1475/2359 2233/1478/2359 2234/1548/2359
f 2174/1499/2360 2165/1530/2360 2242/1531/2360 2217/1500/2360
f 2192/1549/2361 2170/1498/2361 2216/1501/2361 2222/1550/2361
f 2178/1541/2362 2160/1458/2362 2207/1461/2362 2212/1542/2362
f 2179/1551/2363 2201/1511/2363 2244/1512/2363 2232/1552/2363
f 2163/1448/2364 2179/1551/2364 2232/1552/2364 2231/1449/2364
f 2190/1472/2365 2182/1466/2365 2247/1467/2365 2229/1473/2365
f 2203/1502/2366 2172/1553/2366 2185/1503/2366
f 2185/1503/2298 2161/1432/2298 2181/1507/2298
f 2181/1507/2298 2190/1435/2298 2186/1508/2298
f 2187/1433/2298 2183/1436/2298 2171/1431/2298
f 2184/1513/2298 2183/1436/2298 2187/1433/2298
f 2189/1481/2298 2184/1513/2298 2187/1433/2298
f 2181/1507/2298 2161/1432/2298 2171/1431/2298
f 2211/1537/2367 2225/1492/2367 2215/1538/2367
f 2212/1542/2368 2214/1544/2368 2213/1474/2368
f 2212/1542/2369 2211/1537/2369 2214/1544/2369
f 2207/1461/2370 2211/1537/2370 2212/1542/2370
f 2225/1492/2371 2243/1519/2371 2215/1538/2371
f 2221/1496/2372 2226/1489/2372 2222/1550/2372
f 2209/1554/2373 2226/1489/2373 2221/1496/2373
f 2227/1480/2374 2226/1489/2374 2208/1555/2374
f 2218/1556/2375 2228/1453/2375 2219/1527/2375
f 2214/1544/2376 2218/1556/2376 2213/1474/2376
f 2246/1463/2377 2212/1542/2377 2229/1473/2377
f 2229/1473/2378 2212/1542/2378 2213/1474/2378
f 2210/1493/2379 2206/1460/2379 2244/1512/2379
f 2206/1460/2380 2211/1537/2380 2207/1461/2380
f 2206/1460/2381 2210/1493/2381 2211/1537/2381
f 2208/1555/2382 2235/1557/2382 2227/1480/2382
f 2235/1557/2383 2208/1555/2383 2236/1540/2383
f 2227/1480/2384 2235/1557/2384 2238/1522/2384
f 2220/1465/2385 2238/1522/2385 2219/1527/2385
f 2227/1480/2386 2238/1522/2386 2220/1465/2386
f 2224/1506/2387 2243/1519/2387 2222/1550/2387 2226/1489/2387
f 2247/1467/2388 2246/1463/2388 2229/1473/2388
f 2240/1523/2389 2238/1522/2389 2239/1525/2389
f 2234/1548/2390 2233/1478/2390 2241/1477/2390
f 2219/1527/2391 2228/1453/2391 2220/1465/2391
f 2242/1531/2392 2222/1550/2392 2216/1501/2392
f 2211/1537/2393 2210/1493/2393 2225/1492/2393
f 2224/1506/2394 2223/1454/2394 2215/1538/2394
f 2215/1538/2395 2243/1519/2395 2224/1506/2395
f 2209/1554/2396 2208/1555/2396 2226/1489/2396
f 2228/1453/2397 2214/1544/2397 2215/1538/2397 2223/1454/2397
f 2206/1460/2398 2247/1467/2398 2230/1450/2398 2244/1512/2398
f 2228/1453/2399 2218/1556/2399 2214/1544/2399
f 2230/1450/2400 2231/1449/2400 2232/1552/2400 2244/1512/2400
f 2245/1497/2401 2221/1496/2401 2222/1550/2401 2242/1531/2401
f 2237/1533/2402 2239/1525/2402 2238/1522/2402 2235/1557/2402
f 2236/1540/2403 2208/1555/2403 2209/1554/2403
f 2237/1533/2404 2235/1557/2404 2236/1540/2404
f 2218/1556/2405 2248/1487/2405 2213/1474/2405
f 2219/1527/2406 2248/1487/2406 2218/1556/2406
f 2247/1467/2407 2206/1460/2407 2246/1463/2407
f 2216/1501/2408 2217/1500/2408 2242/1531/2408
f 2241/1477/2409 2236/1540/2409 2234/1548/2409
f 2209/1554/2410 2221/1496/2410 2236/1540/2410
f 2236/1540/2411 2241/1477/2411 2237/1533/2411
o Stone_average_01_mossy.004
v 2.735728 0.141821 -3.034533
v 2.721214 0.080409 -2.750250
v 2.541264 0.092195 -2.867491
v 2.595536 0.080409 -3.076324
v 2.705156 0.171494 -2.764550
v 2.540154 0.128124 -2.980409
v 2.653029 0.159767 -3.078911
v 2.828107 0.108910 -2.902610
v 2.717003 0.226323 -2.933903
v 2.595429 0.175671 -3.040683
v 2.566387 0.148702 -3.029659
v 2.712766 0.080409 -2.906189
v 2.690728 0.129997 -2.731669
v 2.551408 0.141000 -2.860730
v 2.561853 0.100547 -3.042454
v 2.740183 0.103045 -3.042948
v 2.671523 0.219470 -2.902749
v 2.746275 0.205294 -2.945009
v 2.803305 0.135970 -2.939986
v 2.593174 0.124115 -3.080272
v 2.647238 0.080409 -2.734204
v 2.814350 0.080409 -2.813090
v 2.701144 0.080409 -3.074193
v 2.630614 0.080409 -3.089582
v 2.556057 0.080409 -3.015952
v 2.788426 0.080409 -2.778650
v 2.832035 0.080409 -2.881776
v 2.602736 0.080409 -2.916858
v 2.567265 0.080409 -2.815275
v 2.533682 0.080409 -2.925565
v 2.794187 0.080409 -2.976070
v 2.762154 0.194400 -2.825883
v 2.564954 0.178479 -2.949219
v 2.786917 0.189249 -2.900414
v 2.717543 0.175762 -3.029238
v 2.645526 0.218873 -2.977406
v 2.656060 0.191414 -3.045756
v 2.576228 0.175802 -2.876476
v 2.669776 0.154546 -2.742029
v 2.723640 0.221933 -2.879019
v 2.675128 0.122540 -3.089662
v 2.625476 0.123527 -3.093996
v 2.535683 0.122886 -2.922198
v 2.786242 0.151799 -2.799826
v 2.822011 0.124349 -2.843635
v 2.595377 0.102913 -2.764578
v 2.675817 0.122868 -3.091724
v 2.737162 0.142800 -3.035883
v 2.624336 0.147235 -2.749551
v 2.583862 0.148115 -2.800415
v 2.653728 0.160851 -3.080692
v 2.718687 0.177123 -3.030532
v 2.805121 0.136800 -2.940907
v 2.830092 0.109704 -2.903126
v 2.788478 0.190779 -2.900653
v 2.717264 0.228503 -2.934021
v 2.564442 0.149418 -3.030396
v 2.559880 0.100965 -3.043330
v 2.802607 0.173208 -2.860866
v 2.787600 0.153089 -2.798674
v 2.706046 0.172626 -2.762887
v 2.549668 0.142231 -2.860189
v 2.563385 0.180018 -2.949142
v 2.724353 0.224007 -2.878861
v 2.671027 0.221605 -2.902569
v 2.656728 0.193127 -3.046962
v 2.574870 0.177474 -2.876032
v 2.669702 0.155834 -2.740248
v 2.763398 0.196031 -2.825093
v 2.795977 0.080778 -2.977292
v 2.630413 0.080074 -3.091746
v 2.594722 0.080143 -3.078349
v 2.592360 0.123850 -3.082298
v 2.532055 0.079014 -2.925069
v 2.539560 0.090924 -2.866929
v 2.651583 0.115071 -2.724959
v 2.593801 0.102608 -2.763076
v 2.646718 0.079881 -2.732134
v 2.691224 0.130398 -2.729564
v 2.721945 0.080092 -2.748200
v 2.789277 0.080177 -2.776635
v 2.565341 0.080246 -2.814221
v 2.538228 0.129113 -2.980793
v 2.645262 0.221040 -2.977677
v 2.625301 0.123450 -3.096186
v 2.533752 0.123936 -2.922129
v 2.741745 0.102719 -3.044461
v 2.702232 0.080292 -3.076101
v 2.823950 0.125333 -2.843304
vn -0.0000 -1.0000 -0.0000
vn 0.5273 0.8300 -0.1819
vn -0.2403 0.7131 -0.6587
vn -0.2617 0.8809 -0.3943
vn -0.3074 0.8835 0.3535
vn 0.0480 -0.9903 0.1301
vn -0.7313 0.2210 0.6453
vn 0.0794 0.9074 0.4127
vn 0.3910 -0.9142 -0.1067
vn 0.2023 0.9710 0.1277
vn -0.6133 0.7336 -0.2927
vn -0.0215 -0.9942 0.1055
vn 0.8010 0.2134 -0.5593
vn 0.3664 -0.9117 0.1858
vn 0.3610 -0.9267 -0.1040
vn -0.5769 0.7263 -0.3737
vn -0.9960 0.0526 -0.0718
vn -0.9652 0.1735 0.1958
vn 0.4079 -0.8722 0.2701
vn 0.6872 0.6186 -0.3808
vn -0.9455 0.2738 -0.1764
vn -0.4496 -0.8189 0.3569
vn 0.4213 0.1961 -0.8855
vn 0.8151 0.1875 0.5481
vn 0.2756 -0.0231 0.9610
vn 0.9684 0.0045 0.2493
vn 0.9828 0.1760 0.0555
vn 0.6124 0.2342 -0.7551
vn -0.8040 0.5929 0.0440
vn -0.9607 -0.1430 -0.2378
vn -0.9523 -0.1036 -0.2870
vn -0.7547 -0.4322 -0.4935
vn -0.8837 0.1211 0.4521
vn -0.9844 0.0369 -0.1722
vn 0.9185 -0.1429 -0.3687
vn 0.3848 0.9085 -0.1632
vn -0.0480 -0.9922 -0.1152
vn 0.2204 -0.7365 0.6395
vn -0.7082 0.6579 -0.2562
vn -0.4923 0.8494 -0.1901
vn -0.4570 -0.8822 -0.1136
vn -0.0413 -0.9792 -0.1985
vn 0.7015 0.5631 -0.4367
vn 0.4167 0.8041 -0.4241
vn 0.9373 -0.3036 0.1709
vn -0.2064 0.9077 0.3653
vn 0.3820 -0.8910 0.2452
vn 0.1216 -0.9850 -0.1224
vn -0.3732 -0.9071 -0.1946
vn -0.2537 0.9549 -0.1544
vn 0.3087 -0.2403 -0.9203
vn -0.3267 0.5770 -0.7485
vn -0.7347 -0.1003 -0.6710
vn -0.6613 0.4748 -0.5807
vn -0.8142 0.2195 -0.5375
vn -0.6311 0.7298 0.2629
vn -0.9918 0.0371 0.1220
vn -0.4077 -0.0522 0.9116
vn -0.3796 0.9198 0.0993
vn -0.2468 -0.1720 -0.9537
vn 0.7696 0.2685 0.5793
vn -0.6373 0.7671 -0.0737
vn -0.4001 -0.8804 0.2546
vn 0.5550 0.7821 -0.2835
vn 0.3108 -0.9086 -0.2791
vn -0.0174 0.9969 -0.0768
vn -0.9271 -0.0163 0.3744
vn 0.0445 -0.9982 -0.0397
vn 0.5217 0.2572 0.8134
vn 0.3321 0.8346 -0.4394
vn 0.8592 0.4485 -0.2462
vn 0.7117 0.5476 -0.4400
vn 0.7314 0.4706 -0.4936
vn 0.1185 0.9277 -0.3541
vn -0.7735 0.6174 0.1430
vn -0.6905 0.6428 0.3317
vn -0.2385 0.9193 0.3130
vn 0.6951 0.6179 0.3676
vn 0.8827 0.4565 -0.1118
vn 0.7923 0.2361 -0.5626
vn 0.8722 0.1583 -0.4629
vn 0.0869 0.3242 -0.9420
vn 0.5397 0.4055 -0.7377
vn 0.4564 0.4825 -0.7476
vn -0.2595 0.4382 0.8606
vn -0.5662 0.1413 0.8121
vn -0.0324 0.3636 0.9310
vn 0.4470 0.4522 0.7718
vn 0.2469 0.5454 0.8010
vn -0.4001 0.9095 0.1127
vn 0.6937 -0.2957 -0.6567
vn 0.3871 -0.1031 0.9163
vn -0.7299 -0.6450 0.2263
vn 0.4326 0.6366 0.6384
vn -0.8171 0.5359 -0.2125
vn 0.3472 0.6620 -0.6643
vn -0.0855 0.9921 0.0919
vn -0.1241 0.9917 0.0351
vn -0.4466 0.8149 0.3695
vn 0.4753 0.8777 0.0603
vn 0.1594 -0.1686 -0.9727
vn 0.5910 0.7943 0.1409
vn -0.3675 -0.1204 -0.9222
vn -0.8775 0.4786 0.0312
vn 0.2021 -0.2265 0.9528
vn -0.7373 0.3250 0.5923
vn -0.5333 -0.0976 0.8403
vn 0.9148 0.4036 -0.0115
vn 0.8009 0.4856 0.3503
vn 0.5963 0.0767 -0.7991
vn -0.8980 0.1904 -0.3966
vn -0.8868 0.0933 0.4527
vn -0.8589 0.1995 0.4717
vn -0.5828 -0.5739 0.5753
vt 0.927341 0.515579
vt 0.954879 0.515579
vt 0.956478 0.515579
vt 0.934054 0.515579
vt 0.952680 0.515578
vt 0.970289 0.515579
vt 0.939331 0.515578
vt 0.961221 0.903481
vt 0.955681 0.968797
vt 0.968913 0.853643
vt 0.932672 0.811468
vt 0.944147 0.860368
vt 0.943573 0.762071
vt 0.942153 0.945658
vt 0.947073 0.947511
vt 0.929037 0.811876
vt 0.946743 0.745855
vt 0.240797 0.528424
vt 0.233435 0.528424
vt 0.233264 0.527638
vt 0.240754 0.527434
vt 0.260320 0.947590
vt 0.268403 0.866041
vt 0.268664 0.870873
vt 0.260470 0.953733
vt 0.964226 0.869641
vt 0.956937 0.955161
vt 0.953439 0.798496
vt 0.262857 0.710315
vt 0.250139 0.653208
vt 0.250283 0.654179
vt 0.263158 0.713214
vt 0.263792 0.595468
vt 0.264120 0.594501
vt 0.256441 0.798201
vt 0.256628 0.801553
vt 0.255599 0.528424
vt 0.255827 0.528077
vt 0.960068 0.585889
vt 0.959225 0.706329
vt 0.972015 0.688155
vt 0.282245 0.612839
vt 0.275126 0.528424
vt 0.275501 0.529518
vt 0.282661 0.615189
vt 0.220453 0.528424
vt 0.227501 0.528424
vt 0.227098 0.527941
vt 0.220112 0.524294
vt 0.249015 0.748004
vt 0.249000 0.751819
vt 0.920985 0.515579
vt 0.921364 0.647516
vt 0.922210 0.663787
vt 0.922420 0.552189
vt 0.924340 0.703779
vt 0.280965 0.658566
vt 0.281372 0.661479
vt 0.229383 0.810960
vt 0.229098 0.815911
vt 0.245501 0.763468
vt 0.246137 0.857199
vt 0.246277 0.862274
vt 0.245648 0.766677
vt 0.220873 0.654234
vt 0.224174 0.707883
vt 0.223809 0.711529
vt 0.220468 0.657344
vt 0.227317 0.730695
vt 0.226366 0.588069
vt 0.225952 0.589308
vt 0.226909 0.732815
vt 0.968786 0.737322
vt 0.969199 0.515579
vt 0.975555 0.652058
vt 0.249382 0.940295
vt 0.249278 0.946618
vt 0.974105 0.515579
vt 0.977452 0.515579
vt 0.976709 0.604105
vt 0.947756 0.646440
vt 0.239718 0.656132
vt 0.239682 0.655904
vt 0.925220 0.515578
vt 0.926317 0.578129
vt 0.932692 0.515578
vt 0.932662 0.585479
vt 0.942477 0.515579
vt 0.243926 0.938528
vt 0.243871 0.944944
vt 0.273917 0.528424
vt 0.253413 0.675295
vt 0.253517 0.676483
vt 0.274095 0.527738
vt 0.259811 0.528424
vt 0.259964 0.527484
vt 0.273458 0.739868
vt 0.273743 0.743688
vt 0.927175 0.727702
vt 0.926904 0.820192
vt 0.221812 0.669748
vt 0.221407 0.672677
vt 0.244286 0.528424
vt 0.244176 0.526863
vt 0.955783 0.811751
vt 0.258927 0.960592
vt 0.259040 0.810839
vt 0.259280 0.814870
vt 0.258982 0.967050
vt 0.233401 0.595078
vt 0.233071 0.594174
vt 0.277039 0.692984
vt 0.277420 0.695443
vt 0.273600 0.850787
vt 0.273928 0.855319
vt 0.938358 0.649507
vt 0.932245 0.651332
vt 0.222045 0.563333
vt 0.221687 0.559567
vt 0.227017 0.818889
vt 0.226687 0.823446
vt 0.232939 0.657872
vt 0.232768 0.657086
vt 0.950708 0.669603
vt 0.230985 0.728956
vt 0.239479 0.726349
vt 0.276893 0.803276
vt 0.245197 0.631085
s 1
usemtl Material.010
f 2277/1558/2412 2260/1559/2412 2250/1560/2412
f 2260/1559/2412 2277/1558/2412 2276/1561/2412
f 2271/1562/2412 2279/1563/2412 2272/1564/2412
f 2266/1565/2413 2257/1566/2413 2282/1567/2413
f 2258/1568/2414 2285/1569/2414 2255/1570/2414
f 2285/1569/2415 2258/1568/2415 2284/1571/2415
f 2265/1572/2416 2286/1573/2416 2287/1574/2416
f 2272/1575/2417 2252/1576/2417 2320/1577/2417 2319/1578/2417
f 2288/1579/2418 2280/1580/2418 2317/1581/2418 2312/1582/2418
f 2280/1583/2419 2288/1584/2419 2253/1585/2419
f 2249/1586/2420 2289/1587/2420 2295/1588/2420 2296/1589/2420
f 2289/1587/2421 2264/1590/2421 2335/1591/2421 2295/1588/2421
f 2280/1580/2422 2253/1592/2422 2309/1593/2422 2317/1581/2422
f 2271/1594/2423 2272/1575/2423 2319/1578/2423 2336/1595/2423
f 2264/1596/2424 2249/1597/2424 2267/1598/2424
f 2256/1599/2425 2279/1600/2425 2318/1601/2425 2302/1602/2425
f 2278/1603/2426 2277/1604/2426 2330/1605/2426 2322/1606/2426
f 2253/1592/2427 2287/1607/2427 2316/1608/2427 2309/1593/2427
f 2278/1609/2428 2291/1610/2428 2254/1611/2428
f 2291/1610/2429 2251/1612/2429 2262/1613/2429
f 2293/1614/2430 2256/1599/2430 2302/1602/2430 2337/1615/2430
f 2287/1607/2431 2286/1616/2431 2315/1617/2431 2316/1608/2431
f 2255/1618/2432 2285/1619/2432 2314/1620/2432 2299/1621/2432
f 2291/1622/2433 2262/1623/2433 2310/1624/2433 2334/1625/2433
f 2259/1626/2434 2263/1627/2434 2306/1628/2434 2305/1629/2434
f 2292/1630/2435 2274/1631/2435 2293/1632/2435
f 2286/1616/2436 2265/1633/2436 2313/1634/2436 2315/1617/2436
f 2293/1632/2437 2270/1635/2437 2275/1636/2437
f 2256/1637/2438 2293/1632/2438 2275/1636/2438
f 2249/1597/2439 2264/1596/2439 2289/1638/2439
f 2290/1639/2440 2255/1618/2440 2299/1621/2440 2333/1640/2440
f 2254/1611/2441 2273/1641/2441 2278/1609/2441
f 2254/1611/2442 2263/1642/2442 2273/1641/2442
f 2273/1641/2443 2263/1642/2443 2252/1643/2443
f 2294/1644/2444 2262/1613/2444 2251/1612/2444
f 2250/1560/2412 2269/1645/2412 2277/1558/2412
f 2285/1619/2445 2284/1646/2445 2332/1647/2445 2314/1620/2445
f 2256/1637/2446 2275/1636/2446 2279/1563/2446
f 2276/1561/2412 2277/1558/2412 2278/1609/2412
f 2272/1564/2412 2279/1563/2412 2270/1635/2412
f 2260/1559/2412 2272/1564/2412 2270/1635/2412
f 2274/1648/2447 2261/1649/2447 2327/1650/2447 2329/1651/2447
f 2273/1641/2412 2252/1643/2412 2272/1564/2412
f 2250/1652/2448 2274/1648/2448 2329/1651/2448 2328/1653/2448
f 2292/1654/2449 2293/1614/2449 2337/1615/2449 2308/1655/2449
f 2259/1656/2450 2281/1657/2450 2258/1568/2450
f 2284/1571/2451 2258/1568/2451 2281/1657/2451
f 2254/1658/2452 2291/1622/2452 2334/1625/2452 2331/1659/2452
f 2269/1660/2453 2250/1652/2453 2328/1653/2453 2326/1661/2453
f 2282/1567/2454 2283/1662/2454 2266/1565/2454
f 2257/1566/2455 2266/1565/2455 2283/1662/2455
f 2257/1663/2456 2283/1664/2456 2300/1665/2456 2304/1666/2456
f 2265/1572/2457 2287/1574/2457 2253/1585/2457 2288/1584/2457
f 2261/1649/2458 2292/1654/2458 2308/1655/2458 2327/1650/2458
f 2277/1604/2459 2269/1660/2459 2326/1661/2459 2330/1605/2459
f 2262/1623/2460 2294/1667/2460 2325/1668/2460 2310/1624/2460
f 2264/1590/2461 2267/1669/2461 2301/1670/2461 2335/1591/2461
f 2282/1671/2462 2257/1663/2462 2304/1666/2462 2303/1672/2462
f 2258/1568/2463 2255/1570/2463 2290/1673/2463 2268/1674/2463
f 2252/1643/2464 2263/1642/2464 2268/1674/2464
f 2258/1568/2465 2268/1674/2465 2259/1656/2465
f 2259/1656/2466 2268/1674/2466 2263/1642/2466
f 2283/1664/2467 2282/1671/2467 2303/1672/2467 2300/1665/2467
f 2251/1612/2468 2291/1610/2468 2278/1609/2468
f 2265/1633/2469 2288/1579/2469 2312/1582/2469 2313/1634/2469
f 2294/1667/2470 2251/1675/2470 2323/1676/2470 2325/1668/2470
f 2284/1646/2471 2281/1677/2471 2311/1678/2471 2332/1647/2471
f 2293/1632/2472 2274/1631/2472 2270/1635/2472
f 2251/1675/2473 2278/1603/2473 2322/1606/2473 2323/1676/2473
f 2263/1627/2474 2254/1658/2474 2331/1659/2474 2306/1628/2474
f 2281/1677/2475 2259/1626/2475 2305/1629/2475 2311/1678/2475
f 2267/1669/2476 2249/1586/2476 2296/1589/2476 2301/1670/2476
f 2268/1679/2477 2290/1639/2477 2333/1640/2477 2321/1680/2477
f 2252/1576/2478 2268/1679/2478 2321/1680/2478 2320/1577/2478
f 2279/1600/2479 2271/1594/2479 2336/1595/2479 2318/1601/2479
f 2292/1630/2480 2261/1681/2480 2274/1631/2480
f 2274/1631/2412 2250/1560/2412 2270/1635/2412
f 2270/1635/2412 2279/1563/2412 2275/1636/2412
f 2276/1561/2412 2272/1564/2412 2260/1559/2412
f 2273/1641/2412 2272/1564/2412 2276/1561/2412
f 2278/1609/2412 2273/1641/2412 2276/1561/2412
f 2270/1635/2412 2250/1560/2412 2260/1559/2412
f 2300/1665/2481 2314/1620/2481 2304/1666/2481
f 2301/1670/2482 2303/1672/2482 2302/1602/2482
f 2301/1670/2483 2300/1665/2483 2303/1672/2483
f 2296/1589/2484 2300/1665/2484 2301/1670/2484
f 2314/1620/2485 2332/1647/2485 2304/1666/2485
f 2310/1624/2486 2315/1617/2486 2311/1678/2486
f 2298/1682/2487 2315/1617/2487 2310/1624/2487
f 2316/1608/2488 2315/1617/2488 2297/1683/2488
f 2307/1684/2489 2317/1581/2489 2308/1655/2489
f 2303/1672/2490 2307/1684/2490 2302/1602/2490
f 2335/1591/2491 2301/1670/2491 2318/1601/2491
f 2318/1601/2492 2301/1670/2492 2302/1602/2492
f 2299/1621/2493 2295/1588/2493 2333/1640/2493
f 2295/1588/2494 2300/1665/2494 2296/1589/2494
f 2295/1588/2495 2299/1621/2495 2300/1665/2495
f 2297/1683/2496 2324/1685/2496 2316/1608/2496
f 2324/1685/2497 2297/1683/2497 2325/1668/2497
f 2316/1608/2498 2324/1685/2498 2327/1650/2498
f 2309/1593/2499 2327/1650/2499 2308/1655/2499
f 2316/1608/2500 2327/1650/2500 2309/1593/2500
f 2313/1634/2501 2332/1647/2501 2311/1678/2501 2315/1617/2501
f 2336/1595/2502 2335/1591/2502 2318/1601/2502
f 2329/1651/2503 2327/1650/2503 2328/1653/2503
f 2323/1676/2504 2322/1606/2504 2330/1605/2504
f 2308/1655/2505 2317/1581/2505 2309/1593/2505
f 2331/1659/2506 2311/1678/2506 2305/1629/2506
f 2300/1665/2507 2299/1621/2507 2314/1620/2507
f 2313/1634/2508 2312/1582/2508 2304/1666/2508
f 2304/1666/2509 2332/1647/2509 2313/1634/2509
f 2298/1682/2510 2297/1683/2510 2315/1617/2510
f 2317/1581/2511 2303/1672/2511 2304/1666/2511 2312/1582/2511
f 2295/1588/2512 2336/1595/2512 2319/1578/2512 2333/1640/2512
f 2317/1581/2513 2307/1684/2513 2303/1672/2513
f 2319/1578/2514 2320/1577/2514 2321/1680/2514 2333/1640/2514
f 2334/1625/2515 2310/1624/2515 2311/1678/2515 2331/1659/2515
f 2326/1661/2516 2328/1653/2516 2327/1650/2516 2324/1685/2516
f 2325/1668/2517 2297/1683/2517 2298/1682/2517
f 2326/1661/2518 2324/1685/2518 2325/1668/2518
f 2307/1684/2519 2337/1615/2519 2302/1602/2519
f 2308/1655/2520 2337/1615/2520 2307/1684/2520
f 2336/1595/2521 2295/1588/2521 2335/1591/2521
f 2305/1629/2522 2306/1628/2522 2331/1659/2522
f 2330/1605/2523 2325/1668/2523 2323/1676/2523
f 2298/1682/2524 2310/1624/2524 2325/1668/2524
f 2325/1668/2525 2330/1605/2525 2326/1661/2525
